seed,y,rf_prob,lr_prob,max_sim
1,1,0.859,0.7965384762252102,0.2708333333333333
1,1,0.7665,0.5433254097410268,0.3389830508474576
1,1,0.87,0.8198081614691012,0.28
1,1,0.8907999999999999,0.8746845646057027,0.2463768115942029
1,1,0.9421666666666667,0.8763340546828882,0.45098039215686275
1,1,0.9374,0.8069132731322483,0.5142857142857142
1,1,0.5906666666666667,0.8437487516277611,0.6833333333333333
1,1,0.728,0.8417708522505393,0.72
1,1,0.6466666666666666,0.8370020554376442,0.559322033898305
1,1,0.9368,0.7224994555619513,0.625
1,0,0.456,0.49355892867534373,0.5
1,0,0.3397428571428572,0.683633354820845,0.3333333333333333
1,0,0.33997619047619043,0.6842432584025474,0.38235294117647056
1,0,0.028,0.20399082092320955,0.6666666666666666
1,1,0.658,0.5999502354544233,0.5294117647058824
1,0,0.054,0.2256489316835858,0.5
1,1,0.9027999999999999,0.3764651214928409,0.6949152542372882
1,1,0.9374666666666667,0.7129805323505122,0.6166666666666667
1,1,0.9348,0.7593837703612628,0.6607142857142857
1,1,0.9023,0.7035250553325357,0.6610169491525424
1,1,0.8907999999999999,0.5776103250869189,0.6491228070175439
1,1,0.8837380952380953,0.7277617520508005,0.41379310344827586
1,1,0.8106666666666666,0.8056763663838885,0.6086956521739131
1,1,0.8554666666666667,0.44440306722423206,0.671875
1,1,0.8114666666666667,0.39047642941506655,0.6417910447761194
1,1,0.8413333333333333,0.8832795899071105,0.3392857142857143
1,1,0.842,0.8999967793331278,0.4
1,1,0.9,0.6733380778804205,0.609375
1,1,0.9708888888888889,0.8852788292932767,0.54
1,0,0.427,0.4879046791121968,0.36507936507936506
1,1,0.7351666666666667,0.6857549301320663,0.2765957446808511
1,1,0.951,0.8175295711103033,0.6415094339622641
1,1,0.5868,0.6689846331158642,0.29850746268656714
1,0,0.1854,0.6110935559882561,0.6607142857142857
1,1,0.8305666666666666,0.649483426604118,0.265625
1,1,0.6471999999999999,0.8290219261275602,0.2857142857142857
1,1,0.93,0.8764154044529062,0.3469387755102041
1,1,0.914,0.6894767394434423,0.6896551724137931
1,0,0.6877333333333332,0.7809272982428355,0.31343283582089554
1,1,0.9445333333333334,0.7412622285003506,0.7222222222222222
1,1,0.8166666666666667,0.5488651258641782,0.4588235294117647
1,1,0.8166666666666667,0.5488651258641782,0.4588235294117647
1,1,0.7943333333333332,0.7240474584259852,0.4523809523809524
1,1,0.725,0.7277106141433534,0.5714285714285714
1,1,0.8887999999999999,0.848302864683316,0.4117647058823529
1,0,0.35581666666666667,0.6657960518743504,0.6071428571428571
1,1,0.7555,0.7265956173344912,0.25925925925925924
1,1,0.908,0.6183741411799806,0.5535714285714286
1,1,0.916,0.7994779685113218,0.5614035087719298
1,1,0.8383333333333333,0.5710225757642968,0.32558139534883723
1,1,0.948,0.647147896442463,0.5
1,1,0.882,0.8460151515709092,0.34210526315789475
1,1,0.856,0.8272958144436169,0.30952380952380953
1,1,0.882,0.532268693981933,0.4473684210526316
1,1,0.85,0.6548635272340539,0.35
1,1,0.8405999999999999,0.7563479948186256,0.43859649122807015
1,1,0.9540666666666666,0.7845943793913563,0.3684210526315789
1,1,0.725,0.5815650114602755,0.4810126582278481
1,1,0.81475,0.5963557299951057,0.5714285714285714
1,0,0.086,0.009208858887040344,0.5585585585585585
1,1,0.5730333333333333,0.2539201829517569,0.3888888888888889
1,0,0.5387000000000001,0.0988889289393002,0.7530864197530864
1,0,0.7340380952380954,0.5417622136388349,0.16666666666666666
1,1,0.738111111111111,0.5972555486659281,0.5441176470588235
1,1,1.0,0.7421922476367251,0.6792452830188679
1,1,0.9436333333333332,0.6855366429707508,0.639344262295082
1,1,0.998,0.867227509208249,0.6
1,1,1.0,0.7421922476367251,0.6792452830188679
1,1,0.9602333333333334,0.795407414587003,0.5441176470588235
1,1,0.984,0.7390009503716797,0.7333333333333333
1,1,0.9326333333333332,0.8341678751934817,0.578125
1,1,0.9906666666666667,0.863301100120729,0.6610169491525424
1,1,0.996,0.7356951556120835,0.7547169811320755
1,1,0.9538333333333334,0.8035171160230314,0.6125
1,1,0.9906666666666667,0.863301100120729,0.6610169491525424
1,1,0.944,0.8669454848148221,0.48484848484848486
1,1,0.9626333333333332,0.6818919783139146,0.7818181818181819
1,1,0.9436333333333332,0.6855366429707508,0.639344262295082
1,1,0.9036190476190477,0.6966583776014066,0.5245901639344263
1,1,0.6765,0.6655312274304764,0.208955223880597
1,1,0.9108333333333334,0.7938241947849207,0.5853658536585366
1,0,0.7536666666666666,0.4270940608984155,0.5535714285714286
1,0,0.242,0.00016435873300077667,0.3146067415730337
1,1,0.234,6.0595590268395114e-05,0.35802469135802467
1,0,0.315,0.0003786256603487641,0.4375
1,0,0.262,8.150744831536232e-05,0.3684210526315789
1,0,0.244,0.0002991044673258888,0.3411764705882353
1,0,0.3235,0.0003509765154788128,0.4307692307692308
1,0,0.383,0.0062314996118179216,0.2962962962962963
1,0,0.312,0.0008096428510890878,0.4461538461538462
1,0,0.28,8.289271453343675e-05,0.3717948717948718
1,0,0.342,0.001866588493421309,0.4117647058823529
1,1,0.7446333333333333,0.5877089999386294,0.4925373134328358
1,1,0.8213333333333334,0.7029537336677043,0.27586206896551724
1,1,0.6628999999999999,0.6626577021461884,0.3333333333333333
1,0,0.6628999999999999,0.6626577021461884,0.3333333333333333
1,1,0.854,0.7290225880008545,0.6896551724137931
1,1,0.1,0.055231565871765684,0.6506024096385542
1,1,0.8986666666666667,0.7358818703318252,0.5964912280701754
1,1,0.8986666666666667,0.7358818703318252,0.5964912280701754
1,1,0.9565,0.8355592052629371,0.35714285714285715
1,0,0.042,0.03247930666299731,0.7627118644067796
1,1,0.74,0.668259689189548,0.21739130434782608
1,1,0.932,0.6971960821271417,0.32142857142857145
1,1,0.9106666666666667,0.847275791943668,0.4117647058823529
1,1,0.7168,0.5361371530872208,0.3114754098360656
1,1,0.7716666666666666,0.7966284758740074,0.27586206896551724
1,1,0.8111428571428572,0.5699068372132594,0.2857142857142857
1,1,0.8976666666666666,0.6322097960482614,0.4666666666666667
1,1,0.10706666666666666,0.5678717222589906,0.5737704918032787
1,1,0.10706666666666666,0.5678717222589906,0.5737704918032787
1,1,0.10706666666666666,0.5678717222589906,0.5737704918032787
1,1,0.9783999999999999,0.8651573055269111,0.6363636363636364
1,1,0.952,0.872972999047447,0.6086956521739131
1,1,0.916,0.7499588160657361,0.3559322033898305
1,1,0.8894666666666667,0.8338485179387719,0.36923076923076925
1,1,0.852,0.8269312355078068,0.5306122448979592
1,0,0.834,0.7652128646756793,0.3090909090909091
1,1,0.7966666666666667,0.706110160161982,0.6153846153846154
1,1,0.7944,0.7269744892968872,0.53125
1,1,0.7306666666666666,0.7042253956441183,0.4
1,0,0.12966666666666665,0.43677628400644886,0.47540983606557374
1,1,0.5604666666666667,0.6519381025190994,0.5606060606060606
1,1,0.8706666666666666,0.6486536602544091,0.559322033898305
1,1,0.9493333333333334,0.8582303345430434,0.5
1,1,0.892,0.8145118265585016,0.24528301886792453
1,1,0.784,0.8066934674816968,0.20588235294117646
1,0,0.05,0.0015642641516379174,0.6813186813186813
1,0,0.074,0.010139122904841416,0.7469879518072289
1,0,0.121,0.0035393938066571712,0.6506024096385542
1,1,0.7639190476190475,0.8111102809307029,0.24528301886792453
1,0,0.628,0.5681068053490932,0.5666666666666667
1,0,0.017,0.3451069640927107,0.603448275862069
1,1,0.608,0.44714134170105396,0.5625
1,1,0.4644690476190475,0.30570225433659665,0.6153846153846154
1,1,0.886,0.681113473136286,0.49056603773584906
1,1,0.8294666666666667,0.4534225560552013,0.8548387096774194
1,1,0.926,0.8420454011307567,0.37777777777777777
1,1,0.922,0.759148387119307,0.3611111111111111
1,1,0.7463333333333334,0.6942904874049602,0.6538461538461539
1,1,0.808,0.6406347311303371,0.38571428571428573
1,1,0.7476666666666667,0.6351181468538752,0.5774647887323944
1,1,0.85,0.5558586785180307,0.3409090909090909
1,1,0.934,0.7367227842522841,0.5818181818181818
1,0,0.09,0.07833910774120145,0.5806451612903226
1,1,0.026,0.02820627679184778,0.8311688311688312
1,1,0.8120714285714286,0.7736698985347976,0.5692307692307692
1,1,0.915,0.8148279677467563,0.33962264150943394
1,1,0.9292999999999999,0.8013897665140435,0.5409836065573771
1,1,0.956,0.7807949703779754,0.5671641791044776
1,1,0.8686666666666666,0.7590426276252995,0.36363636363636365
1,1,0.7713666666666666,0.34259470645232704,0.34285714285714286
1,0,0.892,0.317659281112542,0.2459016393442623
1,1,0.8911666666666667,0.6705178211917241,0.6808510638297872
1,1,0.948,0.820895584838791,0.5882352941176471
1,1,0.95,0.8248538924060632,0.6346153846153846
1,1,0.9104666666666665,0.7550272898857797,0.48936170212765956
1,0,0.777347619047619,0.6731078030131442,0.453125
1,0,0.694,0.49226635900008453,0.2682926829268293
1,1,0.876,0.7140997120672743,0.5897435897435898
1,1,0.8129666666666667,0.6789192283381376,0.6071428571428571
1,1,0.908,0.8666274760298397,0.6
1,0,0.562,0.030209016481072305,0.4805194805194805
1,1,0.9651666666666666,0.8296738064679087,0.32
1,0,0.37385714285714283,0.04450319051018479,0.47
1,1,0.37385714285714283,0.04450319051018479,0.47
1,0,0.848,0.8231887443938565,0.36585365853658536
1,1,0.85,0.7067533413779472,0.32941176470588235
1,1,0.994,0.8862256896294486,0.65
1,1,0.9313333333333332,0.8535584389925114,0.4418604651162791
1,1,0.942,0.793509945223141,0.4489795918367347
1,1,0.936,0.8860311233354624,0.6
1,1,0.92,0.8261441197174442,0.43478260869565216
1,1,0.99,0.8212248714351628,0.5945945945945946
1,1,0.974,0.8418341116773879,0.5
1,1,0.994,0.8862256896294486,0.65
1,1,0.986,0.8863962988210997,0.5660377358490566
1,0,0.7049,0.7676494219944124,0.21333333333333335
1,1,0.8084,0.5912045955647793,0.18604651162790697
1,0,0.4218333333333334,0.07133132628197664,0.26744186046511625
1,1,0.7585,0.41260584005275003,0.24615384615384617
1,1,0.8063333333333333,0.41028584938659535,0.24615384615384617
1,1,0.774,0.5220315505275557,0.23728813559322035
1,1,0.3738,0.45751093318567015,0.3902439024390244
1,1,0.886,0.7555310648456907,0.7258064516129032
1,1,0.88,0.7334324355518468,0.5576923076923077
1,1,0.4566666666666666,0.848874018132753,0.26744186046511625
1,0,0.3195,0.4138039297770639,0.5818181818181818
1,1,0.466,0.49219630348746196,0.5333333333333333
1,0,0.048,0.010558787097859151,0.7738095238095238
1,1,0.82455,0.7680904908126924,0.7692307692307693
1,1,0.79025,0.8498270082860684,0.4838709677419355
1,1,0.70825,0.8102651120548734,0.42857142857142855
1,1,0.6673499999999999,0.7677468450330307,0.53125
1,1,0.6354999999999998,0.3742365907766233,0.4925373134328358
1,1,0.7450666666666667,0.6298403641486202,0.2765957446808511
1,0,0.043666666666666666,0.30669916252430457,0.765625
1,1,0.944,0.8375685113169719,0.4375
1,1,0.8646666666666666,0.24563061398146482,0.6741573033707865
1,1,0.8630380952380953,0.8769829126225527,0.2909090909090909
1,1,0.5404190476190477,0.14746243335943213,0.28378378378378377
1,1,0.5071333333333333,0.14767875636325462,0.28
1,0,0.5411190476190476,0.12307121487803191,0.2631578947368421
1,1,0.5605,0.24155301563403395,0.25
1,1,0.5827857142857142,0.1513369608241217,0.25
1,1,0.5667857142857142,0.0728554580037004,0.23863636363636365
1,1,0.5605,0.24155301563403395,0.25
1,1,0.7756666666666666,0.6830159397121647,0.22916666666666666
1,1,0.621452380952381,0.7364751344776608,0.609375
1,1,0.7463095238095238,0.7361463953490537,0.6779661016949152
1,1,0.858,0.6534880125149247,0.4090909090909091
1,1,0.964,0.8952279243160057,0.3333333333333333
1,0,0.056,0.025537926885860564,0.7857142857142857
1,0,0.37389999999999995,0.6471001135713969,0.6595744680851063
1,0,0.156,0.16934450030070727,0.6125
1,0,0.13746666666666668,0.13919234220960086,0.6352941176470588
1,0,0.14933333333333335,0.03234875116769304,0.6395348837209303
1,0,0.212,0.1804235536492938,0.5555555555555556
1,1,0.692,0.5721086762321632,0.417910447761194
1,1,0.954,0.8386249098260592,0.5945945945945946
1,1,0.952,0.8980843792855159,0.6111111111111112
1,1,0.7778,0.27825765291027965,0.5072463768115942
1,1,0.82825,0.7962137655970224,0.5949367088607594
1,1,0.839,0.6605045322303637,0.43478260869565216
1,1,0.7881666666666668,0.8087727150101179,0.4375
1,0,0.42983333333333335,0.017492224749162996,0.2235294117647059
1,0,0.3575,0.006852059710168782,0.45
1,1,0.36144523809523815,0.6295046245595008,0.6458333333333334
1,0,0.34441190476190475,0.5727697308513129,0.62
1,1,0.78,0.7019334745049072,0.23529411764705882
1,1,0.75,0.7088946493104669,0.25
1,0,0.016,0.1917422769267504,0.6268656716417911
1,0,0.2693,0.000743481550371463,0.20930232558139536
1,1,0.81,0.5400605847679821,0.352112676056338
1,1,0.8548095238095239,0.5487018400534898,0.1794871794871795
1,0,0.14153333333333334,0.011730298523364309,0.6486486486486487
1,1,0.7962333333333332,0.6172860889352109,0.3898305084745763
1,0,0.749,0.32905574407133414,0.40425531914893614
1,1,0.812,0.5517604093306621,0.5142857142857142
1,0,0.7905,0.7710681314955444,0.3611111111111111
1,1,0.6965,0.3497059020195859,0.45
1,0,0.718,0.15800520310431834,0.3584905660377358
1,1,0.862,0.8324734625566882,0.6382978723404256
1,1,0.6761999999999999,0.7762033094113169,0.5
1,0,0.212,0.1945390120164352,0.5846153846153846
1,0,0.048,0.062102558885199645,0.6461538461538462
1,1,0.5406666666666667,0.6653706969281259,0.43333333333333335
1,1,0.911,0.556124776506103,0.46774193548387094
1,1,0.8185357142857143,0.6869356511775958,0.6071428571428571
1,1,0.5935,0.38195301827102623,0.3924050632911392
1,1,0.882,0.6926865971405293,0.3448275862068966
1,1,0.7970666666666666,0.844334728331166,0.6792452830188679
1,0,0.693,0.5057506522823333,0.6545454545454545
1,1,0.7526666666666666,0.7513540626333917,0.4230769230769231
1,0,0.7275,0.42862356670655016,0.4444444444444444
1,1,0.8468333333333332,0.7585903484613649,0.4528301886792453
1,1,0.9,0.7984463245192519,0.46
1,1,0.8513333333333334,0.6419848668893586,0.25
1,1,0.71,0.6943641823713174,0.38
1,1,0.8526666666666667,0.8652048665738139,0.56
1,1,0.7988666666666667,0.7980276667959401,0.37209302325581395
1,1,0.9287000000000001,0.7151110662542935,0.5641025641025641
1,1,0.798,0.7105981235411639,0.2857142857142857
1,1,0.795,0.6657774365230187,0.5967741935483871
1,1,0.6574000000000001,0.666154088926812,0.5846153846153846
1,1,0.764,0.816274063891362,0.2391304347826087
1,1,0.847,0.5296657440418058,0.5211267605633803
1,1,0.2690666666666667,0.3642361086881041,0.44285714285714284
1,1,0.966,0.8983759721813113,0.5769230769230769
1,1,0.9646666666666668,0.8982212881944438,0.6341463414634146
1,1,0.8345,0.8042147618408855,0.3333333333333333
1,1,0.9434,0.8436745833009088,0.4878048780487805
1,1,0.936,0.46609277853243686,0.6438356164383562
1,1,0.9683999999999999,0.45824023231243977,0.6756756756756757
1,0,0.2885,0.5362088536332199,0.48717948717948717
1,0,0.2523333333333333,0.2595507845201538,0.43137254901960786
1,0,0.6998333333333334,0.6134582692608984,0.25
1,1,0.874,0.5106862155805736,0.35135135135135137
1,1,0.8926666666666666,0.8727224952585124,0.3469387755102041
1,1,0.9472999999999999,0.78236781418063,0.47368421052631576
1,1,0.8346666666666667,0.7149180269096782,0.3188405797101449
1,1,0.7524333333333333,0.39095194717666654,0.2
1,0,0.5269777777777779,0.32141584935472983,0.25742574257425743
1,1,0.816,0.6982916750732476,0.391304347826087
1,1,0.797,0.8880090827450393,0.5333333333333333
1,1,0.7144666666666667,0.8840000509081287,0.5208333333333334
1,0,0.46146666666666664,0.07410805951880754,0.18238993710691823
1,1,0.957,0.829049715548179,0.4
1,1,0.6849523809523809,0.5917154546883393,0.3541666666666667
1,1,0.8293333333333334,0.5231056596810404,0.6458333333333334
1,1,0.68,0.5509449273547464,0.28125
1,1,0.7001999999999999,0.8500163775880814,0.30434782608695654
1,1,0.916,0.7169597752638444,0.2631578947368421
1,0,0.4635714285714286,0.06450266967289126,0.2857142857142857
1,1,0.988,0.4531834046582174,0.8732394366197183
1,1,0.9720000000000001,0.8513932630588327,0.4
1,1,0.878,0.8131973270293246,0.21621621621621623
1,0,0.044,0.0012723000947275178,0.5957446808510638
1,1,0.9411666666666666,0.7511478501178908,0.4
1,0,0.6775714285714286,0.7949671663388823,0.3090909090909091
1,1,0.7885,0.7265043484992955,0.49295774647887325
1,1,0.7891666666666668,0.6695206855420157,0.3114754098360656
1,1,0.8253333333333333,0.731494178910072,0.4470588235294118
1,0,0.24850000000000003,0.050207703524363316,0.33783783783783783
1,0,0.2361666666666667,0.09124917517326063,0.32051282051282054
1,0,0.22213333333333332,0.17621739960106242,0.44776119402985076
1,1,0.032,0.13642467416131243,0.5757575757575758
1,1,0.9125,0.6885274646456215,0.34
1,1,0.824,0.7300836599375625,0.2545454545454545
1,0,0.01,0.04243623977807067,0.7209302325581395
1,1,0.862,0.8800859102893772,0.5789473684210527
1,1,0.86,0.7582932030217728,0.30434782608695654
1,0,0.773,0.517259664104856,0.2839506172839506
1,0,0.7487857142857142,0.3109865482859365,0.2891566265060241
1,0,0.773,0.517259664104856,0.2839506172839506
1,0,0.7551666666666667,0.31711582024158325,0.2857142857142857
1,0,0.7551666666666667,0.31711582024158325,0.2857142857142857
1,1,0.745,0.7084849755524897,0.275
1,1,0.745,0.7084849755524897,0.275
1,1,0.412,0.0020960184689753614,0.21666666666666667
1,1,0.826,0.7736316021960485,0.3561643835616438
1,1,0.094,0.06064063026692759,0.6944444444444444
1,0,0.9078095238095238,0.7845510808892491,0.4782608695652174
1,0,0.463,0.2901689666335708,0.5227272727272727
1,1,0.9426666666666667,0.7968194197452575,0.32558139534883723
1,1,0.9066666666666666,0.8692813589168626,0.4594594594594595
1,1,0.9066666666666666,0.8692813589168626,0.4594594594594595
1,1,0.8524666666666666,0.7634886106506122,0.22448979591836735
1,0,0.9045,0.5641998625665074,0.40476190476190477
1,1,0.9306666666666668,0.7146325906205181,0.4722222222222222
1,1,0.9270666666666666,0.8400016597923389,0.40476190476190477
1,0,0.7215,0.50318115194523,0.42424242424242425
1,1,0.9426666666666667,0.7968194197452575,0.32558139534883723
1,1,0.8304,0.6154261166388603,0.4722222222222222
1,1,0.6773333333333332,0.6557206424449551,0.21153846153846154
1,1,0.9426666666666667,0.7968194197452575,0.32558139534883723
1,1,0.9066666666666666,0.8692813589168626,0.4594594594594595
1,1,0.6626666666666667,0.8154909375995116,0.32
1,1,0.7314666666666666,0.8180134332070693,0.40816326530612246
1,1,0.7004666666666666,0.8205090332236213,0.33962264150943394
1,1,0.7333333333333334,0.8804037059410551,0.3142857142857143
1,1,0.7654666666666666,0.8141916869053257,0.3283582089552239
1,0,0.4238444444444444,0.6076267783251501,0.6231884057971014
1,1,0.7418444444444444,0.7813720871861428,0.7241379310344828
1,1,0.93,0.8186644338691232,0.25925925925925924
1,0,0.004,0.38549003415627525,0.7777777777777778
1,0,0.016,0.4291700426221487,0.5964912280701754
1,0,0.006,0.3894901976659562,0.6875
1,0,0.008,0.3894901976659563,0.7368421052631579
1,1,0.948,0.8608904644377469,0.40425531914893614
1,1,0.934,0.5988755359156216,0.704225352112676
1,1,0.5331666666666668,0.7645158687278908,0.42857142857142855
1,1,0.8966888888888889,0.7357166866241809,0.3389830508474576
1,1,0.7593,0.6729362308056923,0.24444444444444444
1,1,0.8015261904761903,0.20299277463317014,0.44642857142857145
1,1,0.9261333333333333,0.8784080836669265,0.8787878787878788
1,0,0.7421333333333332,0.6673493562616463,0.5
1,1,0.8286095238095237,0.7182572549922835,0.5208333333333334
1,0,0.17866666666666667,0.022096601198900737,0.5871559633027523
1,1,0.8874,0.6955670400967834,0.35384615384615387
1,1,0.8654,0.6080808793349923,0.3114754098360656
1,1,0.905,0.7685849941442384,0.6
1,1,0.905,0.7685849941442384,0.6
1,1,0.8610000000000001,0.7323235275339465,0.6
1,1,0.6864761904761906,0.22609351954632487,0.2054794520547945
1,1,0.5204000000000001,0.624503364317455,0.46153846153846156
1,1,0.956,0.8906622659914387,0.59375
1,0,0.238,0.4515801167241769,0.6885245901639344
1,0,0.05466666666666666,0.019849494046427857,0.5955056179775281
1,1,0.903,0.7453496265470493,0.5370370370370371
1,1,0.881,0.7462055661457329,0.4
1,1,0.9172222222222223,0.7972868603498129,0.5675675675675675
1,1,0.7698666666666667,0.7381824453618122,0.45454545454545453
1,1,0.7845,0.7079201984027249,0.2982456140350877
1,1,0.7923333333333332,0.7524430723679918,0.3763440860215054
1,1,0.7134444444444444,0.5989104266915429,0.40625
1,1,0.8551333333333333,0.8109733131046658,0.336734693877551
1,1,0.7834,0.49543008038719477,0.4583333333333333
1,1,0.7565,0.47668489183890445,0.32456140350877194
1,1,0.7648333333333334,0.6128378817189297,0.4583333333333333
1,0,0.406,0.7369470118417101,0.5
1,1,0.956,0.8942875289137847,0.5428571428571428
1,0,0.05466666666666666,0.1853675379257304,0.6164383561643836
1,1,0.7184,0.5024929577928667,0.5441176470588235
1,1,0.7886666666666667,0.28148435789454335,0.6
1,0,0.12686666666666668,0.01220353216951917,0.5871559633027523
1,1,0.674,0.3046200227888707,0.7096774193548387
1,1,0.6503333333333333,0.31135299157819946,0.7049180327868853
1,1,0.8855,0.8951622694150233,0.3333333333333333
1,1,0.7583333333333333,0.8327967564849789,0.3541666666666667
1,1,0.9465,0.7489316967199169,0.35135135135135137
1,1,0.5361666666666668,0.4918800855334888,0.3333333333333333
1,1,0.9336666666666666,0.79657525041831,0.38596491228070173
1,1,0.7389523809523809,0.8382864592711712,0.7017543859649122
1,1,0.6136666666666667,0.6053365459677121,0.22413793103448276
1,1,0.6801428571428572,0.6144475404191184,0.21153846153846154
1,1,0.668,0.6381034062611683,0.25
1,0,0.7048666666666666,0.360371576099507,0.4918032786885246
1,1,0.916,0.7159694848645702,0.32857142857142857
1,1,0.6969333333333333,0.6319366438229329,0.44594594594594594
1,1,0.6927666666666666,0.5648562929704699,0.38271604938271603
1,1,0.7483333333333334,0.9033137575204929,0.4186046511627907
1,1,0.6902857142857143,0.7704416568437364,0.3448275862068966
1,1,0.823,0.5709912151391374,0.3333333333333333
1,1,0.7358333333333333,0.578613223265836,0.7564102564102564
1,0,0.7277333333333333,0.5371657395123732,0.4772727272727273
2,1,0.8446666666666668,0.8620404816953634,0.6727272727272727
2,1,0.88,0.860254373590281,0.72
2,1,0.762,0.856906167964831,0.559322033898305
2,1,0.844,0.7675526347024373,0.582089552238806
2,1,0.8908333333333334,0.8002815251627512,0.46153846153846156
2,1,0.794,0.5209624587394778,0.68
2,1,0.782,0.5283690278112935,0.620253164556962
2,1,0.92,0.8494563480049285,0.43636363636363634
2,1,0.9083333333333333,0.8003004652691544,0.5555555555555556
2,1,0.7636380952380951,0.4856762974905202,0.2826086956521739
2,1,0.854,0.9007418650106985,0.32051282051282054
2,0,0.206,0.1595958992323596,0.3382352941176471
2,1,0.92,0.8959714583411508,0.7368421052631579
2,0,0.3018904761904762,0.6956632335735166,0.5625
2,0,0.6724666666666667,0.240322227106878,0.2727272727272727
2,1,0.7564000000000001,0.688488230430652,0.44594594594594594
2,0,0.4327666666666667,0.007210786139257913,0.3150684931506849
2,0,0.32824444444444445,0.7127742956444193,0.5131578947368421
2,1,0.783,0.7991223818158394,0.3125
2,1,0.8669,0.8710525105129493,0.37142857142857144
2,1,0.7656666666666667,0.6433668337628786,0.24444444444444444
2,1,0.7066666666666668,0.6803429893439186,0.4925373134328358
2,1,0.8936666666666666,0.9026151278807784,0.3611111111111111
2,1,0.8826666666666666,0.8052647776336959,0.5185185185185185
2,0,0.062,0.03199968988906859,0.7009345794392523
2,1,0.7300666666666666,0.4653554986567786,0.1702127659574468
2,0,0.004,0.4020752412837165,0.7777777777777778
2,0,0.058,0.49887647678007746,0.5964912280701754
2,0,0.016,0.4056291317538988,0.6875
2,0,0.038,0.4056291317538988,0.7368421052631579
2,1,0.8426666666666668,0.7578561835979987,0.4117647058823529
2,1,0.8426666666666668,0.7578561835979987,0.4117647058823529
2,1,0.8125,0.7629219130608658,0.5185185185185185
2,1,0.945,0.8517535873637831,0.6382978723404256
2,0,0.12483333333333334,0.2936008089744872,0.4578313253012048
2,0,0.6436666666666666,0.5601980513543062,0.2777777777777778
2,1,0.6656666666666666,0.5327835056192393,0.475
2,1,0.631752380952381,0.6423592913150732,0.5128205128205128
2,1,0.15361904761904763,0.5104182353229351,0.6071428571428571
2,1,0.847,0.8001363651776744,0.6101694915254238
2,1,0.6053857142857142,0.85780497325422,0.2833333333333333
2,1,0.6072000000000001,0.8393275679732913,0.35384615384615387
2,0,0.058,0.020232905044642327,0.6836734693877551
2,1,0.7623,0.7545564999680252,0.27586206896551724
2,0,0.7705,0.6952350410445988,0.59375
2,0,0.3365,0.4773677680564507,0.6231884057971014
2,1,0.33813333333333334,0.5919155825395803,0.5757575757575758
2,1,0.3190666666666666,0.771942091425679,0.5757575757575758
2,1,0.26022222222222224,0.7184439316173231,0.6666666666666666
2,0,0.222,0.4920773540234979,0.6666666666666666
2,0,0.1834,0.49945742993724374,0.6865671641791045
2,1,0.3190666666666666,0.771942091425679,0.5757575757575758
2,1,0.922,0.7414376457915979,0.2878787878787879
2,1,0.7692,0.7252908604345059,0.25396825396825395
2,1,0.787,0.724208787871055,0.2833333333333333
2,1,0.7687333333333334,0.8829881586859989,0.28
2,1,0.9079523809523811,0.82471292931058,0.5853658536585366
2,0,0.05,0.011392287853325833,0.7692307692307693
2,1,0.882,0.8742806660137579,0.26666666666666666
2,1,0.633,0.8383267459166147,0.32
2,1,0.722,0.8403174647882489,0.40816326530612246
2,1,0.694,0.8422882828889937,0.33962264150943394
2,1,0.754,0.886249679939541,0.3142857142857143
2,1,0.7737333333333334,0.8379377356051223,0.3283582089552239
2,1,0.726,0.4494127389314239,0.4716981132075472
2,1,0.8553333333333334,0.862000268654879,0.7142857142857143
2,0,0.15313333333333332,0.4807594980822895,0.4647887323943662
2,0,0.24383333333333335,0.6453080836411408,0.5166666666666667
2,0,0.17583333333333334,0.6327517117141517,0.603448275862069
2,0,0.17363333333333336,0.4815157570026023,0.6727272727272727
2,1,0.809,0.8003299359926311,0.36363636363636365
2,1,0.874,0.7896266552387078,0.6730769230769231
2,1,0.7952,0.5197676656801952,0.5211267605633803
2,1,0.6495,0.6857452671695522,0.3333333333333333
2,1,0.8566666666666666,0.8535726478375991,0.34782608695652173
2,1,0.976,0.8448872501924982,0.7380952380952381
2,1,0.9609523809523809,0.8478844663324769,0.6595744680851063
2,1,0.3086666666666667,0.027561803324363664,0.625
2,1,0.7961333333333334,0.5785522507087001,0.36585365853658536
2,1,0.834,0.8592236806544263,0.5319148936170213
2,1,0.816,0.8104189227569193,0.5102040816326531
2,1,0.9648,0.760650945714663,0.625
2,1,0.9648,0.760650945714663,0.625
2,1,0.9134666666666666,0.7320605625173869,0.5254237288135594
2,1,0.972,0.7565946359903207,0.6451612903225806
2,1,0.878,0.8010885076150311,0.5806451612903226
2,0,0.278,0.7531964140618809,0.7469879518072289
2,1,0.914,0.7055424507166334,0.6896551724137931
2,1,0.412,0.48808553112307973,0.4852941176470588
2,1,0.651952380952381,0.811181750927602,0.5
2,0,0.2260666666666667,0.020042900171267673,0.625
2,1,0.18183333333333335,0.6095076930594814,0.546875
2,1,0.18183333333333335,0.6095076930594814,0.546875
2,1,0.18183333333333335,0.6095076930594814,0.546875
2,1,0.927,0.8597913460891242,0.3684210526315789
2,1,0.7528666666666667,0.5061699458762198,0.3614457831325301
2,0,0.3165,0.0046634098559230515,0.39759036144578314
2,1,0.6325904761904763,0.8653880239771576,0.26666666666666666
2,1,0.8020666666666666,0.33438734728781,0.4935064935064935
2,1,0.79,0.760957455370848,0.6153846153846154
2,0,0.2005,0.02907183602016811,0.33
2,0,0.2445,0.011846769440978903,0.26666666666666666
2,1,0.862,0.8586011131547407,0.6779661016949152
2,0,0.076,0.03869401134838052,0.4883720930232558
2,1,0.877,0.8436488441656981,0.6153846153846154
2,1,0.857,0.8133569205131578,0.3380281690140845
2,1,0.892,0.8146562107460913,0.3484848484848485
2,1,0.8801666666666667,0.8154738313435912,0.30303030303030304
2,1,0.879,0.7630849257220812,0.3469387755102041
2,1,0.879,0.7630849257220812,0.3469387755102041
2,0,0.12683333333333335,0.3356277061640175,0.6164383561643836
2,1,0.17996666666666666,0.15078319043589816,0.43333333333333335
2,1,0.326,0.4323227695451131,0.6444444444444445
2,1,0.689,0.6392760444347148,0.3968253968253968
2,1,0.462152380952381,0.20675417195490145,0.4090909090909091
2,1,0.8052333333333332,0.650484236238131,0.2894736842105263
2,1,0.779,0.3425065040018959,0.2549019607843137
2,1,0.6155190476190475,0.3766770046508556,0.40476190476190477
2,1,0.918,0.7888942446557637,0.6595744680851063
2,1,0.803,0.7954669461645693,0.6862745098039216
2,1,0.8316666666666667,0.7593241847824871,0.37681159420289856
2,1,0.936,0.884454002600143,0.3469387755102041
2,1,0.85,0.8325818463711242,0.391304347826087
2,1,0.896,0.7195483744122321,0.15789473684210525
2,1,0.8306666666666667,0.5308713815331063,0.2
2,1,0.7283,0.787661873504137,0.4838709677419355
2,0,0.364,0.6949105661553513,0.5
2,0,0.246,0.6256459389734768,0.47368421052631576
2,0,0.354,0.6725549342460537,0.3409090909090909
2,0,0.18866666666666668,0.12791780255476565,0.47619047619047616
2,0,0.1758333333333333,0.23817694452654284,0.6162790697674418
2,1,0.081,0.11348242311277089,0.627906976744186
2,0,0.224,0.14664549983162314,0.5050505050505051
2,0,0.48146666666666665,0.4890882493538617,0.6097560975609756
2,1,0.8346666666666667,0.7461875142577207,0.26153846153846155
2,1,0.8406666666666667,0.825790137056258,0.4722222222222222
2,1,0.6216666666666666,0.7318265773584879,0.3090909090909091
2,1,0.5905,0.628953578709293,0.5666666666666667
2,1,0.34303333333333336,0.6144011657983144,0.5396825396825397
2,0,0.5878333333333332,0.7189591458894835,0.25
2,1,0.896,0.8077605616588699,0.25
2,1,0.8313333333333334,0.8073149088516894,0.2972972972972973
2,0,0.6611666666666668,0.8031583708383976,0.3918918918918919
2,1,0.7462857142857142,0.2064566345620162,0.4406779661016949
2,1,0.8646666666666666,0.8868592911661679,0.40425531914893614
2,0,0.6896666666666667,0.687966919010257,0.49056603773584906
2,1,0.7742857142857142,0.7282134567497672,0.5098039215686274
2,1,0.93,0.8731904064404674,0.40425531914893614
2,1,0.6816666666666668,0.7488261289193577,0.24
2,1,0.6894666666666666,0.5237387491131035,0.28125
2,1,0.87,0.7220851296162016,0.4057971014492754
2,1,0.919,0.7260654144593656,0.56
2,1,0.978,0.8574001226355735,0.62
2,1,0.9426666666666667,0.7542507354467972,0.44642857142857145
2,0,0.834,0.8452342002640023,0.32558139534883723
2,1,0.894,0.6338705552485877,0.704225352112676
2,0,0.3730833333333333,0.6443463968519609,0.49206349206349204
2,1,0.896,0.758308911563996,0.6727272727272727
2,1,0.896,0.758308911563996,0.6727272727272727
2,1,0.92,0.7642926193063919,0.4166666666666667
2,1,0.7644,0.7242593479248294,0.26666666666666666
2,1,0.978,0.8905330470096573,0.825
2,1,0.9786666666666666,0.8059253975768351,0.8157894736842105
2,1,0.7295,0.7677142769747372,0.3
2,1,0.733,0.6278491125723792,0.2711864406779661
2,1,0.7295,0.7677142769747372,0.3
2,1,0.7295,0.7677142769747372,0.3
2,1,0.733,0.6278491125723792,0.2711864406779661
2,1,0.7213999999999999,0.5588429776088222,0.5555555555555556
2,0,0.3479,0.43699517946987276,0.6779661016949152
2,1,0.918,0.8302631389571986,0.45454545454545453
2,0,0.6698333333333333,0.7462461096464112,0.25
2,1,0.8232999999999999,0.7058538573096241,0.6923076923076923
2,1,0.7225,0.09915482543660949,0.18604651162790697
2,1,0.6889,0.8602983914049651,0.3
2,1,0.6029666666666667,0.6749269112430875,0.43333333333333335
2,1,0.3851333333333334,0.7583867992890261,0.3508771929824561
2,0,0.32839999999999997,0.51215214244725,0.45
2,1,0.8385,0.596226425565766,0.5128205128205128
2,1,0.7434666666666667,0.8204650721335198,0.22
2,1,0.8654833333333334,0.531978149340347,0.6455696202531646
2,0,0.4473666666666667,0.2929127990137186,0.6865671641791045
2,0,0.6945,0.7697717607156052,0.5
2,0,0.8236999999999999,0.5048587407817844,0.47368421052631576
2,0,0.8207,0.433410102346051,0.45569620253164556
2,1,0.7243333333333334,0.5084639316533301,0.6166666666666667
2,1,0.8994,0.4033694086630591,0.7611940298507462
2,1,0.9044,0.5356078103041918,0.6282051282051282
2,1,0.8423999999999999,0.4104942862720765,0.6666666666666666
2,1,0.8210166666666666,0.7180379080184518,0.6440677966101694
2,1,0.6627000000000001,0.3539294529824228,0.6764705882352942
2,1,0.6791333333333335,0.44512206790765546,0.6438356164383562
2,0,0.671,0.7671452728558373,0.4444444444444444
2,0,0.5216666666666667,0.7595594583047948,0.5
2,1,0.7736333333333333,0.28829789830487823,0.6885245901639344
2,1,0.9094,0.39799377450175877,0.7121212121212122
2,1,0.4784,0.5085044066939594,0.532258064516129
2,1,0.6907000000000001,0.5121527157368299,0.6865671641791045
2,0,0.5231666666666668,0.7723774133676702,0.5614035087719298
2,0,0.7945,0.8641122542513657,0.5245901639344263
2,1,0.8819,0.3732455621359031,0.7361111111111112
2,1,0.8984,0.5282573107708146,0.6025641025641025
2,1,0.8282333333333334,0.12800286862280047,0.7971014492753623
2,1,0.8423999999999999,0.41407105828888474,0.7285714285714285
2,1,0.773,0.5222010128604476,0.3114754098360656
2,1,0.7238333333333332,0.7886920249822406,0.27586206896551724
2,1,0.8845666666666666,0.7503430406498215,0.3448275862068966
2,0,0.38280000000000003,0.01422073607866707,0.21666666666666667
2,0,0.3748,0.004061761177681865,0.29850746268656714
2,1,0.828,0.6670001838683826,0.3561643835616438
2,1,0.7726999999999999,0.3488004290604941,0.5616438356164384
2,1,0.7528666666666666,0.2246359922796218,0.46835443037974683
2,1,0.7888,0.3879327689880641,0.734375
2,1,0.7777999999999999,0.3809464329464173,0.7096774193548387
2,1,0.7354666666666667,0.6144657695842267,0.6461538461538462
2,1,0.8033333333333332,0.6894600240350239,0.4722222222222222
2,1,0.7631333333333332,0.3901952350512868,0.5138888888888888
2,1,0.8227666666666666,0.6846953913357668,0.5441176470588235
2,1,0.7587999999999999,0.3844336419745625,0.7704918032786885
2,1,0.7226666666666667,0.4403140525651122,0.475
2,1,0.948,0.7049277159359099,0.4594594594594595
2,1,0.976,0.8669662330806557,0.65
2,1,0.884,0.33737348065225464,0.6949152542372882
2,1,0.9400380952380951,0.7217120531113526,0.6166666666666667
2,1,0.9484,0.7578620244953588,0.6607142857142857
2,1,0.8436380952380952,0.7145187087327481,0.6610169491525424
2,1,0.8707999999999999,0.5561851268980964,0.6491228070175439
2,0,0.2176857142857143,0.0012543164732061027,0.22580645161290322
2,1,0.7756666666666666,0.7536629126346285,0.2222222222222222
2,1,0.6986666666666667,0.6906889264856879,0.3148148148148148
2,1,0.883,0.771686844994333,0.6666666666666666
2,1,0.8164,0.49880746374524093,0.6363636363636364
2,1,0.7973333333333333,0.6525518136691667,0.38461538461538464
2,1,0.831,0.713350315419866,0.23809523809523808
2,1,0.962,0.885752113166966,0.45454545454545453
2,1,0.9165,0.8843687732961386,0.36507936507936506
2,1,0.5675666666666666,0.6758200685611014,0.5606060606060606
2,1,0.978,0.9009298972875416,0.5675675675675675
2,1,0.7590666666666667,0.3757542887296284,0.6338028169014085
2,1,0.732,0.5626021673566038,0.4166666666666667
2,1,0.654,0.7944620459178703,0.3125
2,1,0.976,0.4903124980189893,0.7540983606557377
2,1,0.833,0.8275891284451186,0.5507246376811594
2,1,0.829374358974359,0.6487930371674094,0.39655172413793105
2,1,0.9335,0.7355338245918314,0.7692307692307693
2,1,0.7466666666666667,0.8794814214595286,0.37777777777777777
2,1,0.912,0.8629436791707799,0.5333333333333333
2,1,0.874,0.7672924560768437,0.6842105263157895
2,1,0.9470000000000001,0.7982283701733821,1.0
2,1,0.868,0.7936878783831658,0.4489795918367347
2,1,0.8619999999999999,0.7195987598449736,0.45454545454545453
2,1,0.8857380952380952,0.8471327828004507,0.2830188679245283
2,1,0.8697380952380952,0.8645141442760179,0.2545454545454545
2,1,0.7477999999999999,0.7578721652058481,0.26666666666666666
2,0,0.6533333333333333,0.8254385306027304,0.3090909090909091
2,1,0.8358,0.7925243307179957,0.4588235294117647
2,1,0.9525,0.6805680393974605,0.3953488372093023
2,0,0.07257142857142856,0.035518082599369345,0.6330275229357798
2,1,0.9410666666666666,0.8606261761270345,0.4878048780487805
2,1,0.956,0.6876684554112913,0.5344827586206896
2,1,0.9405333333333333,0.6888322949469569,0.4838709677419355
2,1,0.9063333333333332,0.7825718045343519,0.6621621621621622
2,1,0.5664,0.7089950483161392,0.3157894736842105
2,1,0.867,0.7350841233583839,0.4
2,1,0.7755,0.7253359950505894,0.3188405797101449
2,1,0.705,0.632095159858184,0.43636363636363634
2,0,0.537,0.5440516988788568,0.3230769230769231
2,1,0.8249,0.7096718400742862,0.38181818181818183
2,1,0.9346666666666666,0.768936734364403,0.775
2,1,0.882,0.6821814005640462,0.5106382978723404
2,1,0.97,0.8922065539811892,0.59375
2,1,0.8426666666666668,0.6583700134504197,0.32894736842105265
2,1,0.7057333333333332,0.6500994814832566,0.53125
2,1,0.819,0.7229458271530667,0.3870967741935484
2,1,0.7622857142857142,0.8257703603802314,0.37209302325581395
2,1,0.782,0.7360282136984271,0.23809523809523808
2,1,0.553,0.47384714071306294,0.4
2,1,0.6765,0.6532624258727198,0.2765957446808511
2,1,0.866,0.8606144751498715,0.34210526315789475
2,1,0.918,0.8477517014131246,0.30952380952380953
2,1,0.8596666666666666,0.7665818040146654,0.3939393939393939
2,1,0.42906666666666665,0.5714283852945182,0.2857142857142857
2,0,0.464,0.4361221483525535,0.35064935064935066
2,1,0.836,0.8665840887087077,0.2631578947368421
2,1,0.7709,0.5023506217949725,0.3877551020408163
2,0,0.14666666666666667,0.2347732762806885,0.4368932038834951
2,0,0.253,0.3271197295563729,0.36538461538461536
2,0,0.136,0.10058492605640382,0.4489795918367347
2,1,0.9486666666666667,0.8180569043497591,0.3404255319148936
2,0,0.8075,0.5358451177857064,0.23404255319148937
2,1,0.942,0.6652213916432121,0.44
2,1,0.916,0.9011835907973936,0.43902439024390244
2,1,0.9094,0.8872736982728198,0.5094339622641509
2,0,0.040904761904761895,0.22934661192485023,0.6363636363636364
2,1,0.992,0.8992871563077665,0.3611111111111111
2,1,0.4381666666666667,0.3984737367094913,0.3902439024390244
2,1,0.565738095238095,0.7474557631935188,0.39473684210526316
2,1,0.8480666666666667,0.897819295394375,0.5238095238095238
2,1,0.8773333333333334,0.8649957187121745,0.2765957446808511
2,1,0.982,0.8917351964546884,0.5116279069767442
2,1,0.8676666666666666,0.41788973389296646,0.6197183098591549
2,1,0.857,0.6420801747403445,0.34375
2,1,0.6736666666666666,0.7668559688867722,0.2911392405063291
2,0,0.016,0.19460995124235292,0.6268656716417911
2,1,0.8433333333333333,0.8442327427705224,0.3392857142857143
2,0,0.136,0.02289383077036496,0.6206896551724138
2,1,0.776,0.8921518396596753,0.4
2,1,0.6361523809523809,0.22821716480109194,0.45588235294117646
2,1,0.8472666666666666,0.7849271985336935,0.46153846153846156
2,1,0.8849333333333333,0.44837182048668855,0.6181818181818182
2,1,0.8098,0.32281722992162526,0.6727272727272727
2,1,0.571952380952381,0.7328778758800942,0.41025641025641024
2,0,0.5496666666666667,0.46552017826064696,0.24242424242424243
2,1,0.7718190476190475,0.7192599352993215,0.5254237288135594
2,1,0.968,0.7491882888499531,0.5416666666666666
2,1,0.944,0.8237215654490027,0.5945945945945946
2,1,0.968,0.9015189367479043,0.6111111111111112
2,1,0.937,0.7974498883309612,0.48936170212765956
2,0,0.104,0.44223154379817076,0.4852941176470588
2,0,0.051,0.09211321739439264,0.5789473684210527
2,1,0.7688333333333333,0.7210723220681862,0.2535211267605634
2,1,0.862,0.8060553728743494,0.28
2,0,0.05,0.026916750200824378,0.7816091954022989
2,1,0.3788666666666667,0.6550742285187848,0.6078431372549019
2,0,0.37139999999999995,0.6187959620349774,0.5849056603773585
2,0,0.12068333333333334,0.25560452436533027,0.7714285714285715
2,0,0.466,0.22605590617759175,0.5111111111111111
2,0,0.617,0.22220380908786716,0.3148148148148148
2,0,0.4869,0.22128294434492335,0.46938775510204084
2,0,0.518,0.35842119267930983,0.4423076923076923
2,0,0.552,0.3507721452213761,0.3770491803278688
2,1,0.8996666666666666,0.7349394083524612,0.5
2,1,0.822,0.5277049301598196,0.23255813953488372
2,0,0.15183333333333335,5.748627326411906e-08,0.41621621621621624
2,1,0.6417999999999999,0.6815664068905153,0.2962962962962963
2,0,0.6417999999999999,0.6815664068905153,0.2962962962962963
2,1,0.8406666666666668,0.6514350084789166,0.484375
2,0,0.3379,0.6151233638737484,0.6458333333333334
2,1,0.368,0.35431587309948664,0.3142857142857143
2,1,0.91,0.8399024231962878,0.6981132075471698
2,1,0.91,0.8138003325083231,0.45652173913043476
2,0,0.014,0.02246068141572017,0.8452380952380952
2,0,0.03,0.01631771855716463,0.7634408602150538
2,0,0.118,0.0814707699013267,0.7647058823529411
2,1,0.81,0.8505747069424602,0.35714285714285715
2,0,0.814,0.43372855720400205,0.5714285714285714
2,1,0.928,0.8443675295905143,0.25862068965517243
2,0,0.05,0.513404067664482,0.6285714285714286
2,0,0.046,0.07512827781675345,0.5416666666666666
2,1,0.9306666666666666,0.7404696482617987,0.7450980392156863
2,1,0.9306666666666666,0.7404696482617987,0.7450980392156863
2,1,0.916,0.6156823611067118,0.6097560975609756
2,1,0.886,0.5873642869600529,0.3389830508474576
2,1,0.961,0.8561916377208441,0.4117647058823529
2,1,0.6660666666666666,0.7438402605303285,0.225
2,1,0.6724666666666667,0.7484155150195028,0.2978723404255319
2,1,0.6914666666666667,0.7539335148029855,0.24074074074074073
2,1,0.6834666666666667,0.7566617550620275,0.2553191489361702
2,1,0.6834666666666667,0.7566617550620275,0.2553191489361702
2,0,0.6874666666666667,0.547308793905489,0.22916666666666666
2,1,0.7064666666666667,0.7486007194326355,0.2653061224489796
2,0,0.7134666666666667,0.5438930517365742,0.22916666666666666
2,0,0.6894666666666667,0.5512069027689163,0.21212121212121213
2,1,0.8777999999999999,0.7201588567606751,0.32941176470588235
2,0,0.022,0.1574854056305449,0.6071428571428571
2,1,0.8085,0.3707525044096326,0.35135135135135137
2,1,0.61,0.2794326826539761,0.2619047619047619
2,0,0.047,0.23209414015954918,0.6491228070175439
2,0,0.03466666666666667,0.1171896301835885,0.6557377049180327
2,0,0.031,0.23534159756959697,0.6779661016949152
2,0,0.12723333333333334,0.3366098771258355,0.4931506849315068
2,0,0.069,0.07856335463806996,0.5714285714285714
2,0,0.05783333333333333,0.1177519706891927,0.5970149253731343
2,0,0.11583333333333334,0.07605820397814751,0.5063291139240507
2,0,0.056666666666666664,0.0790270326206806,0.4927536231884058
2,1,0.7045999999999999,0.5696414222017008,0.5294117647058824
2,1,0.9346666666666666,0.7929994770769416,0.3469387755102041
2,1,0.8008,0.7935578161478424,0.3333333333333333
2,1,0.7646714285714284,0.7411166083945827,0.325
2,1,0.8755,0.8681368797638066,0.2647058823529412
2,0,0.2422,0.28697717030724634,0.5454545454545454
2,0,0.13883333333333334,0.0631495471763466,0.44047619047619047
2,1,0.608,0.7723375440277418,0.3561643835616438
2,0,0.21833333333333335,0.039264385669988695,0.4842105263157895
2,0,0.561,0.6068440753451946,0.6041666666666666
2,1,0.6547999999999999,0.7036531202209039,0.2459016393442623
2,1,0.9067999999999999,0.878498857646444,0.28205128205128205
2,1,0.7666666666666667,0.7050432839082618,0.5423728813559322
2,1,0.8508,0.7283484434973223,0.2804878048780488
2,1,0.7240666666666665,0.7114883678870433,0.3484848484848485
2,1,0.842,0.8265281439448398,0.2708333333333333
2,1,0.6714666666666667,0.6114747379248258,0.3225806451612903
2,0,0.2958333333333334,0.4233661957866468,0.5818181818181818
2,1,0.8464666666666667,0.7032668209897455,0.4647887323943662
2,1,0.9124,0.8088649108798021,0.38333333333333336
2,1,0.611,0.7103330893225404,0.6538461538461539
2,1,0.7248238095238094,0.5965100321139607,0.35443037974683544
2,1,0.7140666666666667,0.874884416041733,0.391304347826087
2,1,0.5665333333333333,0.7811541384890999,0.3617021276595745
2,1,0.7140666666666667,0.874884416041733,0.391304347826087
2,1,0.9195333333333334,0.7474314954365037,0.45901639344262296
2,1,0.887,0.7476334013368027,0.3384615384615385
2,0,0.3644666666666667,0.04833115928098758,0.6575342465753424
2,1,0.7417333333333332,0.5964445162969478,0.2
2,0,0.616,0.3749592046982037,0.3880597014925373
2,1,0.924,0.5504611236876235,0.6774193548387096
3,1,0.6597666666666666,0.32567477507950043,0.27450980392156865
3,1,0.7971666666666667,0.6531627827926039,0.1891891891891892
3,1,0.726,0.5217342170271992,0.35135135135135137
3,1,0.9045,0.8885049853205674,0.09523809523809523
3,1,0.78,0.7071933338804002,0.2222222222222222
3,1,0.768,0.7840388421128799,0.1388888888888889
3,1,0.9613333333333333,0.893329620141524,0.13043478260869565
3,1,0.8291904761904763,0.8923028450376053,0.125
3,1,0.53,0.6379547871586562,0.2222222222222222
3,1,0.8366666666666668,0.9005967267287359,0.26666666666666666
3,1,0.896,0.7754074087657435,0.22857142857142856
3,1,0.7547999999999999,0.6303411456591747,0.2978723404255319
3,1,0.8664761904761905,0.8978353268037282,0.13793103448275862
3,1,0.9233333333333332,0.8949691284692622,0.08571428571428572
3,1,0.9233333333333332,0.8949691284692622,0.08571428571428572
3,1,0.77,0.7987230513516874,0.2631578947368421
3,1,0.87,0.8285435891256774,0.21052631578947367
3,1,0.936,0.7886912752184443,0.17857142857142858
3,1,0.89,0.5583449468817361,0.2
3,1,0.772,0.5334432356467002,0.3076923076923077
3,1,0.802,0.7129836372352802,0.32432432432432434
3,1,0.7726666666666667,0.7972603007395624,0.18181818181818182
3,1,0.8495,0.8022744035227491,0.15555555555555556
3,1,0.93,0.8935679831029439,0.14814814814814814
3,1,0.8817999999999999,0.6967557147954813,0.39285714285714285
3,1,0.78,0.7533415333646309,0.2571428571428571
3,1,0.6463666666666666,0.788224622752696,0.25396825396825395
3,1,0.6505,0.5695740444568165,0.21621621621621623
3,1,0.9406666666666668,0.8789136252034011,0.10344827586206896
3,1,0.79,0.35437522970912555,0.1935483870967742
3,1,0.73,0.40450619914893815,0.39473684210526316
3,0,0.727,0.2541583800360109,0.1388888888888889
3,1,0.9713333333333333,0.8935285583809918,0.17647058823529413
3,1,0.966,0.892933119727048,0.04
3,1,0.8436666666666668,0.7989092147814792,0.18181818181818182
3,0,0.89,0.2633496927667882,0.14705882352941177
3,1,0.6838333333333334,0.5874988633969714,0.3333333333333333
3,1,0.91,0.5346120404800838,0.25
3,1,0.892,0.529407733075392,0.34210526315789475
3,1,0.7851666666666668,0.8046032186503258,0.20588235294117646
3,1,0.868,0.8840364397520348,0.18604651162790697
3,0,0.7421666666666666,0.5440395576324679,0.3333333333333333
3,0,0.7651666666666668,0.3573978399430446,0.1794871794871795
3,0,0.776,0.6272828736628497,0.3157894736842105
3,1,0.7266666666666668,0.8003998507442401,0.2
3,1,0.832,0.625083358160113,0.17073170731707318
3,1,0.88,0.8774015639969812,0.10869565217391304
3,1,0.65,0.4750304484326927,0.30612244897959184
3,1,0.7038666666666666,0.7675259347156272,0.2564102564102564
3,1,0.46186666666666665,0.2143045558439678,0.24074074074074073
3,1,0.858,0.4160628050152241,0.25925925925925924
3,1,0.7776666666666666,0.7322866429037332,0.275
3,1,0.752,0.6613894000135028,0.5277777777777778
3,0,0.7635,0.07917247805074856,0.2
3,1,0.7886666666666666,0.40650678688282293,0.375
3,1,0.5931666666666667,0.47216899430268267,0.1956521739130435
3,1,0.8673333333333334,0.8775783055541396,0.14545454545454545
3,1,0.778,0.5957540273465363,0.27906976744186046
3,0,0.758,0.6019858002958092,0.16666666666666666
3,1,0.728,0.4721976211827135,0.3125
3,1,0.952,0.8927825918861075,0.16
3,1,0.9493333333333333,0.8967914711473629,0.2
3,1,0.93,0.8935679831029439,0.14814814814814814
3,1,0.8323333333333333,0.8000738517065636,0.2222222222222222
3,1,0.942,0.9005967267287359,0.15789473684210525
3,1,0.858,0.6848309806460777,0.3125
3,1,0.8766666666666667,0.9023320831720161,0.25
3,1,0.9166666666666667,0.9005967267287359,0.16666666666666666
3,1,0.706,0.3997491450467456,0.3333333333333333
3,1,0.936,0.8960657063189978,0.12
3,1,0.7745666666666667,0.19337676333413012,0.34146341463414637
3,1,0.7526666666666666,0.5127039885891389,0.25
3,1,0.6484333333333333,0.27378521817901896,0.28
3,1,0.856,0.862273096101041,0.2692307692307692
3,1,0.9613333333333333,0.893329620141524,0.13043478260869565
3,1,0.9393333333333332,0.8765085306774881,0.18518518518518517
3,1,0.9406666666666668,0.8789136252034011,0.10344827586206896
3,1,0.8667999999999999,0.8782842640811682,0.10416666666666667
3,1,0.7375904761904762,0.8738734516927777,0.12280701754385964
3,1,0.6696666666666666,0.5590979501957885,0.25
3,1,0.706,0.7112224335817839,0.20689655172413793
3,1,0.5975999999999999,0.5775540844954357,0.23684210526315788
3,1,0.9081333333333333,0.7955841572893051,0.2
3,1,0.912,0.8777606458159427,0.16363636363636364
3,1,0.92,0.8930913296825701,0.10344827586206896
3,1,0.96,0.9033180251903234,0.24242424242424243
3,1,0.96,0.9015982764925066,0.23333333333333334
3,1,0.956,0.8936978505695578,0.1
3,1,0.909,0.8049314970580215,0.2692307692307692
3,1,0.832,0.7429838201815542,0.23809523809523808
3,1,0.753,0.7401339616396938,0.3055555555555556
3,1,0.8767999999999999,0.8782842640811682,0.10416666666666667
3,1,0.7625,0.7422896287357484,0.2857142857142857
3,1,0.828,0.8772030339853039,0.125
3,1,0.92,0.7681432217123167,0.08888888888888889
3,1,0.699,0.5415229900332115,0.43243243243243246
3,1,0.954,0.8998513289211011,0.20689655172413793
3,1,0.872,0.7987431111658367,0.1935483870967742
3,1,0.9146666666666667,0.8599364574837524,0.23809523809523808
3,0,0.23728571428571427,0.16807445584897365,0.33
3,1,0.738,0.4664189254163671,0.4222222222222222
3,1,0.9096666666666666,0.7842501173872911,0.4
3,1,0.892,0.8799934969859057,0.36363636363636365
3,1,0.8932857142857143,0.5774646416097442,0.5277777777777778
3,1,0.9106666666666666,0.7212084349371841,0.5079365079365079
3,1,0.8361666666666666,0.7673066616869326,0.625
3,1,0.9293333333333333,0.7495233299889953,0.5932203389830508
3,1,0.8463333333333334,0.7709204657589682,0.4157303370786517
3,1,0.947,0.7687534093545295,0.7
3,1,0.897,0.6578601829406427,0.4857142857142857
3,0,0.171,0.042548133464164334,0.5494505494505495
3,1,0.946,0.7982216508963138,0.2222222222222222
3,1,0.94,0.747054438963805,0.24242424242424243
3,1,0.784,0.8155566144457961,0.27692307692307694
3,1,0.9233333333333332,0.8848206295971881,0.3392857142857143
3,1,0.9158333333333333,0.7876841903487052,0.6071428571428571
3,0,0.206,0.324523180486855,0.5111111111111111
3,1,0.831,0.883260639612808,0.34615384615384615
3,1,0.8426666666666668,0.7206559742964184,0.3448275862068966
3,1,0.914,0.8368070101798217,0.325
3,1,0.6153666666666667,0.6866146675368957,0.2459016393442623
3,1,0.89,0.7121252240383817,0.29545454545454547
3,1,0.9323333333333333,0.8433171305083231,0.6491228070175439
3,1,0.9193333333333333,0.7159812292701263,0.6271186440677966
3,1,0.7698333333333333,0.7459208421415203,0.3188405797101449
3,1,0.89,0.8940799349725599,0.30434782608695654
3,1,0.922,0.8976172966589794,0.6285714285714286
3,1,0.724,0.8669168917962813,0.2786885245901639
3,0,0.060333333333333336,0.2880147230419637,0.6666666666666666
3,0,0.0885,0.10794928676805327,0.5934065934065934
3,1,0.9386666666666668,0.7466202993467864,0.45
3,1,0.911,0.6488989962403212,0.4117647058823529
3,1,0.9606666666666668,0.7137652159626889,0.48484848484848486
3,0,0.6813333333333332,0.763523137053182,0.2727272727272727
3,0,0.088,0.4358313738403974,0.4852941176470588
3,0,0.0425,0.11072329892802951,0.5789473684210527
3,0,0.7765,0.2898280311337708,0.2602739726027397
3,1,0.892,0.7854325253376584,0.2786885245901639
3,1,0.8943,0.6005044969698525,0.4666666666666667
3,1,0.965,0.8617509766090418,0.5
3,1,0.8826666666666666,0.7070395070712108,0.39344262295081966
3,1,0.968,0.8630631204143934,0.4897959183673469
3,1,0.7386666666666667,0.8018226386390476,0.2903225806451613
3,1,0.8358666666666666,0.8745578043476891,0.11904761904761904
3,1,0.988,0.8946249985782267,1.0
3,1,0.8082666666666667,0.6973898116030962,0.3382352941176471
3,1,0.857,0.7762187869715967,0.5
3,1,0.88,0.774773961785951,0.5094339622641509
3,1,0.918,0.7441308139501422,0.53125
3,1,0.984,0.8904304933047521,0.7368421052631579
3,1,0.7601714285714286,0.7071217653553785,0.38461538461538464
3,1,0.948,0.7076788367637666,0.5263157894736842
3,1,0.942,0.7076788367637666,0.5526315789473685
3,0,0.83,0.8346562767333557,0.5531914893617021
3,0,0.5313333333333332,0.4786778877019473,0.6097560975609756
3,1,0.809,0.8679054917045691,0.24489795918367346
3,1,0.944,0.8365479363320851,0.35714285714285715
3,1,0.7405,0.7671706896770202,0.6363636363636364
3,1,0.8115,0.7628156849542383,0.6779661016949152
3,1,0.915,0.4184679165790781,0.6615384615384615
3,1,0.7635666666666667,0.7498202792416142,0.4090909090909091
3,1,0.9214666666666667,0.8527735057124781,0.4375
3,0,0.184,0.416564588768607,0.7
3,1,0.8235666666666666,0.8074928371376067,0.3125
3,0,0.16416666666666668,5.890545756834937e-07,0.41621621621621624
3,1,0.65,0.660263102219929,0.43333333333333335
3,1,0.46780000000000005,0.48988787090082925,0.5555555555555556
3,1,0.8625,0.8513836180275077,0.25806451612903225
3,1,0.856,0.5345747909317127,0.34782608695652173
3,1,0.966,0.7228728468439293,0.5
3,1,0.8104333333333332,0.8908238882837799,0.4583333333333333
3,1,0.5591666666666666,0.4181742403219483,0.3148148148148148
3,0,0.152,0.07565816204819238,0.6363636363636364
3,0,0.092,0.03206622094615105,0.6428571428571429
3,1,0.339,0.6225375837683113,0.5757575757575758
3,1,0.317,0.7745809329484675,0.5757575757575758
3,1,0.363,0.7258210295105074,0.6666666666666666
3,0,0.242,0.5063127439029725,0.6666666666666666
3,0,0.2205,0.5160760188800383,0.6865671641791045
3,1,0.317,0.7745809329484675,0.5757575757575758
3,1,0.678,0.3382018068764264,0.7096774193548387
3,1,0.617,0.3397208547492961,0.7049180327868853
3,1,0.942,0.7786059061653928,0.7258064516129032
3,1,0.8033333333333333,0.7222296069465184,0.26666666666666666
3,1,0.8,0.7173437065410405,0.34545454545454546
3,1,0.9206666666666667,0.8078460452087799,0.775
3,1,0.9026666666666667,0.8376442793351412,0.4418604651162791
3,1,0.7684095238095238,0.39296296386364943,0.425
3,0,0.022,0.30067314387221716,0.5454545454545454
3,1,0.8085,0.5155107417896742,0.4583333333333333
3,1,0.988,0.8199014654677453,0.55
3,1,0.6935333333333333,0.6549851570596394,0.2545454545454545
3,1,0.6125,0.5996244714905957,0.2545454545454545
3,1,0.6543333333333332,0.6520036807690422,0.2545454545454545
3,1,0.8726666666666666,0.8760615119184203,0.25862068965517243
3,1,0.4846666666666667,0.29558805254328246,0.5535714285714286
3,1,0.9426666666666668,0.6351375119286502,0.3695652173913043
3,1,0.8963,0.765013168068239,0.32608695652173914
3,0,0.7657999999999999,0.768530830594816,0.2222222222222222
3,0,0.8586666666666666,0.7661802905069396,0.2727272727272727
3,1,0.6456666666666666,0.5807933518052962,0.26666666666666666
3,0,0.6456666666666666,0.5807933518052962,0.26666666666666666
3,1,0.666,0.49535646676935996,0.3333333333333333
3,1,0.99,0.8264033865119098,0.7380952380952381
3,1,0.984,0.8302905033363617,0.6595744680851063
3,0,0.8556666666666668,0.7522935426319299,0.31645569620253167
3,1,0.8558,0.7806835328830918,0.2777777777777778
3,1,0.8346666666666668,0.6785706412061692,0.3939393939393939
3,1,0.8833333333333334,0.7840102401296313,0.2926829268292683
3,1,0.7439999999999999,0.7813047733305699,0.1956521739130435
3,1,0.911,0.6198722628512634,0.9333333333333333
3,1,0.8661666666666668,0.7170498077870023,0.4647887323943662
3,1,0.5184,0.5297972036353148,0.5471698113207547
3,1,0.6424,0.7104093166608562,0.6956521739130435
3,1,0.5735,0.5807576229661955,0.22413793103448276
3,1,0.6353333333333333,0.5783816606152953,0.22916666666666666
3,1,0.692,0.6090521777154533,0.25
3,0,0.601,0.36209213019834424,0.4918032786885246
3,0,0.526,0.4329125715054491,0.4772727272727273
3,0,0.419,0.3254296800851915,0.5625
3,0,0.13,0.4446451624522257,0.6491228070175439
3,0,0.33463333333333334,0.518729522126514,0.4647887323943662
3,0,0.4164666666666667,0.3225337100729713,0.3888888888888889
3,0,0.25479999999999997,0.510591951579864,0.6727272727272727
3,1,0.6653333333333333,0.7084486810748767,0.3382352941176471
3,1,0.8486666666666668,0.6674637077560028,0.546875
3,1,0.752,0.8152494632399649,0.27906976744186046
3,1,0.7908999999999999,0.8132051774099276,0.3125
3,1,0.7884,0.7842960827862677,0.3333333333333333
3,1,0.7701333333333332,0.7783947308327034,0.265625
3,1,0.9253333333333333,0.8538140388763303,0.6511627906976745
3,1,0.958,0.8095466043891018,0.7272727272727273
3,1,0.8606666666666666,0.3825733933967962,0.4883720930232558
3,0,0.556,0.28293997762185147,0.2711864406779661
3,1,0.7701,0.5623807877643245,0.3333333333333333
3,1,0.7245,0.5189998197507064,0.4666666666666667
3,1,0.2768333333333333,0.005874611414269896,0.24050632911392406
3,0,0.3426904761904762,0.3811938378805184,0.6493506493506493
3,1,0.8635666666666666,0.749499730818878,0.5714285714285714
3,1,0.9626666666666668,0.7603512795036751,0.5116279069767442
3,1,0.5694333333333333,0.15081349761258786,0.3225806451612903
3,1,0.5341,0.1497378745749132,0.28
3,0,0.5310666666666666,0.12721486216797864,0.31666666666666665
3,1,0.5485,0.23736481877370774,0.45098039215686275
3,1,0.5463333333333332,0.1539275673138779,0.2923076923076923
3,1,0.5180666666666666,0.0785109171337528,0.3142857142857143
3,1,0.5485,0.23736481877370774,0.45098039215686275
3,1,0.9,0.7036416842889481,0.35384615384615387
3,1,0.888,0.6106878989454617,0.3114754098360656
3,1,0.8493333333333333,0.7045345462596175,0.391304347826087
3,1,0.8066666666666666,0.7846612280761459,0.24
3,1,0.914,0.803990094349625,0.6086956521739131
3,1,0.947,0.6644779698481821,0.49206349206349204
3,1,0.726,0.7346122105925587,0.45454545454545453
3,1,0.972,0.8430574064862141,0.54
3,1,0.9432,0.7610985334460416,0.42592592592592593
3,0,0.6683333333333333,0.6889617405135152,0.453125
3,0,0.5383333333333333,0.4370155951106057,0.5
3,1,0.9131666666666668,0.8627251172175553,0.5306122448979592
3,1,0.7246666666666668,0.7137492286220943,0.3389830508474576
3,1,0.7306666666666666,0.5965328086393346,0.4925373134328358
3,0,0.19933333333333333,0.000198705313533354,0.7777777777777778
3,1,0.9048333333333334,0.8190604107494467,0.5490196078431373
3,1,0.9596666666666667,0.8959156626627731,0.38596491228070173
3,1,0.8683333333333334,0.8056282874985626,0.328125
3,1,0.8973333333333333,0.766420456885729,0.3181818181818182
3,1,0.866,0.7180876441539704,0.3333333333333333
3,1,0.83,0.7825809198872542,0.3611111111111111
3,0,0.044,0.26323968559095645,0.5
3,1,0.627,0.5098757842222551,0.25316455696202533
3,1,0.865,0.7022158676844785,0.37209302325581395
3,0,0.025,0.22801508008560062,0.6666666666666666
3,1,0.924,0.8078190959175273,0.6
3,1,0.894,0.7685032675853369,0.5185185185185185
3,1,0.808,0.5204089088196062,0.3220338983050847
3,1,0.774,0.6901603952708529,0.24489795918367346
3,0,0.18456666666666666,0.03814486834554923,0.7676767676767676
3,1,0.92,0.8078889714193226,0.43137254901960786
3,0,0.634,0.5027804218334487,0.5
3,1,0.7129,0.38201547225458315,0.20238095238095238
3,1,0.687,0.7733900030828152,0.5
3,1,0.8727999999999999,0.8943790507296375,0.6666666666666666
3,0,0.08,0.04679113226515432,0.7816091954022989
3,1,0.7792333333333332,0.7037513472237937,0.5423728813559322
3,1,0.928,0.8983072921108898,0.3611111111111111
3,0,0.058,0.0006256218742818453,0.45
3,1,0.916,0.8610462066874137,0.38181818181818183
3,1,0.928,0.719999967736296,0.5694444444444444
3,0,0.03666666666666667,0.1614386102536676,0.6071428571428571
3,1,0.942,0.8816828264679443,0.35
3,1,0.952,0.8174531827049838,0.3541666666666667
3,1,0.9261666666666667,0.6850258377420867,0.3333333333333333
3,1,0.934,0.8382886677036024,0.55
3,0,0.4631666666666666,0.14453656733250647,0.23170731707317074
3,0,0.5191666666666668,0.11273311142633462,0.2125
3,0,0.5776666666666668,0.21505135827181412,0.1927710843373494
3,0,0.5098333333333334,0.07985469840171171,0.1919191919191919
3,0,0.216,0.10185635409930481,0.6944444444444444
3,1,0.942,0.5246553385573204,0.967741935483871
3,1,0.984,0.8934063786249458,0.5588235294117647
3,1,0.8662333333333332,0.7059176623470689,0.36764705882352944
3,0,0.084,0.22546187455640582,0.5072463768115942
3,1,0.936,0.7628636015783541,0.27692307692307694
3,1,0.8906666666666667,0.7264782070899996,0.4057971014492754
3,1,0.475,0.7712674929048458,0.410958904109589
3,1,0.7454,0.8189140938258718,0.36363636363636365
3,1,0.6825000000000001,0.5372717410191915,0.475
3,1,0.6265333333333334,0.6006580239711801,0.5128205128205128
3,1,0.20006190476190477,0.5027507399633541,0.6071428571428571
3,1,0.7767999999999999,0.6143899125562322,0.7564102564102564
3,0,0.7701333333333333,0.561748697413615,0.4772727272727273
3,1,0.796,0.46773148714374085,0.4716981132075472
3,1,0.7114,0.49352964014334766,0.31343283582089554
3,1,0.613,0.8005222823441218,0.32
3,1,0.6601571428571429,0.8036237607899369,0.40816326530612246
3,1,0.6386333333333332,0.806688662132359,0.33962264150943394
3,1,0.7289666666666665,0.8671006815713747,0.3142857142857143
3,1,0.7151666666666666,0.8031318708987347,0.3283582089552239
3,1,0.9046666666666667,0.824043597408141,0.3409090909090909
3,0,0.328,0.36514690579256925,0.5818181818181818
3,1,0.6803047619047617,0.11211986541772781,0.23404255319148937
3,1,0.772,0.14746295917309657,0.23333333333333334
3,0,0.732,0.06211997772231267,0.22857142857142856
3,1,0.936,0.6117581324959557,0.704225352112676
3,1,0.866,0.6266702995667135,0.5166666666666667
3,0,0.3363333333333334,0.7713242921208021,0.625
3,1,0.992,0.8946759738616877,0.6842105263157895
3,1,0.89,0.8603426153691996,0.4418604651162791
3,1,0.992,0.8946759738616877,0.6842105263157895
3,1,0.944,0.8578665954553822,0.3958333333333333
3,1,0.97,0.8343777610522761,0.5945945945945946
3,1,0.874,0.8095865266369296,0.3829787234042553
3,1,0.9135,0.7567032344553379,0.7241379310344828
3,1,0.922,0.7413871891739283,0.45161290322580644
3,0,0.922,0.7413871891739283,0.45161290322580644
3,1,0.866,0.8212646029357098,0.6833333333333333
3,0,0.09,0.026663506257601315,0.6145833333333334
3,1,0.6317333333333333,0.5444147394219824,0.32954545454545453
3,1,0.904,0.8872938916424403,0.5333333333333333
3,1,0.5801666666666667,0.7527576059497234,0.2857142857142857
3,1,0.978,0.7879588018808485,0.625
3,1,0.978,0.7879588018808485,0.625
3,1,0.922,0.760122846525635,0.5254237288135594
3,1,0.974,0.7883690382975512,0.6451612903225806
3,1,0.916,0.7893424168483412,0.4426229508196721
3,1,0.913,0.7684311734200697,0.7142857142857143
3,0,0.718,0.4767921040562221,0.2682926829268293
3,1,0.9186666666666667,0.8768474215440221,0.5535714285714286
3,1,0.9057999999999999,0.89570250506693,0.6271186440677966
3,1,0.8819666666666667,0.8574545929731613,0.4264705882352941
3,1,0.860752380952381,0.8159272079713472,0.42028985507246375
3,1,0.6343333333333334,0.758114031973407,0.28
3,1,0.717,0.4308167110659485,0.49295774647887325
3,1,0.86,0.8746019487628053,0.40425531914893614
3,0,0.40066666666666667,0.008139952411011486,0.23308270676691728
3,1,0.8061666666666666,0.7550347357902856,0.36363636363636365
3,1,0.8904,0.4711418350541501,0.5222222222222223
3,1,0.8984,0.4519077713278919,0.5108695652173914
3,1,0.956,0.7396873615878062,0.6153846153846154
3,1,0.7943333333333332,0.6007045605275229,0.2857142857142857
3,1,0.893,0.899073523221073,0.23333333333333334
3,1,0.9065666666666666,0.7876772782367938,0.4318181818181818
3,1,0.2866666666666666,0.06416123637228274,0.4268292682926829
3,1,0.162,0.13745087795642352,0.7530864197530864
3,1,0.9225714285714286,0.7933917856470731,0.575
3,0,0.7648666666666667,0.23409344961047227,0.29545454545454547
3,0,0.08,0.017972562274186626,0.7738095238095238
3,1,0.7243333333333333,0.4038557249872441,0.2
3,1,0.953,0.8875055503152823,0.5116279069767442
3,1,0.7896666666666666,0.4086267021228254,0.35555555555555557
3,1,0.834,0.8649842029567414,0.39473684210526316
3,1,0.7388333333333333,0.9016392329216248,0.3076923076923077
3,1,0.7712,0.8054778405849171,0.40540540540540543
3,1,0.8553333333333334,0.768798650303452,0.2916666666666667
3,1,0.8317333333333333,0.8751148377907491,0.36
3,1,0.8191333333333332,0.8814643283994166,0.32
3,1,0.7929333333333334,0.8464617257604425,0.3448275862068966
3,1,0.926,0.8782158497347567,0.3829787234042553
3,1,0.7278666666666667,0.8636810326760486,0.5319148936170213
3,1,0.8451333333333333,0.8753076604932224,0.4
3,1,0.8591333333333333,0.8767376560388099,0.3404255319148936
3,1,0.7503333333333333,0.8083693922584745,0.3191489361702128
3,1,0.7712,0.8054778405849171,0.40540540540540543
3,1,0.7476666666666667,0.7996225463376095,0.37209302325581395
3,0,0.878,0.8802768399713005,0.34545454545454546
3,1,0.692,0.6558018808948531,0.48936170212765956
3,1,0.7314333333333333,0.6715399958093807,0.45714285714285713
3,1,0.834,0.8649842029567414,0.39473684210526316
3,1,0.8436190476190477,0.6676395467747557,0.3409090909090909
3,1,0.913,0.8627010164636127,0.40816326530612246
3,1,0.8446666666666668,0.8000927060310231,0.2708333333333333
3,1,0.938,0.7652838849097457,0.6727272727272727
3,1,0.938,0.7652838849097457,0.6727272727272727
3,1,0.9444,0.43270265122033214,0.7564102564102564
3,1,0.904,0.7430494379904371,0.5142857142857142
3,1,0.894,0.44051720808351447,0.6923076923076923
3,1,0.858,0.3824622999104756,0.6617647058823529
3,1,0.8653333333333334,0.8412065541091888,0.38181818181818183
3,1,0.986,0.8282751610630815,0.6415094339622641
3,0,0.014,0.34954014648071546,0.7777777777777778
3,1,0.876,0.711628726491991,0.21212121212121213
3,1,0.606,0.33505858381523157,0.2619047619047619
3,1,0.882,0.7801566033060328,0.39436619718309857
3,1,0.9046666666666667,0.5738033865918184,0.6842105263157895
3,1,0.9166666666666667,0.5794595248573243,0.6962025316455697
3,1,0.843,0.6355797005759728,0.6309523809523809
4,1,0.84,0.8729187616178301,0.325
4,1,0.88,0.8563963107588546,0.2708333333333333
4,1,0.828,0.7506942566560975,0.2714285714285714
4,1,0.9096666666666667,0.332357212319779,0.5975609756097561
4,1,0.4406666666666667,0.6909033684878224,0.47058823529411764
4,1,0.923,0.7951169091735703,0.34375
4,1,0.9212,0.7845082243473801,0.30303030303030304
4,1,0.82,0.7139493953154367,0.2631578947368421
4,1,0.8827666666666667,0.8342726706408277,0.4626865671641791
4,1,0.6826666666666666,0.48711580851474173,0.27419354838709675
4,1,0.792,0.7940867517445952,0.44
4,1,0.998,0.8896560432151188,0.65
4,1,0.9486666666666667,0.8508187033040138,0.4418604651162791
4,1,0.942,0.7858820238339393,0.4523809523809524
4,1,0.982,0.8870471794570634,0.631578947368421
4,1,0.942,0.8249914992013602,0.43478260869565216
4,1,0.988,0.8167915690129074,0.6111111111111112
4,1,0.9865,0.8398924745286467,0.5
4,1,0.998,0.8896560432151188,0.65
4,1,0.9945,0.8832235825575133,0.6170212765957447
4,1,0.7452222222222221,0.5001354143019743,0.43478260869565216
4,1,0.9506666666666668,0.8793959832813124,0.45098039215686275
4,1,0.948,0.8012698041866692,0.4117647058823529
4,1,0.9506666666666668,0.8793959832813124,0.45098039215686275
4,1,0.948,0.8012698041866692,0.4117647058823529
4,1,0.9065,0.7497786170614361,0.3448275862068966
4,1,0.8783333333333334,0.6517050043962661,0.47692307692307695
4,1,0.9663999999999999,0.7902618029494881,1.0
4,1,0.874,0.6003463162426528,0.3888888888888889
4,0,0.22555555555555554,0.14665047008501067,0.6491228070175439
4,1,0.613,0.42782072365093327,0.3170731707317073
4,0,0.068,0.014875341355147061,0.7857142857142857
4,1,0.932,0.9022931852630549,0.3888888888888889
4,1,0.74,0.5178932753453407,0.4666666666666667
4,1,0.3563888888888889,0.6768270150945834,0.6545454545454545
4,0,0.23716666666666666,0.6075001544383054,0.39473684210526316
4,0,0.154,0.605147510189385,0.4406779661016949
4,0,0.22466666666666665,0.5711954672727553,0.32926829268292684
4,1,0.7775,0.5856836307228721,0.24324324324324326
4,1,0.972,0.7535969171372888,0.5686274509803921
4,0,0.42616666666666664,0.0008493528616870395,0.7777777777777778
4,0,0.49016666666666664,0.0070723594858333235,0.863013698630137
4,0,0.3521666666666667,0.0022109556621457195,0.6785714285714286
4,1,0.673,0.864904468680141,0.391304347826087
4,1,0.57,0.7797420521364407,0.3617021276595745
4,1,0.673,0.864904468680141,0.391304347826087
4,0,0.3933333333333333,0.5564067428321474,0.3013698630136986
4,1,0.96,0.7969438700944906,0.775
4,1,0.934,0.8336884825588623,0.4418604651162791
4,0,0.0225,0.05609356022887773,0.5301204819277109
4,0,0.829,0.489649809488023,0.3246753246753247
4,0,0.8001333333333334,0.2857020963851025,0.3125
4,0,0.829,0.489649809488023,0.3246753246753247
4,0,0.8004,0.29167871592987166,0.30864197530864196
4,0,0.8004,0.29167871592987166,0.30864197530864196
4,1,0.809,0.6905346807945414,0.28205128205128205
4,1,0.809,0.6905346807945414,0.28205128205128205
4,1,0.5881666666666666,0.7222320478421898,0.34545454545454546
4,1,0.832,0.8204832028597476,0.5208333333333334
4,0,0.5014666666666667,0.6451841348386023,0.6041666666666666
4,1,0.917,0.5194566518993409,0.4358974358974359
4,0,0.04466666666666667,0.028690042747125225,0.7126436781609196
4,1,0.671,0.707188598531742,0.3835616438356164
4,0,0.22933333333333333,0.016902428928712368,0.4230769230769231
4,1,0.9536666666666667,0.7907757189263238,0.6271186440677966
4,0,0.6425,0.5425084277511981,0.373134328358209
4,1,0.3865,0.0381914270288572,0.2808988764044944
4,1,0.721,0.7197082584861443,0.5
4,1,0.7856666666666667,0.6367353359737895,0.25757575757575757
4,1,0.727,0.595896797744533,0.25757575757575757
4,1,0.8026666666666668,0.6426002322853213,0.25757575757575757
4,1,0.7793333333333333,0.6136748980648924,0.4
4,1,0.938,0.7012759826662348,0.6896551724137931
4,1,0.7522000000000001,0.7321297616986865,0.4745762711864407
4,1,0.988,0.8346617250864374,0.660377358490566
4,1,0.7086666666666667,0.5404386617471941,0.3870967741935484
4,1,0.968,0.8326320915732596,0.6923076923076923
4,1,0.842,0.5720936310756695,0.4714285714285714
4,1,0.7626666666666666,0.6792236278136933,0.4666666666666667
4,1,0.979,0.8211421668565795,0.6923076923076923
4,1,0.718,0.5661241696638968,0.3815789473684211
4,1,0.806,0.5803318632286236,0.5076923076923077
4,1,0.7464000000000001,0.6113781752582282,0.3142857142857143
4,1,0.99,0.839592249867828,0.7272727272727273
4,1,0.832,0.5876632189944571,0.4444444444444444
4,1,0.922,0.7440449998106163,0.6041666666666666
4,1,0.9276,0.7122315100811651,0.6140350877192983
4,1,0.8398,0.46971018502867523,0.6724137931034483
4,1,0.7613333333333334,0.6929870796341125,0.5294117647058824
4,1,0.7886666666666666,0.6852396712246602,0.6071428571428571
4,1,0.874,0.6754563999373769,0.4838709677419355
4,1,0.972,0.7752492503592309,0.6923076923076923
4,1,0.92,0.7316842377487816,0.5918367346938775
4,1,0.7366666666666667,0.5562666742901848,0.3898305084745763
4,1,0.984,0.8017889225799614,0.6724137931034483
4,1,0.9236,0.7195864227636517,0.6481481481481481
4,1,0.8253333333333333,0.47696576256351586,0.5409836065573771
4,1,0.862,0.7708941397588628,0.30434782608695654
4,1,0.8936666666666666,0.7316344728869548,0.2835820895522388
4,1,0.9256666666666666,0.7685421541156245,0.6071428571428571
4,1,0.8387380952380952,0.7746090555246303,0.32608695652173914
4,0,0.7496666666666666,0.7795933385644175,0.2222222222222222
4,0,0.8361666666666666,0.7839344483665329,0.2682926829268293
4,1,0.7945,0.45701418773357194,0.6363636363636364
4,1,0.741131746031746,0.7444502953846218,0.38461538461538464
4,1,0.918,0.8118938205822702,0.5555555555555556
4,1,0.8105,0.7122483589531734,0.32727272727272727
4,1,0.924,0.6415674278781465,0.4782608695652174
4,1,0.862,0.732405367923951,0.4057971014492754
4,1,0.8123333333333332,0.839235560655283,0.4423076923076923
4,1,0.8083333333333332,0.8408848219897629,0.4423076923076923
4,1,0.8423333333333333,0.8443584006263062,0.5869565217391305
4,1,0.7397999999999999,0.4569192111946755,0.2391304347826087
4,0,0.3521333333333333,0.2314562769632684,0.6493506493506493
4,1,0.8979,0.7814207957217227,0.5094339622641509
4,1,0.982,0.771383045163609,0.6363636363636364
4,1,0.7666666666666666,0.6963353181676328,0.21978021978021978
4,0,0.29776666666666673,0.4693280776642058,0.5230769230769231
4,0,0.2594666666666667,0.6295154633652731,0.6607142857142857
4,0,0.3876,0.6118752752104857,0.603448275862069
4,0,0.1485,0.48442145164563954,0.6727272727272727
4,1,0.93,0.8062892639090838,0.6530612244897959
4,1,0.81,0.7908366419681426,0.6481481481481481
4,1,0.8736666666666667,0.715340376975382,0.36619718309859156
4,1,0.9716666666666667,0.8134387688346173,0.5945945945945946
4,1,0.9736666666666667,0.8874529582692984,0.5945945945945946
4,1,0.884,0.8084957882610998,0.38181818181818183
4,0,0.788,0.7377439164306744,0.3090909090909091
4,1,0.6627333333333334,0.0429586955978548,0.2824427480916031
4,1,0.7154047619047618,0.05741345046522307,0.2868217054263566
4,0,0.6650714285714285,0.021422380256268067,0.2868217054263566
4,1,0.7694,0.7067733063154086,0.3389830508474576
4,0,0.42349999999999993,0.04080806328687616,0.18238993710691823
4,1,0.669,0.6338569395825046,0.5714285714285714
4,1,0.6330833333333333,0.6146634314429444,0.3050847457627119
4,0,0.6330833333333333,0.6146634314429444,0.3050847457627119
4,1,0.81,0.649569562868795,0.3023255813953488
4,0,0.746,0.47768315961229235,0.43333333333333335
4,0,0.2863333333333334,0.09022939683687654,0.2716049382716049
4,1,0.95,0.7023216306090311,0.45
4,1,0.8936666666666666,0.5790917464453792,0.4117647058823529
4,1,0.966,0.6568775809340545,0.48484848484848486
4,1,0.876,0.7782374360159128,0.6666666666666666
4,1,0.922,0.8073011406059788,0.3191489361702128
4,1,0.872,0.8866772124749059,0.5333333333333333
4,1,0.7937333333333334,0.6962921514976512,0.4393939393939394
4,1,0.8775904761904763,0.80222833958842,0.328125
4,1,0.352,0.7416801770518384,0.42857142857142855
4,1,0.961,0.5630251587876559,0.7966101694915254
4,0,0.6236666666666667,0.7752151840970363,0.3023255813953488
4,0,0.6236666666666667,0.7752151840970363,0.3023255813953488
4,0,0.6236666666666667,0.7752151840970363,0.3023255813953488
4,1,0.9103333333333332,0.6140910918949011,0.5714285714285714
4,1,0.4374166666666667,0.17722613380468186,0.4426229508196721
4,1,0.7145,0.6220812328671098,0.21052631578947367
4,1,0.965,0.8816979159893847,0.5333333333333333
4,0,0.965,0.8816979159893847,0.5333333333333333
4,1,0.889,0.8323726072367618,0.43636363636363634
4,1,0.925,0.5082057093178894,0.578125
4,1,0.914,0.676126932445906,0.5344827586206896
4,1,0.8622857142857142,0.7171891641654322,0.625
4,1,0.9773333333333334,0.6813308858933755,0.7818181818181819
4,1,0.931,0.562251076533069,0.6125
4,1,0.962,0.689413977807555,0.7368421052631579
4,1,0.9633333333333334,0.5716944250212199,0.7333333333333333
4,1,0.9766666666666667,0.8675318612629243,0.65
4,1,0.9826666666666666,0.8803948717615975,0.6842105263157895
4,1,0.8296,0.7792888146732044,0.2222222222222222
4,1,0.709,0.6393604332305942,0.3148148148148148
4,1,0.886,0.7267752757364601,0.6551724137931034
4,0,0.435,0.01176277887530608,0.21774193548387097
4,0,0.473,0.14459556305186877,0.4117647058823529
4,0,0.2778333333333334,0.004448347680985798,0.39759036144578314
4,1,0.946,0.8180850865886136,0.6981132075471698
4,0,0.1504,0.003230716147869625,0.44954128440366975
4,1,0.882,0.8829672990562556,0.40350877192982454
4,1,0.936,0.6805129165995765,0.7142857142857143
4,1,0.952,0.8919004110514523,0.3541666666666667
4,0,0.30689999999999995,0.07390877371141115,0.46808510638297873
4,1,0.9310000000000002,0.8586011423453456,0.4
4,1,0.7084,0.5132919988241837,0.2542372881355932
4,1,0.808,0.5706850708298057,0.5507246376811594
4,0,0.134,0.03207297354011781,0.4489795918367347
4,0,0.124,0.026099110243036905,0.4387755102040816
4,0,0.128,0.014049493898665616,0.43
4,0,0.156,0.013548597257483717,0.43564356435643564
4,1,0.652,0.6702096933919985,0.5294117647058824
4,1,0.6013,0.6778778313429995,0.23529411764705882
4,1,0.9131666666666668,0.5378435825675066,0.43283582089552236
4,1,0.9135,0.7363471607279367,0.4444444444444444
4,1,0.613,0.5681525173558134,0.29850746268656714
4,1,0.928,0.6073178279579966,0.9347826086956522
4,1,0.873,0.3662854512415808,0.7910447761194029
4,1,0.917,0.5255245722031455,0.4473684210526316
4,1,0.876,0.6723826724967332,0.35
4,1,0.7451666666666666,0.5153793170565225,0.3220338983050847
4,0,0.273,8.657634517123027e-11,0.41621621621621624
4,1,0.8145,0.562251270181291,0.27058823529411763
4,1,0.874,0.703970722186882,0.5405405405405406
4,1,0.8905,0.7381619684173684,0.5897435897435898
4,1,0.8965,0.8393273090834017,0.5
4,1,0.186,0.39639502959293593,0.5333333333333333
4,1,0.7744,0.6092695946434026,0.352112676056338
4,1,0.737,0.7145735240867462,0.2835820895522388
4,0,0.7073333333333334,0.2183480213459802,0.2727272727272727
4,1,0.898,0.786401342774082,0.9148936170212766
4,1,0.904,0.7944581812649605,0.6730769230769231
4,1,0.859,0.6128935724429624,0.6981132075471698
4,1,0.9003333333333332,0.7600569532375354,0.2631578947368421
4,0,0.38266666666666665,0.06530146650858307,0.2857142857142857
4,0,0.8386666666666667,0.6104883209774085,0.28125
4,0,0.308,0.25901711547113543,0.36363636363636365
4,0,0.272,0.02776572304141328,0.4842105263157895
4,1,0.8244999999999999,0.6815396457102154,0.39655172413793105
4,1,0.917,0.8665202629738704,0.3695652173913043
4,0,0.128,0.012397375167968615,0.4230769230769231
4,0,0.146,0.007956435647338288,0.3898305084745763
4,0,0.15906666666666666,0.45023078080053924,0.47540983606557374
4,1,0.6608333333333333,0.8343260285232308,0.32
4,1,0.8415,0.6727571522599385,0.4411764705882353
4,1,0.7577999999999999,0.5845805848138922,0.3389830508474576
4,1,0.8916499999999999,0.6609909803557871,0.4666666666666667
4,1,0.916,0.3786673106890118,0.6949152542372882
4,1,0.944,0.7271636954118433,0.6166666666666667
4,1,0.956,0.767549981873815,0.6607142857142857
4,1,0.888,0.7262038778895684,0.6610169491525424
4,1,0.91,0.5862945728773294,0.6491228070175439
4,1,0.6004603174603174,0.3136904724844783,0.3924050632911392
4,1,0.6147999999999999,0.6931236029951108,0.45588235294117646
4,1,0.907,0.6321118283421506,0.6309523809523809
4,1,0.91,0.4847121689721417,0.6962025316455697
4,1,0.9516666666666667,0.7439821173879606,0.4594594594594595
4,1,0.9753333333333333,0.8905919310398838,0.6285714285714286
4,1,0.948,0.8873348468072164,0.4897959183673469
4,1,0.7411666666666666,0.7245288445319386,0.4090909090909091
4,1,0.934,0.8481075042292846,0.4375
4,1,0.8214047619047619,0.8400491157600671,0.6792452830188679
4,1,0.8495,0.18026049774531588,0.5473684210526316
4,1,0.7405,0.40324182875781045,0.5517241379310345
4,1,0.803,0.41631972251483834,0.27586206896551724
4,1,0.8785,0.6780079978504889,0.24
4,1,0.99,0.8815154764430675,0.59375
4,0,0.2485,0.02055823082763489,0.4444444444444444
4,0,0.3165,0.017746283118181654,0.46835443037974683
4,0,0.11711904761904762,0.0109761171676759,0.6567164179104478
4,0,0.215,0.015769295704505852,0.5512820512820513
4,0,0.183,0.018835152578800085,0.746268656716418
4,0,0.19607142857142856,0.018170172406758084,0.5616438356164384
4,0,0.211,0.017689592829086997,0.5657894736842105
4,0,0.22916666666666669,0.009345186793944566,0.6533333333333333
4,0,0.18228571428571427,0.019346241060156765,0.5571428571428572
4,0,0.12878571428571428,0.002756120190783211,0.6567164179104478
4,0,0.215,0.015769295704505852,0.5512820512820513
4,1,0.9310666666666666,0.7817613498252536,0.6086956521739131
4,1,0.6435333333333333,0.5101491447412306,0.475
4,1,0.6092571428571427,0.5836563907102963,0.5128205128205128
4,1,0.1852,0.4838401293876098,0.6071428571428571
4,0,0.338,0.6549792582731967,0.7469879518072289
4,1,0.7601666666666667,0.6637456733696461,0.7272727272727273
4,0,0.636,0.8114349792384431,0.421875
4,1,0.926,0.8555744916662843,0.6170212765957447
4,0,0.038,0.06026578781434452,0.72
4,1,0.853,0.712192363769107,0.7241379310344828
4,1,0.8836666666666666,0.8371419931098266,0.7142857142857143
4,1,0.8546666666666666,0.8175656519350895,0.2682926829268293
4,1,0.828,0.6955771346873791,0.38461538461538464
4,0,0.47155,0.6548748961325805,0.6595744680851063
4,0,0.138,0.14268658917744056,0.7123287671232876
4,0,0.012,0.06188639084915176,0.6883116883116883
4,1,0.83,0.6252072384493338,0.6538461538461539
4,1,0.926,0.7580817731719193,0.6170212765957447
4,1,0.938,0.7942359693619448,0.375
4,1,0.8116666666666666,0.867299768525911,0.45161290322580644
4,1,0.547,0.7420156882766018,0.2857142857142857
4,1,0.6585,0.6701113380315097,0.3333333333333333
4,1,0.6560666666666666,0.23345460946263516,0.453125
4,0,0.062,0.38320602123636743,0.7
4,0,0.38553333333333334,0.6607242499641041,0.6458333333333334
4,0,0.6861666666666667,0.7762887025207292,0.26
4,0,0.7371666666666667,0.8180545818595013,0.24561403508771928
4,1,0.88,0.7495435624163247,0.45454545454545453
4,1,0.868,0.799574311892642,0.39215686274509803
4,0,0.7566666666666666,0.00045053299098830695,0.19767441860465115
4,1,0.83,0.5779930100049687,0.3333333333333333
4,1,0.3558333333333334,0.011643597005655306,0.4805194805194805
4,1,0.8501666666666666,0.6970164986703589,0.5535714285714286
4,1,0.092,0.056338550420019146,0.6944444444444444
4,1,0.6703333333333333,0.2755153932146547,0.5507246376811594
4,1,0.846,0.8722839483370453,0.2926829268292683
4,1,0.6046666666666668,0.4270078750772411,0.3695652173913043
4,1,0.6046666666666668,0.4270078750772411,0.3695652173913043
4,0,0.23266666666666666,0.6418396359185342,0.5625
4,1,0.602,0.473271880997038,0.703125
4,0,0.316,0.39914078992193075,0.7407407407407407
4,1,0.7651666666666668,0.8329159842687718,0.46296296296296297
4,1,0.859,0.6268707975414157,0.2
4,1,0.9086666666666667,0.856412437818756,0.3409090909090909
4,1,0.848,0.6408716632427089,0.6779661016949152
4,0,0.096,0.5102009003477664,0.5483870967741935
4,0,0.06,0.08922633562598256,0.5076923076923077
4,1,0.871,0.6318902874748483,0.5263157894736842
4,1,0.956,0.8939565363109686,0.30434782608695654
4,1,0.958,0.8964406139048934,0.6285714285714286
4,1,0.805,0.8517225556635704,0.5106382978723404
4,0,0.721,0.7822800702225498,0.3090909090909091
4,1,0.966,0.876792615739376,0.43636363636363634
4,1,0.948,0.797368589824789,0.4
4,1,0.8056666666666666,0.7607588793212549,0.27692307692307694
4,1,0.758,0.6374634082005635,0.2631578947368421
4,1,0.8056666666666666,0.7607588793212549,0.27692307692307694
4,1,0.8056666666666666,0.7607588793212549,0.27692307692307694
4,1,0.758,0.6374634082005635,0.2631578947368421
4,1,0.85,0.7574345118871705,0.5245901639344263
4,1,0.662,0.5254409468901836,0.3333333333333333
4,1,0.798,0.8582613214124507,0.5681818181818182
4,1,0.831,0.011619982481236541,0.6901408450704225
4,1,0.8195333333333333,0.3525715766230631,0.5113636363636364
4,1,0.8063333333333332,0.33117161429985487,0.5
4,0,0.134,0.011013615475485334,0.3865546218487395
4,1,0.8948333333333334,0.8880310727997035,0.25862068965517243
4,1,0.4926333333333333,0.24524828499495502,0.5535714285714286
4,1,0.6924222222222223,0.5336236297222181,0.26666666666666666
4,0,0.6924222222222223,0.5336236297222181,0.26666666666666666
4,1,0.904,0.45984726532096215,0.5909090909090909
4,1,0.776,0.2672188430226405,0.5142857142857142
4,1,0.882,0.3816625756404749,0.5555555555555556
4,1,0.798,0.26116884318255873,0.5070422535211268
4,1,0.828,0.27279434175679046,0.7096774193548387
4,1,0.944,0.33660528195408274,0.7121212121212122
4,1,0.83,0.3303179899738252,0.4819277108433735
4,1,0.93,0.4533262529387054,0.6857142857142857
4,1,0.84,0.2600727636145451,0.5316455696202531
4,1,0.75,0.6725476763778262,0.6440677966101694
4,1,0.9225,0.38856275763287884,0.7564102564102564
4,1,0.954,0.3307568825188186,0.6794871794871795
4,1,0.95,0.38903408235485515,0.6875
4,1,0.828,0.30608100754401607,0.5542168674698795
4,1,0.8513333333333333,0.13410436783370355,0.5454545454545454
4,1,0.695,0.522107386802826,0.34065934065934067
4,1,0.614,0.4588675850853646,0.3815789473684211
4,1,0.82,0.45984726532096215,0.42168674698795183
4,1,0.76,0.3311911917268688,0.5342465753424658
4,1,0.68,0.27240105610742826,0.5882352941176471
4,1,0.826,0.3200795668978504,0.5897435897435898
4,1,0.894,0.3448741175323136,0.7076923076923077
4,0,0.9353333333333332,0.13867350424457267,0.7096774193548387
4,1,0.82,0.1816069737815764,0.6266666666666667
4,1,0.86,0.32858066809582515,0.7285714285714285
4,1,0.813,0.43862801462981926,0.5844155844155844
4,1,0.782,0.24774007079624505,0.4235294117647059
4,1,0.774,0.4348778962265669,0.5652173913043478
4,1,0.82,0.38119460959091467,0.3956043956043956
4,1,0.828,0.519324510936819,0.64
4,1,0.8785,0.381662575640475,0.6125
4,1,0.66,0.44205236673242904,0.36363636363636365
4,1,0.711,0.5172918985006858,0.39325842696629215
4,1,0.666,0.49856205661618536,0.38461538461538464
4,1,0.8856666666666667,0.3624775550555014,0.6282051282051282
4,1,0.892,0.30177770377961405,0.7361111111111112
4,0,0.667,0.274883596705638,0.5970149253731343
4,1,0.846,0.17156257437640077,0.6025641025641025
4,1,0.842,0.32280385023281244,0.6438356164383562
4,1,0.916,0.40365910099997326,0.6455696202531646
4,1,0.736,0.7036305678576038,0.5428571428571428
4,1,0.768,0.5035551175331066,0.5
4,1,0.94,0.47565089692577467,0.6842105263157895
4,1,0.77,0.487280067660163,0.48314606741573035
4,1,0.695,0.522107386802826,0.34065934065934067
4,1,0.669,0.5099598965748001,0.3516483516483517
4,1,0.8392000000000001,0.25358576209114686,0.4936708860759494
4,1,0.821,0.5352102255720494,0.43529411764705883
4,1,0.946,0.4425416138059898,0.7580645161290323
4,1,0.958,0.5117122077674033,0.6933333333333334
4,1,0.822,0.4440613094088738,0.5657894736842105
4,1,0.8742000000000001,0.31484886940621837,0.5116279069767442
4,1,0.936,0.22753415045911132,0.6578947368421053
4,1,0.732,0.42617405060136365,0.4939759036144578
4,1,0.786,0.4950582766757626,0.48863636363636365
4,1,0.856,0.4348778962265669,0.6875
4,1,0.848,0.432993507806778,0.5797101449275363
4,1,0.667,0.274883596705638,0.5970149253731343
4,1,0.881,0.3389554558795849,0.589041095890411
4,1,0.771,0.13471411521714716,0.5897435897435898
4,1,0.84,0.6617467719225639,0.5909090909090909
4,1,0.752,0.47555907394710445,0.6984126984126984
4,1,0.92,0.27278997300131436,0.609375
4,1,0.744,0.4593601205654235,0.5735294117647058
4,1,0.852,0.2615517415364481,0.5882352941176471
4,1,0.59,0.4413532092803066,0.5223880597014925
4,1,0.746,0.5165839189187139,0.527027027027027
4,0,0.54,0.28015762385781845,0.746031746031746
4,1,0.648,0.6397383737800608,0.3333333333333333
4,1,0.77,0.23571148028799377,0.5285714285714286
4,1,0.877,0.39137729424997664,0.6219512195121951
4,1,0.692,0.44974189805752973,0.4634146341463415
4,1,0.708,0.5063425056518386,0.4823529411764706
4,1,0.89,0.38606950812488294,0.5227272727272727
4,1,0.938,0.3148098983224741,0.7671232876712328
4,0,0.936,0.2676073985497157,0.6875
4,0,0.016,0.22807928578104747,0.6779661016949152
4,1,0.7651666666666668,0.6863754206898147,0.5
4,0,0.042,0.23089792862504374,0.6363636363636364
4,1,0.7362000000000001,0.60643204227636,0.24444444444444444
4,0,0.172,0.32658289970511317,0.5111111111111111
4,1,0.766926984126984,0.7743039574028157,0.4230769230769231
4,1,0.8053333333333333,0.23686399440881614,0.6619718309859155
5,1,0.9383333333333334,0.76981082383375,0.5636363636363636
5,0,0.05,0.1361005289725344,0.5616438356164384
5,0,0.266,0.06542820832915694,0.5444444444444444
5,0,0.18962222222222225,0.012826554047980917,0.6464646464646465
5,0,0.246,0.05749266991081865,0.7294117647058823
5,0,0.184,0.02794712179489461,0.7857142857142857
5,0,0.435,0.046529711725677624,0.3877551020408163
5,0,0.24753333333333333,0.03194790028641194,0.6511627906976745
5,0,0.2155,0.05748371533475184,0.6704545454545454
5,0,0.238,0.02992344105103391,0.6458333333333334
5,0,0.241,0.03437496726132076,0.5652173913043478
5,1,0.7115,0.6420148212512213,0.2765957446808511
5,0,0.193,0.08701288053607754,0.6
5,0,0.169,0.08613661947986478,0.6330275229357798
5,1,0.986,0.8585548669134133,0.825
5,1,0.968,0.783602570280445,0.8157894736842105
5,1,0.7503,0.7407962346492432,0.3
5,1,0.7354666666666667,0.6303125077807306,0.2786885245901639
5,1,0.7503,0.7407962346492432,0.3
5,1,0.7503,0.7407962346492432,0.3
5,1,0.7354666666666667,0.6303125077807306,0.2786885245901639
5,1,0.95,0.7324753942065165,0.6153846153846154
5,0,0.198,0.21413749390099868,0.7123287671232876
5,0,0.02,0.11437883513407075,0.6883116883116883
5,0,0.344,0.05832531004983164,0.2037037037037037
5,1,0.992,0.8597736730046742,0.6111111111111112
5,1,0.942,0.827236982811136,0.4418604651162791
5,1,0.964,0.7540555197288094,0.4523809523809524
5,1,0.96,0.8611042928686284,0.631578947368421
5,1,0.972,0.7855797531099546,0.43478260869565216
5,1,0.996,0.7853057219508977,0.6111111111111112
5,1,0.978,0.816962148630224,0.4791666666666667
5,1,0.992,0.8597736730046742,0.6111111111111112
5,1,0.99,0.8636233006234858,0.6170212765957447
5,1,0.9431666666666667,0.7841098322198543,0.6451612903225806
5,0,0.10940000000000001,0.4298383313115889,0.47540983606557374
5,1,0.872,0.7593392394883823,0.5555555555555556
5,1,0.921,0.39217565340082355,0.7704918032786885
5,1,0.8964666666666667,0.7221696183651002,0.5263157894736842
5,1,0.982,0.7776879963979018,0.9148936170212766
5,1,0.7995,0.8365954197148134,0.45161290322580644
5,1,0.8626666666666666,0.6737206118300805,0.21212121212121213
5,1,0.6075,0.4196455194039846,0.475
5,1,0.652,0.33127005951859273,0.15254237288135594
5,1,0.7252333333333333,0.7354867463370419,0.4583333333333333
5,1,0.9112857142857144,0.6631860721807235,0.3333333333333333
5,1,1.0,0.7362688772866517,0.6792452830188679
5,1,0.962,0.6896170532797878,0.639344262295082
5,1,1.0,0.8522986643168201,0.7169811320754716
5,1,1.0,0.7362688772866517,0.6792452830188679
5,1,0.9856666666666666,0.7964297143073652,0.639344262295082
5,1,0.998,0.749443055417749,0.7333333333333333
5,1,0.964,0.8249677550552664,0.578125
5,1,0.996,0.852734817876423,0.6666666666666666
5,1,1.0,0.7369419091744768,0.7547169811320755
5,1,0.974,0.8171895626103919,0.6125
5,1,0.996,0.852734817876423,0.6666666666666666
5,1,0.968,0.8549402287529067,0.532258064516129
5,1,0.988,0.6840321881714023,0.7818181818181819
5,1,0.962,0.6896170532797878,0.639344262295082
5,1,0.9612,0.7014103728344666,0.5245901639344263
5,1,0.6685666666666668,0.7687921980478727,0.4
5,0,0.594,0.5616254713250526,0.5666666666666667
5,1,0.882,0.8579110672659657,0.8787878787878788
5,0,0.023,0.25071616511325256,0.6666666666666666
5,1,0.8598333333333332,0.7957628350208804,0.3389830508474576
5,1,0.7096190476190477,0.7542602014949417,0.36363636363636365
5,1,0.7258666666666667,0.6391852901005259,0.2542372881355932
5,0,0.5865714285714285,0.2932419640458001,0.2289156626506024
5,1,0.908,0.7377546797971066,0.48214285714285715
5,1,0.958,0.8461986331945254,0.3404255319148936
5,1,0.8668333333333332,0.7912715459067279,0.44642857142857145
5,1,0.8171666666666667,0.6633937446460516,0.5774647887323944
5,0,0.25,0.17600091034839468,0.33
5,0,0.418,0.4636014372051642,0.6097560975609756
5,0,0.004,0.2575189646777373,0.6551724137931034
5,1,0.964,0.8701579467736298,0.38596491228070173
5,1,0.8766666666666667,0.7708570743747062,0.328125
5,1,0.9132055555555556,0.7117789114459072,0.3181818181818182
5,1,0.908,0.7483080512791805,0.3561643835616438
5,1,0.982,0.8653915837487951,0.423728813559322
5,1,0.94,0.8011741147634075,0.3877551020408163
5,1,0.6137571428571429,0.6550786877184949,0.28
5,1,0.928,0.7927724645688953,0.32558139534883723
5,1,0.8923,0.74851108175827,0.4
5,1,0.897,0.8548631556566751,0.36363636363636365
5,0,0.8141666666666667,0.5012999354170515,0.28125
5,1,0.8813,0.7543290200895114,0.28125
5,1,0.806,0.646863830220656,0.3939393939393939
5,1,0.8793,0.7591089311100894,0.36363636363636365
5,1,0.846,0.755233589986104,0.37209302325581395
5,1,0.986,0.49478493047897615,0.7966101694915254
5,1,0.8605,0.7844696049086455,0.5507246376811594
5,1,0.9280666666666666,0.752969014919309,0.6307692307692307
5,1,0.9366666666666666,0.7272586482840862,0.6666666666666666
5,1,0.6831666666666666,0.6276326311836424,0.21818181818181817
5,1,0.743,0.7873541645485573,0.5714285714285714
5,1,0.8176666666666667,0.4966449625132951,0.3220338983050847
5,1,0.706,0.6822302304116421,0.55
5,1,0.6266333333333334,0.7277509624730394,0.4375
5,1,0.6163333333333334,0.6502810753956308,0.3333333333333333
5,0,0.6163333333333334,0.6502810753956308,0.3333333333333333
5,1,0.87,0.4337502633409073,0.6197183098591549
5,0,0.11033333333333334,0.6025993831709108,0.603448275862069
5,1,0.827,0.6483395293824864,0.42857142857142855
5,1,0.802,0.6866967832158334,0.32
5,1,0.8482222222222222,0.37433490283223514,0.6379310344827587
5,1,0.919,0.6896154163909209,0.6166666666666667
5,1,0.932,0.7262881618911056,0.6607142857142857
5,1,0.8342222222222222,0.6818001043699492,0.6610169491525424
5,1,0.8242222222222222,0.5556833751792103,0.6491228070175439
5,0,0.078,0.18563655264517526,0.625
5,0,0.028,0.20008340188161766,0.5625
5,1,0.854,0.7359174108647508,0.30612244897959184
5,1,0.864,0.7421475079520842,0.2962962962962963
5,1,0.8150857142857143,0.8137394935626784,0.5949367088607594
5,1,0.94,0.7899525516307043,0.6111111111111112
5,1,0.8436666666666668,0.6871279228597956,0.4647887323943662
5,1,0.6433571428571428,0.7910928244222556,0.453125
5,1,0.6433571428571428,0.7910928244222556,0.453125
5,0,0.354,0.6314996945757689,0.5
5,0,0.234,0.5837275144205638,0.47368421052631576
5,0,0.326,0.6048337576293483,0.3333333333333333
5,1,0.7415,0.6414286670467904,0.2903225806451613
5,1,0.822,0.7387892784478371,0.3333333333333333
5,1,0.858,0.7366452505661623,0.3389830508474576
5,1,0.667,0.506245896272982,0.3037974683544304
5,1,0.6117333333333334,0.5254481009387267,0.42105263157894735
5,1,0.6456,0.43526892411991075,0.5853658536585366
5,0,0.6765666666666668,0.4128230809004826,0.5535714285714286
5,0,0.3035,0.49311886186769194,0.6885245901639344
5,1,0.71515,0.5743851459176481,0.36585365853658536
5,1,0.7841333333333333,0.8211690244915659,0.3125
5,1,0.7781333333333333,0.7665989121049135,0.31746031746031744
5,1,0.899,0.6688960939708306,0.6923076923076923
5,0,0.23490476190476192,0.15147029912833593,0.5633802816901409
5,0,0.3715,0.07653480124759064,0.4444444444444444
5,0,0.36057142857142854,0.053173632332637576,0.5061728395061729
5,0,0.36383333333333334,0.17599243739960493,0.48148148148148145
5,0,0.2903333333333334,0.019165724114934928,0.5121951219512195
5,1,0.6873666666666667,0.6943107325675851,0.31666666666666665
5,1,0.7074,0.5388805330875314,0.3829787234042553
5,1,0.5776,0.7631006204827505,0.4
5,1,0.6103333333333334,0.7512595490266673,0.2835820895522388
5,1,0.6607999999999999,0.7442309556891404,0.609375
5,1,0.7707333333333333,0.7380334288278994,0.6779661016949152
5,1,0.8475,0.5322402590033332,0.3541666666666667
5,1,0.94,0.7824317426929318,0.39215686274509803
5,1,0.696,0.7299289069295045,0.21428571428571427
5,1,0.8585,0.6085514470740717,0.3582089552238806
5,1,0.964,0.8600973368808018,0.41304347826086957
5,1,0.878,0.6409714446859099,0.38571428571428573
5,1,0.972,0.8061721920951785,0.6511627906976745
5,1,0.9502857142857143,0.8117834734199275,0.5833333333333334
5,0,0.27475,3.368638823847242e-08,0.41621621621621624
5,1,0.914,0.5412830882742381,0.3888888888888889
5,0,0.7334999999999999,0.624150414672519,0.36065573770491804
5,1,0.847,0.7180524882830217,0.27586206896551724
5,1,0.5746,0.3983477445796327,0.425
5,1,0.4407666666666667,0.7312237300057196,0.34545454545454546
5,1,0.7587,0.5254982757780474,0.3114754098360656
5,1,0.6704666666666667,0.7682746585967776,0.27586206896551724
5,0,0.09822222222222222,0.00041694645720593594,0.5060240963855421
5,1,0.11622222222222223,0.00016909540719794186,0.421875
5,0,0.1072,0.0008231440617833068,0.6222222222222222
5,0,0.12628571428571428,0.00021435130063591942,0.5454545454545454
5,0,0.15155555555555555,0.0007091341136257976,0.3380281690140845
5,0,0.0732,0.0007673088991768614,0.7209302325581395
5,0,0.14828571428571427,0.010598069286281035,0.5441176470588235
5,0,0.1272,0.001626586457660141,0.5306122448979592
5,0,0.17188571428571428,0.0002199885710794089,0.4426229508196721
5,0,0.152,0.0034448160925423608,0.4807692307692308
5,1,0.8435,0.739837940512536,0.20930232558139536
5,1,0.8246666666666668,0.6507542694287168,0.2804878048780488
5,0,0.208,0.025045190595690426,0.34959349593495936
5,0,0.8091666666666667,0.5270189192728028,0.2682926829268293
5,0,0.8015,0.34213323990223704,0.25882352941176473
5,0,0.8091666666666667,0.5270189192728028,0.2682926829268293
5,0,0.7891666666666668,0.3443737293098979,0.2558139534883721
5,0,0.7891666666666668,0.3443737293098979,0.2558139534883721
5,1,0.8291666666666667,0.6998602639756026,0.2911392405063291
5,1,0.8291666666666667,0.6998602639756026,0.2911392405063291
5,1,0.528,0.6465921687345975,0.208955223880597
5,1,0.7272333333333334,0.38968633314327533,0.45098039215686275
5,1,0.7417999999999998,0.4203687163060462,0.3225806451612903
5,1,0.6096333333333334,0.519483911581548,0.31666666666666665
5,0,0.162,0.14098385870523727,0.47
5,0,0.09373333333333334,0.0007964485046007042,0.45
5,0,0.212,0.4217744934886318,0.5
5,0,0.243,0.3504513500063629,0.43661971830985913
5,0,0.3146666666666667,0.514809713415323,0.4788732394366197
5,1,0.8018,0.7182764285681357,0.4025974025974026
5,1,0.868,0.48537900828057967,0.5222222222222223
5,1,0.862,0.4748643472783583,0.5108695652173914
5,1,0.6524,0.46846484348660306,0.29545454545454547
5,0,0.26822222222222225,0.003049445403568827,0.18128654970760233
5,1,0.8545,0.7210215798797796,0.4166666666666667
5,0,0.5935,0.4128059311945728,0.3387096774193548
5,1,0.9096666666666667,0.634748729003704,0.5
5,1,0.6440666666666666,0.7951857395416796,0.23636363636363636
5,1,0.6014666666666667,0.8086951428189514,0.28169014084507044
5,1,0.6144666666666667,0.8160609074473841,0.2542372881355932
5,0,0.3446666666666667,0.5597274098117012,0.8387096774193549
5,1,0.7725714285714286,0.66463022751055,0.3137254901960784
5,1,0.7445,0.678434879938767,0.4
5,1,0.816,0.5597274098117012,0.2619047619047619
5,1,0.5510571428571427,0.5139698534641812,0.3968253968253968
5,1,0.86,0.5597274098117012,0.2926829268292683
5,1,0.7445,0.6576519356413393,0.4262295081967213
5,1,0.7305,0.6692462221873755,0.41935483870967744
5,0,0.2282857142857143,0.13138089091393113,0.43137254901960786
5,0,0.07,0.23505583683945683,0.5945945945945946
5,1,0.082,0.12711619702051377,0.5063291139240507
5,0,0.246,0.1463712435604446,0.48936170212765956
5,0,0.5145,0.2443050292385903,0.5111111111111111
5,0,0.626,0.24494602910336946,0.3148148148148148
5,0,0.44866666666666666,0.2510852341749455,0.46938775510204084
5,0,0.507,0.35447126183150796,0.4423076923076923
5,0,0.5546666666666666,0.36085527085608854,0.3770491803278688
5,1,0.692,0.7510644098538878,0.273972602739726
5,1,0.8226666666666668,0.33416045831435065,0.6578947368421053
5,1,0.978,0.8297183040075513,0.6341463414634146
5,0,0.43422222222222223,0.702244134288483,0.6071428571428571
5,1,0.926,0.7445130661453362,0.4117647058823529
5,1,0.926,0.7445130661453362,0.4117647058823529
5,1,0.6935095238095239,0.677702289171171,0.5423728813559322
5,1,0.8146666666666667,0.7765300991940838,0.25862068965517243
5,1,0.988,0.8562674273614984,0.6721311475409836
5,1,0.9168999999999999,0.7901072124805922,0.39436619718309857
5,1,0.9443333333333334,0.8336526892106362,0.55
5,0,0.2144,0.4169154009767372,0.7
5,1,0.934,0.7350335423314025,0.6727272727272727
5,1,0.934,0.7350335423314025,0.6727272727272727
5,1,0.994,0.7419443835009918,0.7142857142857143
5,1,0.9932000000000001,0.5953035371416827,0.6166666666666667
5,1,0.8402222222222222,0.3898271847286692,0.6307692307692307
5,1,0.8186666666666667,0.3997036453162593,0.3783783783783784
5,1,0.992,0.850896008552575,0.6323529411764706
5,0,0.016,0.3670957319491525,0.5967741935483871
5,0,0.05,0.37369411867626906,0.5675675675675675
5,1,0.036,0.37463290977373437,0.5616438356164384
5,0,0.024,0.382231380125486,0.6
5,1,0.857,0.8653915837487951,0.4222222222222222
5,1,0.8625666666666666,0.5801438594963768,0.4666666666666667
5,1,0.862,0.5926468768931419,0.24
5,0,0.40959999999999996,0.37668431889618237,0.5818181818181818
5,1,0.788,0.6123907411894893,0.3023255813953488
5,1,0.028,0.04539039905126649,0.7126436781609196
5,0,0.7407222222222222,0.6745476437917559,0.6129032258064516
5,0,0.4722222222222222,0.49415438602913747,0.6231884057971014
5,0,0.6975666666666666,0.648157839857279,0.4444444444444444
5,0,0.6900714285714286,0.7549445493283543,0.4918032786885246
5,0,0.7175666666666666,0.6426223816225064,0.5
5,1,0.8136666666666668,0.6840229988295319,0.2535211267605634
5,0,0.018,0.22737388908240375,0.6268656716417911
5,0,0.5295666666666666,0.07672221924456002,0.5714285714285714
5,0,0.8977999999999999,0.7196554630631402,0.4782608695652174
5,0,0.316,0.2747353101724846,0.5227272727272727
5,1,0.902,0.7386598490851072,0.3170731707317073
5,1,0.898,0.8257164858830299,0.4594594594594595
5,1,0.898,0.8257164858830299,0.4594594594594595
5,1,0.7405,0.7087496717768693,0.22448979591836735
5,0,0.857,0.5052558416544923,0.40476190476190477
5,1,0.9037999999999999,0.6504518516494392,0.4722222222222222
5,1,0.9165999999999999,0.7967342865399414,0.40476190476190477
5,0,0.6227999999999999,0.5006716689312717,0.42424242424242425
5,1,0.902,0.7386598490851072,0.3170731707317073
5,1,0.8016666666666666,0.5620009225179264,0.4722222222222222
5,1,0.7150666666666666,0.6091785404825634,0.5121951219512195
5,1,0.902,0.7386598490851072,0.3170731707317073
5,1,0.898,0.8257164858830299,0.4594594594594595
5,1,0.9886666666666666,0.7020178004085202,0.6363636363636364
5,1,0.98,0.7925955673297327,0.5106382978723404
5,1,0.96,0.7931652364884604,0.41509433962264153
5,0,0.04,0.11639667088794459,0.5795454545454546
5,1,0.7292000000000001,0.8611366948857738,0.4
5,0,0.32573809523809516,0.5934755467740255,0.6458333333333334
5,1,0.952,0.727545042494175,0.5531914893617021
5,1,0.8142222222222222,0.6899791845245729,0.49056603773584906
5,0,0.3951746031746032,0.16395441305177322,0.22641509433962265
5,1,0.907,0.7045344089339924,0.3023255813953488
5,1,0.925,0.6212152335786973,0.4714285714285714
5,1,0.85,0.740475933750114,0.3235294117647059
5,1,0.9053333333333333,0.6655017811040667,0.5384615384615384
5,1,0.95,0.8364703291871186,0.6666666666666666
5,1,0.97,0.8639559349023108,0.391304347826087
5,0,0.97,0.8639559349023108,0.391304347826087
5,0,0.7393333333333334,0.2928416146026235,0.2602739726027397
5,1,0.761,0.8736098362238197,0.5681818181818182
5,1,0.9006666666666667,0.7768400992392401,1.0
5,1,0.714,0.7893151519208177,0.2413793103448276
5,1,0.8705357142857143,0.7343806992735867,0.484375
5,1,0.8756666666666667,0.8164134345337984,0.4852941176470588
5,1,0.8790023809523809,0.7909798275466278,0.5245901639344263
5,1,0.905,0.6916722639046674,0.5245901639344263
5,1,0.8985333333333333,0.7280317138394341,0.5
5,1,0.8504880952380953,0.8214749182022674,0.4852941176470588
5,1,0.8336880952380954,0.7273443196596917,0.5535714285714286
5,1,0.8696333333333335,0.7244041789454702,0.5818181818181818
5,1,0.8816333333333335,0.7205220281997083,0.5535714285714286
5,1,0.8124190476190477,0.866372324821892,0.3877551020408163
5,1,0.7162666666666666,0.4412263396158493,0.296875
5,0,0.5965,0.7090508665083066,0.42592592592592593
5,1,0.024,0.043596493428809946,0.863013698630137
5,1,0.861,0.8011209989099389,0.4230769230769231
5,1,0.118,0.5731043493753541,0.5737704918032787
5,1,0.118,0.5731043493753541,0.5737704918032787
5,1,0.118,0.5731043493753541,0.5737704918032787
5,1,0.8605,0.45682247217409017,0.8048780487804879
5,0,0.6342857142857142,0.6772194029791189,0.41379310344827586
5,0,0.028,0.17899741224019977,0.6071428571428571
5,1,0.912,0.7840403812443543,0.6
5,1,0.7616666666666666,0.6860572235643286,0.6153846153846154
5,0,0.535,0.2449138759778883,0.28440366972477066
5,0,0.501,0.37372053324952786,0.296875
5,1,0.7096666666666667,0.57617274449124,0.27848101265822783
5,1,0.5291904761904761,0.627543275344246,0.46153846153846156
5,0,0.6882333333333333,0.7434721773157551,0.31343283582089554
5,0,0.04,0.12850937228516449,0.6741573033707865
5,1,0.6105,0.8364611854099409,0.35294117647058826
5,1,0.529,0.7471264862053827,0.2857142857142857
5,1,0.7650666666666667,0.7044491178938708,0.2972972972972973
5,1,0.6513888888888888,0.2663339403287002,0.45588235294117646
5,1,0.835,0.7337954082754969,0.46153846153846156
5,1,0.8171999999999999,0.4654510815734123,0.6181818181818182
5,1,0.7677833333333332,0.32410447277638604,0.6727272727272727
5,1,0.61,0.6914769434990009,0.41025641025641024
5,0,0.5536666666666668,0.44888268168534495,0.2727272727272727
5,1,0.7943666666666666,0.6945975679104158,0.5254237288135594
5,1,0.8606666666666667,0.7683672958757629,0.6086956521739131
5,0,0.17633333333333334,0.0003246502431554486,0.7368421052631579
5,0,0.20120000000000002,0.2087366815400299,0.44776119402985076
5,1,0.034,0.19594726290193637,0.5757575757575758
5,1,0.9733999999999999,0.6582315320702395,0.425
5,1,0.972,0.8266375475458142,0.5
5,1,0.7682333333333332,0.38393284069437195,0.3409090909090909
5,1,0.7283904761904763,0.84088089295979,0.39473684210526316
5,1,0.7192999999999999,0.8793350196040264,0.3137254901960784
5,1,0.6351666666666667,0.7705915393940066,0.40540540540540543
5,1,0.836,0.7112043369235218,0.3541666666666667
5,1,0.8,0.8472511091848891,0.5
5,1,0.802,0.8571404778687702,0.42857142857142855
5,1,0.7242999999999999,0.8247861128082098,0.3409090909090909
5,1,0.9199999999999999,0.852078100840975,0.6097560975609756
5,1,0.6759333333333334,0.8389016099305648,0.35185185185185186
5,1,0.86,0.8474882289644485,0.5789473684210527
5,1,0.86,0.8497400123462714,0.45652173913043476
5,1,0.838,0.7713606193310747,0.45454545454545453
5,1,0.6351666666666667,0.7705915393940066,0.40540540540540543
5,1,0.6140666666666666,0.7618002502838822,0.37209302325581395
5,0,0.8533333333333334,0.8553004729875398,0.36
5,1,0.7217333333333332,0.6035619666716328,0.48936170212765956
5,1,0.7326666666666666,0.6471519788171337,0.45714285714285713
5,1,0.7283904761904763,0.84088089295979,0.39473684210526316
5,1,0.798,0.635218867988776,0.3409090909090909
5,1,0.8214571428571428,0.8373984527657908,0.37254901960784315
5,1,0.9162,0.6445467629521568,0.47692307692307695
5,1,0.833,0.7526433746717137,0.38461538461538464
5,0,0.007333333333333333,0.4028276833218038,0.7777777777777778
5,0,0.036,0.45092710085231524,0.5964912280701754
5,0,0.008666666666666666,0.40908919988753706,0.6875
5,0,0.038,0.40908919988753706,0.7368421052631579
5,1,0.884,0.6813793327150687,0.2127659574468085
5,0,0.066,0.09535107526593468,0.7294117647058823
5,0,0.4977333333333333,0.22482052108345843,0.26666666666666666
5,1,0.8175,0.7971601882309152,0.5208333333333334
5,0,0.2784,0.021765664948675385,0.5841584158415841
5,0,0.044,0.26223626125578076,0.6491228070175439
5,0,0.022,0.153416390750458,0.6557377049180327
5,0,0.044,0.26274667436097376,0.6779661016949152
5,0,0.022,0.33681117478189215,0.7666666666666667
5,0,0.094,0.10666903668668838,0.5714285714285714
5,0,0.046,0.15765920481099244,0.5970149253731343
5,0,0.048,0.08381807778709985,0.6323529411764706
5,0,0.048,0.10434782099147646,0.5584415584415584
5,1,0.912,0.5352365931344071,0.6774193548387096
5,1,0.827,0.34990918315963637,0.4935064935064935
5,1,0.956,0.8126544909419489,0.4117647058823529
5,1,0.7633888888888889,0.6838712767069313,0.2857142857142857
5,1,0.976,0.8733944661297076,1.0
5,1,0.7270666666666665,0.6969579108588342,0.27906976744186046
5,1,0.6457999999999999,0.6577031155124521,0.22641509433962265
5,1,0.8146666666666668,0.6271589819080993,0.22727272727272727
5,1,0.6359380952380951,0.7778520881312497,0.2727272727272727
5,1,0.586,0.5535941132429993,0.2926829268292683
5,1,0.745,0.6782312642861511,0.275
5,1,0.756,0.8100674951545161,0.3617021276595745
5,1,0.932,0.6029776915955053,0.717391304347826
5,1,0.826,0.8055067947519791,0.34210526315789475
5,1,0.898,0.7934648538856285,0.30952380952380953
5,1,0.6387999999999999,0.7039219262868697,0.3382352941176471
5,1,0.7485333333333332,0.3266060108456223,0.3783783783783784
5,0,0.052,0.49613047576880853,0.6285714285714286
5,1,0.8568,0.3247274228356914,0.6741573033707865
5,1,0.7696666666666667,0.7211266090654561,0.22666666666666666
5,1,0.8309047619047619,0.8398977079145089,0.2676056338028169
5,1,0.894,0.8490329494256059,0.4
5,1,0.7793333333333333,0.5180796100936603,0.5652173913043478
5,1,0.932,0.7160130744689375,0.5692307692307692
5,1,0.888,0.49902995812392037,0.7176470588235294
5,1,0.8736666666666666,0.8081217065000394,0.2926829268292683
5,1,0.9716666666666667,0.7350933027537271,0.5492957746478874
5,1,0.93,0.7275526135002489,0.6129032258064516
5,0,0.2464,0.05516335511542905,0.375
5,1,0.7933333333333333,0.7942635787788667,0.4262295081967213
5,1,0.912,0.8657111209656597,0.34
6,1,0.869,0.6000251477699604,0.7972972972972973
6,0,0.805,0.5552532175519058,0.6103896103896104
6,0,0.04,0.2460627832406121,0.5606060606060606
6,1,0.952,0.6581895840801879,0.5531914893617021
6,0,0.7238,0.7586194124508043,0.3023255813953488
6,0,0.7238,0.7586194124508043,0.3023255813953488
6,0,0.7238,0.7586194124508043,0.3023255813953488
6,1,0.8856666666666666,0.8720984883797515,0.37142857142857144
6,1,0.7904666666666667,0.758592331374949,0.5490196078431373
6,1,0.8566666666666667,0.8901094340439111,0.6470588235294118
6,0,0.07490000000000001,0.3176963216808505,0.765625
6,1,0.6593333333333333,0.4636783543003852,0.22641509433962265
6,1,0.898,0.6134847489580464,0.9333333333333333
6,1,0.8346666666666667,0.7930605245658898,0.6956521739130435
6,1,0.7784,0.7957904729486498,0.5
6,1,0.7904307692307694,0.7166044435663536,0.3880597014925373
6,1,0.7456333333333333,0.8623308220870507,0.26666666666666666
6,1,0.896,0.8296327575961839,0.3333333333333333
6,1,0.8701666666666666,0.8233478222640225,0.20588235294117646
6,1,0.7765,0.46987125730627216,0.296875
6,1,0.9443333333333332,0.776054235518175,0.35714285714285715
6,1,0.8801904761904762,0.7870099078465862,0.53125
6,1,0.8596666666666666,0.8648687883345374,0.47368421052631576
6,1,0.7986666666666666,0.8290052809486201,0.5
6,1,0.7990238095238095,0.7869127892768384,0.4647887323943662
6,1,0.6823333333333332,0.2377289687342452,0.45588235294117646
6,1,0.8265,0.7528081550798181,0.46153846153846156
6,1,0.8643666666666667,0.45778067067376654,0.6181818181818182
6,1,0.8132999999999999,0.2953738483707784,0.6727272727272727
6,1,0.5764333333333332,0.7431495992026036,0.41025641025641024
6,0,0.5616333333333333,0.4725588537330475,0.24242424242424243
6,1,0.7854,0.7277643460358509,0.5254237288135594
6,0,0.218,0.08364901476238952,0.43137254901960786
6,0,0.102,0.1965557689815739,0.5945945945945946
6,1,0.124,0.09575561187838286,0.5063291139240507
6,0,0.226,0.10082457398157109,0.48936170212765956
6,0,0.057,0.011817279898751538,0.88
6,1,0.7713333333333334,0.5500945148554381,0.2835820895522388
6,1,0.7788999999999999,0.8120935871064786,0.27586206896551724
6,1,0.6932666666666666,0.8318764264113129,0.25
6,1,0.85,0.6428964405025671,0.49206349206349204
6,1,0.7034666666666666,0.7397757681081807,0.5714285714285714
6,1,0.3205,0.0433626590901919,0.37362637362637363
6,1,0.505,0.23993136467136816,0.4426229508196721
6,1,0.474,0.11784010739141519,0.46153846153846156
6,1,0.7585,0.7147281664378723,0.32075471698113206
6,1,0.917,0.7354914795992573,0.6153846153846154
6,1,0.2687333333333333,0.6564882757683105,0.6595744680851063
6,1,0.7353333333333334,0.4020476675724034,0.5064935064935064
6,1,0.8626666666666666,0.8162908387624905,0.39215686274509803
6,1,0.838,0.8869742130591052,0.2857142857142857
6,1,0.6819,0.8484406424559752,0.18666666666666668
6,1,0.7023999999999999,0.6168549323449767,0.3246753246753247
6,1,0.842,0.6052583762798524,0.16216216216216217
6,0,0.112,0.08411179739570358,0.5934065934065934
6,1,0.9271428571428572,0.8695351070491325,0.35714285714285715
6,0,0.4185499999999999,0.26234087602736383,0.26865671641791045
6,1,0.96,0.805377866567629,0.5671641791044776
6,0,0.217,0.016723158743216213,0.32051282051282054
6,0,0.102,0.006311457008833979,0.7209302325581395
6,1,0.8101666666666667,0.6630391581462605,0.5918367346938775
6,0,0.512,0.23549342420078034,0.19298245614035087
6,1,0.87,0.5646379733542911,0.5692307692307692
6,1,0.868,0.7283792223581443,0.5072463768115942
6,1,0.791,0.7678682393562399,0.5238095238095238
6,1,0.898,0.7503435964482873,0.5571428571428572
6,1,0.836,0.7503971894710013,0.4157303370786517
6,1,0.9706666666666667,0.7584298556138741,0.7
6,1,0.89,0.6366240958995141,0.4857142857142857
6,1,0.7811666666666667,0.7717959221253768,0.2711864406779661
6,1,0.8299047619047619,0.8950354574514673,0.3392857142857143
6,1,0.826,0.9105608031619918,0.4
6,1,0.974,0.7020121743443356,0.717391304347826
6,1,0.756,0.6832768517214123,0.24444444444444444
6,0,0.88,0.8646236492637263,0.423728813559322
6,1,0.94,0.48751998507864547,0.6744186046511628
6,1,0.7680666666666666,0.732775641994049,0.5
6,1,0.8268,0.6675656013394003,0.2962962962962963
6,1,0.6500857142857143,0.6251997853520274,0.30612244897959184
6,1,0.9053333333333332,0.022824130186883698,0.6901408450704225
6,1,0.8105,0.7736215308122163,0.30434782608695654
6,1,0.894,0.6708598426737711,0.30952380952380953
6,1,0.787,0.7557035090868653,0.41379310344827586
6,1,0.785,0.752604263395367,0.42857142857142855
6,0,0.012,0.2068016995075493,0.6666666666666666
6,1,0.8872333333333333,0.7834939711236409,0.25862068965517243
6,0,0.7868333333333333,0.7906062366334736,0.22058823529411764
6,0,0.8716666666666666,0.7894595672671841,0.2727272727272727
6,1,0.848,0.8566007639753321,0.7017543859649122
6,1,0.9083333333333332,0.9082138117051554,0.33962264150943394
6,1,0.7727333333333334,0.7178734281932195,0.3157894736842105
6,1,0.691,0.40110380568539294,0.1702127659574468
6,1,0.8786666666666666,0.7292362470984054,0.32941176470588235
6,0,0.36,0.61452457162057,0.8387096774193549
6,1,0.87,0.6903623645366639,0.3076923076923077
6,1,0.7835,0.7317140726716626,0.4117647058823529
6,1,0.856,0.61452457162057,0.2619047619047619
6,1,0.7153333333333333,0.5479559003763415,0.5576923076923077
6,1,0.846,0.6145245716205698,0.2926829268292683
6,1,0.801,0.6980801118636049,0.48148148148148145
6,1,0.794,0.7050794573554136,0.4727272727272727
6,0,0.4678833333333333,0.6957141390901346,0.3333333333333333
6,0,0.44754999999999995,0.6952734468920815,0.38235294117647056
6,1,0.9544,0.9031975522929818,0.40384615384615385
6,1,0.8811666666666667,0.7553212559952212,0.46774193548387094
6,1,0.824,0.7298599555861967,0.15789473684210525
6,1,0.6553,0.6623837307021153,0.3225806451612903
6,0,0.65,0.5939058960922984,0.25882352941176473
6,1,0.6175666666666666,0.7646989634970308,0.25925925925925924
6,1,0.9305,0.6673612410230894,0.47692307692307695
6,1,0.68,0.5006860723121741,0.29545454545454547
6,1,0.823,0.5665560892284661,0.1891891891891892
6,1,0.8079,0.7087427684265908,0.2972972972972973
6,1,0.922,0.8540484437559488,0.62
6,1,0.898,0.7403507943600599,0.6481481481481481
6,1,0.8603333333333333,0.7785433047832756,0.6041666666666666
6,1,0.7491333333333333,0.723296126580387,0.26666666666666666
6,0,0.3083333333333333,0.17444092507800243,0.36507936507936506
6,1,0.82005,0.21002034719745505,0.44642857142857145
6,1,0.917,0.8926167726317322,0.8787878787878788
6,0,0.8053333333333333,0.6894888577747995,0.5
6,1,0.8440500000000001,0.7420746315363076,0.5208333333333334
6,1,0.87,0.7359888056969143,0.4098360655737705
6,1,0.726,0.7580117597590988,0.6415094339622641
6,1,0.3243333333333333,0.05082114757310348,0.2808988764044944
6,0,0.128,0.3664251903789348,0.5671641791044776
6,0,0.42633333333333334,0.5046902512922782,0.6885245901639344
6,0,0.7083333333333333,0.677472127147708,0.375
6,0,0.676,0.5005113424009522,0.4393939393939394
6,1,0.8646666666666667,0.7736076852138254,0.49230769230769234
6,1,0.8586666666666667,0.7850902716830915,0.4915254237288136
6,1,0.7116666666666668,0.8539284264174161,0.34615384615384615
6,1,0.7003904761904762,0.7686800438564969,0.4230769230769231
6,1,0.896,0.5550874369907078,0.3620689655172414
6,1,0.925,0.7517473383293312,0.3548387096774194
6,0,0.03,0.3555342146628453,0.5967741935483871
6,1,0.9278333333333334,0.15382573769537627,0.7910447761194029
6,1,0.8736666666666667,0.3652041361035795,0.6615384615384615
6,1,0.7532333333333333,0.7320348487652867,0.25
6,0,0.178,0.06225098836361025,0.7647058823529411
6,1,0.812,0.6505201970341088,0.36
6,1,0.9695,0.7557452899962325,0.5818181818181818
6,0,0.048,0.012314770746312669,0.7692307692307693
6,0,0.08433333333333334,0.023670162157509094,0.6545454545454545
6,0,0.06933333333333334,0.021377186510418898,0.7040816326530612
6,0,0.2008,0.02172510295095642,0.6206896551724138
6,1,0.9086666666666666,0.7776021584531801,0.46153846153846156
6,1,0.8111428571428572,0.5795751728523387,0.4126984126984127
6,1,0.7693333333333332,0.7355188239280813,0.38461538461538464
6,1,0.948,0.7337235053483253,0.5263157894736842
6,1,0.958,0.7337235053483253,0.5526315789473685
6,1,0.896,0.8522000362367053,0.4117647058823529
6,0,0.8066666666666668,0.6656059158841995,0.2647058823529412
6,0,0.108,0.003236931565337304,0.4777777777777778
6,1,0.886,0.8569725264424951,0.34375
6,1,0.9441,0.7872065493552208,0.62
6,1,0.9456,0.8497334325268368,0.6458333333333334
6,1,0.852,0.824538319837376,0.29310344827586204
6,1,0.924,0.8655508601574987,0.4745762711864407
6,1,0.7385,0.7241644165205132,0.5
6,1,0.77,0.7648246983632087,0.32786885245901637
6,1,0.904,0.8549113619162382,0.3333333333333333
6,0,0.2753,0.0006596857276352781,0.3
6,1,0.8103333333333333,0.7510747831969454,0.3870967741935484
6,1,0.8435,0.82063341365682,0.44642857142857145
6,0,0.006,0.021573603204241024,0.7391304347826086
6,0,0.01,0.014283682249834987,0.69
6,0,0.3925333333333333,0.6912616543680116,0.6071428571428571
6,1,0.893,0.7905096630649348,0.45098039215686275
6,1,0.893,0.7905096630649348,0.45098039215686275
6,1,0.751,0.6366149293626642,0.7272727272727273
6,1,0.7627333333333333,0.6885062376126546,0.3064516129032258
6,1,0.888,0.8095435935127689,0.32857142857142857
6,0,0.678,0.7352841731936355,0.41379310344827586
6,1,0.818,0.8982770457017405,0.5208333333333334
6,0,0.064,0.08886462686075836,0.6741573033707865
6,1,0.8794,0.7480380958998492,0.5555555555555556
6,0,0.082,0.06458649311977635,0.6363636363636364
6,0,0.08766666666666666,0.027149728818148457,0.6428571428571429
6,0,0.168,0.17128436996692561,0.6125
6,0,0.208,0.14066040640754113,0.6352941176470588
6,0,0.2074,0.031415914870248474,0.6395348837209303
6,0,0.172,0.1955902631089198,0.5555555555555556
6,1,0.9646666666666667,0.8811706123406495,0.7142857142857143
6,1,0.842,0.7144872057495402,0.3829787234042553
6,1,0.958,0.7972502836975859,0.5882352941176471
6,1,0.9293333333333333,0.7639093989471702,0.7241379310344828
6,1,0.8847999999999999,0.8440574995261353,0.4107142857142857
6,1,0.846,0.8275961196296728,0.3023255813953488
6,1,0.6026380952380953,0.6813970830843777,0.29850746268656714
6,1,0.47426666666666667,0.25979075356388065,0.39759036144578314
6,1,0.8935,0.8771910687178275,0.28846153846153844
6,1,0.791,0.8050912046499767,0.28846153846153844
6,1,0.8935,0.8771910687178275,0.28846153846153844
6,1,0.918,0.6964847758813464,0.4
6,1,0.9,0.6804995899189662,0.24489795918367346
6,1,0.922,0.7036601033717315,0.47368421052631576
6,0,0.38630000000000003,0.04451955426828991,0.47
6,1,0.38630000000000003,0.04451955426828991,0.47
6,1,0.756,0.7661410971656794,0.328125
6,1,0.7221666666666667,0.5519968010567259,0.36923076923076925
6,1,0.848,0.900086571802406,0.40425531914893614
6,1,0.913,0.7881309752901746,0.6842105263157895
6,1,0.7930666666666666,0.457856336229041,0.4716981132075472
6,1,0.7826666666666667,0.8540527328566601,0.425
6,0,0.762,0.752731594749756,0.2903225806451613
6,1,0.844,0.3535646583462725,0.5641025641025641
6,0,0.744,0.7672350384655948,0.2727272727272727
6,0,0.766,0.5468206441386008,0.27906976744186046
6,1,0.799,0.8168634925027609,0.28125
6,1,0.834,0.7206260062606841,0.3939393939393939
6,1,0.7815,0.8193509590582218,0.36363636363636365
6,1,0.79,0.815987865287864,0.37209302325581395
6,0,0.06,0.18898166775993192,0.6164383561643836
6,1,0.6648000000000001,0.5650275313507331,0.2608695652173913
6,1,0.7243333333333334,0.7699340291589322,0.2926829268292683
6,1,0.912,0.3913470873044756,0.6949152542372882
6,1,0.913,0.7335554698835298,0.6166666666666667
6,1,0.926,0.7776519870539697,0.6607142857142857
6,1,0.876,0.72523841464691,0.65
6,1,0.842,0.5978568610937377,0.6491228070175439
6,1,0.6842,0.7605029330101033,0.225
6,1,0.6762,0.765539416099033,0.2978723404255319
6,1,0.7092,0.7714868002294879,0.26666666666666666
6,1,0.7032,0.7744203970811645,0.2608695652173913
6,1,0.7032,0.7744203970811645,0.2608695652173913
6,0,0.6862,0.5853340331343626,0.22916666666666666
6,1,0.6944,0.7656073474839218,0.2653061224489796
6,0,0.7064,0.5813631357400995,0.22916666666666666
6,0,0.7044,0.5894770803774517,0.2037037037037037
6,1,0.7717999999999999,0.742463602992789,0.48
6,1,0.978,0.9026868021257984,0.59375
6,0,0.46629999999999994,0.1672068088944729,0.2077922077922078
6,1,0.9563333333333334,0.8989706440804525,0.5333333333333333
6,0,0.9563333333333334,0.8989706440804525,0.5333333333333333
6,1,0.894,0.6297883167807162,0.5094339622641509
6,1,0.926,0.6073266475162046,0.4714285714285714
6,1,0.6010857142857143,0.6364581405329465,0.36923076923076925
6,1,0.8104666666666666,0.8118454475584527,0.37209302325581395
6,0,0.21483333333333335,0.02845913615082593,0.4444444444444444
6,0,0.29183333333333333,0.024664100808930688,0.46835443037974683
6,0,0.12,0.014557290787579658,0.6567164179104478
6,0,0.15033333333333335,0.017325249102266668,0.5512820512820513
6,0,0.142,0.02612813992216122,0.746268656716418
6,0,0.16833333333333333,0.026479163622282822,0.5616438356164384
6,0,0.14233333333333334,0.02624280587350822,0.5657894736842105
6,0,0.13233333333333333,0.014352516914956858,0.6533333333333333
6,0,0.176,0.026363492884255508,0.5571428571428572
6,0,0.146,0.003557090618748765,0.6567164179104478
6,0,0.15033333333333335,0.017325249102266668,0.5512820512820513
6,0,0.6881666666666667,0.2802449024748736,0.39285714285714285
6,1,0.6881666666666667,0.2802449024748736,0.39285714285714285
6,1,0.6894999999999999,0.7901118413428675,0.2835820895522388
6,0,0.852,0.7811496992446361,0.3090909090909091
6,1,0.8728333333333332,0.7198608581615038,0.6805555555555556
6,1,0.8814,0.7207204536559818,0.546875
6,1,0.8285666666666666,0.7220484271873223,0.5421686746987951
6,1,0.8429714285714285,0.5987757959856812,0.3611111111111111
6,1,0.805,0.5950443700573628,0.4520547945205479
6,1,0.8473999999999999,0.5924214666459019,0.55
6,1,0.8044,0.45668718734889585,0.3382352941176471
6,0,0.598,0.14089270916528956,0.22641509433962265
6,1,0.958,0.7608030724540421,0.3541666666666667
6,0,0.668,0.7775392480407893,0.3918918918918919
6,1,0.8918333333333334,0.6280037407626737,0.43478260869565216
6,1,0.8378666666666666,0.8277200129648241,0.35714285714285715
6,1,0.8752000000000001,0.8320356359903543,0.45454545454545453
6,1,0.8458666666666667,0.8021784710006543,0.44
6,1,0.822,0.7976349290674823,0.265625
6,1,0.722,0.7537096297127348,0.45454545454545453
6,1,0.7767380952380953,0.7389286259179932,0.2911392405063291
6,1,0.44980000000000003,0.2151561620988352,0.21739130434782608
6,1,0.97,0.7677836338227315,0.5652173913043478
6,1,0.93,0.8422595116951415,0.5306122448979592
6,1,0.964,0.8419067804671649,0.5945945945945946
6,1,0.9708571428571429,0.9020449538232996,0.5945945945945946
6,1,0.924,0.8486877628238287,0.42592592592592593
6,1,0.816,0.697671757942269,0.5694444444444444
6,1,0.7165,0.598051398681121,0.28888888888888886
6,1,0.656,0.6394181831093472,0.3815789473684211
6,1,0.801,0.7335830216556025,0.32857142857142857
6,0,0.7036666666666668,0.7612087143001492,0.26
6,0,0.82,0.8398824969203044,0.2631578947368421
6,1,0.8813333333333334,0.7356838172270715,0.3939393939393939
6,1,0.9001333333333333,0.7573792070950841,0.41935483870967744
6,1,0.906,0.6789748238204713,0.3953488372093023
6,0,0.3729,0.05754570006905347,0.6575342465753424
6,1,0.8298095238095238,0.8076682104860256,0.20930232558139536
6,1,0.9723333333333334,0.8185223052261825,0.7272727272727273
6,1,0.8723,0.8598911592580583,0.31645569620253167
6,0,0.612,0.48455593548085146,0.4868421052631579
6,0,0.6444,0.18890021070719515,0.47435897435897434
6,1,0.9063333333333333,0.8640420759435841,0.37777777777777777
6,1,0.7707999999999999,0.7721023086466119,0.2222222222222222
6,1,0.72,0.6878958983506313,0.3148148148148148
6,1,0.14733333333333334,0.6340927747396187,0.6440677966101694
6,1,0.1585,0.789850822927839,0.6440677966101694
6,1,0.164,0.7239784062320141,0.6666666666666666
6,0,0.11066666666666668,0.5065586862698925,0.6666666666666666
6,0,0.13866666666666666,0.5149127307905397,0.6865671641791045
6,1,0.1585,0.789850822927839,0.6440677966101694
6,1,0.932,0.9141375315783463,0.3888888888888889
6,1,0.954,0.7769432857557343,0.53125
6,1,0.986,0.9034294297988407,0.7368421052631579
6,1,0.8833333333333334,0.8376439356197527,0.3392857142857143
6,1,0.8953,0.7532040470949003,0.7142857142857143
6,1,0.55,0.6700346023033434,0.23529411764705882
6,0,0.294,0.6007358295409357,0.6458333333333334
6,1,0.7511333333333333,0.7732548286971423,0.27586206896551724
6,1,0.899,0.759909742706685,0.5714285714285714
6,1,0.806,0.8822698263601012,0.32
6,0,0.025,0.14705808008237212,0.6071428571428571
6,1,0.5576333333333333,0.7455444700158455,0.26744186046511625
6,1,0.946,0.8770328084029437,0.45652173913043476
6,0,0.016,0.40489857698343534,0.7777777777777778
6,1,0.548,0.5091588219879466,0.3333333333333333
6,0,0.034,0.2411679052805113,0.6363636363636364
6,0,0.018,0.2619900417933632,0.6617647058823529
6,0,0.2024,0.4201749655238869,0.7
6,0,0.3205,0.16006136169729687,0.4153846153846154
6,1,0.9123333333333332,0.8104061407679402,0.7222222222222222
6,0,0.848,0.7432567497098334,0.3023255813953488
6,1,0.9011428571428571,0.7035323438577583,0.42857142857142855
6,1,0.822,0.7448337826537534,0.32
6,1,0.861,0.8620432596467682,0.3469387755102041
6,1,0.882,0.8686870153155015,0.2647058823529412
6,1,0.7711333333333333,0.7118924112084168,0.4626865671641791
6,0,0.7449666666666667,0.8648298333127431,0.453125
6,0,0.6869666666666667,0.677356445112593,0.5
6,1,0.8553999999999999,0.7935453378571201,0.5692307692307692
6,1,0.932,0.8278696324546583,0.4117647058823529
6,1,0.892,0.8408569183212437,0.375
6,1,0.8603333333333333,0.7301219647693935,0.6
6,1,0.956,0.472009825820419,0.5824175824175825
6,1,0.9104,0.8484938811655995,0.6296296296296297
6,1,0.8613333333333334,0.7324205220336039,0.45161290322580644
6,1,0.8613333333333334,0.7324205220336039,0.45161290322580644
6,1,0.816,0.7673498315154101,0.3763440860215054
6,1,0.794,0.61908934198445,0.5507246376811594
6,1,0.847,0.8278065409260373,0.336734693877551
6,1,0.7766666666666666,0.5157800129559887,0.4583333333333333
6,1,0.758,0.4982305765649109,0.32456140350877194
6,1,0.778,0.6379952971780422,0.4583333333333333
6,1,0.978,0.8541466030651441,0.62
6,1,0.942,0.7720335613180338,0.44642857142857145
6,1,0.9176666666666666,0.6963160233996897,0.5961538461538461
6,1,0.986,0.8792011934751409,0.7380952380952381
6,1,0.8553333333333333,0.644364103340485,0.32
6,1,0.926,0.8144738384585763,0.46
6,0,0.1724,0.4488920101037117,0.47540983606557374
6,1,0.841,0.8319153703354956,0.2413793103448276
6,1,0.845,0.887935307247588,0.2463768115942029
6,1,0.9586904761904761,0.8886240891313744,0.45098039215686275
6,1,0.9455,0.8218734210932701,0.3409090909090909
6,0,0.792,0.8478079029138551,0.5531914893617021
6,1,0.7153333333333333,0.6551565860620551,0.3855421686746988
6,1,0.7026666666666666,0.5861979449052713,0.42168674698795183
6,1,0.7263999999999999,0.3298382747589958,0.5616438356164384
6,1,0.733,0.2352071844190256,0.46835443037974683
6,1,0.7654,0.37916048348899606,0.734375
6,1,0.757,0.37132296986361707,0.7096774193548387
6,1,0.702,0.5935905752797337,0.6461538461538462
6,1,0.7457333333333334,0.6922133174272297,0.4722222222222222
6,1,0.7333999999999999,0.3816350273469163,0.5138888888888888
6,1,0.8034333333333333,0.6847142939612814,0.5441176470588235
6,1,0.731,0.37523355383288787,0.7704918032786885
6,0,0.42256666666666665,0.6327504835720231,0.49206349206349204
6,0,0.923,0.7972155938144104,0.4782608695652174
6,0,0.3505857142857143,0.29425099459034015,0.5227272727272727
6,1,0.946,0.8113165526823884,0.32558139534883723
6,1,0.956,0.8814526502520811,0.4594594594594595
6,1,0.956,0.8814526502520811,0.4594594594594595
6,1,0.8131857142857143,0.7772088592602299,0.22448979591836735
6,0,0.8743333333333334,0.5740362464833334,0.40476190476190477
6,1,0.9396666666666667,0.7255784512219506,0.4722222222222222
6,1,0.931,0.8521272425888808,0.40476190476190477
6,0,0.48266666666666663,0.519480066726701,0.42424242424242425
6,1,0.946,0.8113165526823884,0.32558139534883723
6,1,0.8435,0.6293792976012037,0.4722222222222222
6,1,0.71,0.671387961065118,0.5121951219512195
6,1,0.946,0.8113165526823884,0.32558139534883723
6,1,0.956,0.8814526502520811,0.4594594594594595
6,1,0.8779,0.8897206559126732,0.3137254901960784
6,1,0.7236666666666668,0.7577907354173586,0.59375
6,0,0.03,0.04332164999060049,0.6883116883116883
6,1,0.737,0.7255521228739548,0.2911392405063291
6,1,0.8556666666666668,0.7691030874244867,0.26153846153846155
6,1,0.893,0.5807000429387097,0.453125
6,1,0.8786666666666667,0.9136545773933826,0.35294117647058826
6,1,0.8488333333333333,0.9012879394003984,0.4583333333333333
6,1,0.888,0.7806926392873315,0.6170212765957447
6,0,0.62,0.7040354865429603,0.625
6,0,0.6745190476190476,0.8005114359257136,0.43333333333333335
6,0,0.566,0.6932676259557002,0.5769230769230769
6,1,0.757,0.6819879581931045,0.6304347826086957
6,1,0.7924666666666665,0.60375455471792,0.3673469387755102
6,0,0.757,0.6805404364709117,0.6444444444444445
6,1,0.7746666666666667,0.7092413649514318,0.3125
6,1,0.8121333333333333,0.6229783026536535,0.36585365853658536
6,1,0.803,0.8559798339418004,0.5319148936170213
6,1,0.797,0.7954263679185914,0.5102040816326531
6,0,0.7553333333333333,0.7593816214958303,0.2714285714285714
6,1,0.641,0.6372058734151529,0.34285714285714286
6,1,0.7385,0.7408428476517108,0.35443037974683544
6,1,0.66,0.7225185591462961,0.3375
6,0,0.824,0.5714486556505024,0.28125
7,0,0.004,0.05719503494201162,0.7126436781609196
7,1,0.798,0.6483144209734191,0.31645569620253167
7,0,0.128,0.016693959382678963,0.5585585585585585
7,0,0.014,0.25996781957088494,0.5454545454545454
7,1,0.8986666666666666,0.3088711018684631,0.6125
7,1,0.6299261904761903,0.4287952126108805,0.5555555555555556
7,1,0.7815666666666666,0.6628015315718511,0.27586206896551724
7,0,0.59,0.1388501093755952,0.22641509433962265
7,1,0.8995714285714286,0.8123407080781905,0.39436619718309857
7,0,0.4557,7.583249872992157e-08,0.28888888888888886
7,1,0.7705666666666667,0.6853893873924706,0.4393939393939394
7,1,0.8776666666666667,0.7944249964561941,0.328125
7,1,0.8429,0.37288242400096505,0.5222222222222223
7,1,0.8449,0.3623806234504744,0.5108695652173914
7,0,0.036,0.011558574178864932,0.6886792452830188
7,1,0.9826666666666666,0.8507328881380076,0.6341463414634146
7,1,0.949,0.791705003107647,1.0
7,1,0.8101666666666665,0.8837446839220935,0.5333333333333333
7,1,0.940404761904762,0.8134620541474417,0.38461538461538464
7,0,0.134,0.059751575895344244,0.6341463414634146
7,0,0.28757142857142853,0.0003983354287758494,0.3
7,0,0.6066190476190476,0.657713373817275,0.6071428571428571
7,1,0.896,0.8733523059068989,0.2
7,1,0.936,0.8297105217741522,0.36363636363636365
7,1,0.904,0.7558731866898926,0.5666666666666667
7,1,0.751,0.6638332705717278,0.43478260869565216
7,1,0.8447857142857143,0.7977686487735844,0.6190476190476191
7,1,0.5740000000000001,0.45438056280690037,0.4444444444444444
7,1,0.7071666666666667,0.1268287460565794,0.5652173913043478
7,1,0.6912666666666667,0.6667745646792065,0.2777777777777778
7,1,0.694,0.7171792859933468,0.2857142857142857
7,0,0.5703666666666667,0.1316462627420586,0.4810126582278481
7,1,0.825,0.6673026285683041,0.2903225806451613
7,1,0.8355,0.7785794340768118,0.3333333333333333
7,1,0.86,0.7813869407184219,0.3389830508474576
7,1,0.988,0.8851156674371657,0.6285714285714286
7,1,0.9199999999999999,0.8518466888882482,0.4418604651162791
7,1,0.952,0.7860469657977823,0.35
7,1,0.9,0.8834415712788191,0.5121951219512195
7,1,0.922,0.8199899351954099,0.35714285714285715
7,1,0.986,0.8118089869231981,0.5945945945945946
7,1,0.968,0.8403192943771494,0.4791666666666667
7,1,0.988,0.8851156674371657,0.6285714285714286
7,1,0.9833333333333334,0.8814544874355188,0.5111111111111111
7,1,0.912,0.8872437445403157,0.29545454545454547
7,0,0.4975,0.38787553643527456,0.35064935064935066
7,1,0.6784000000000001,0.8199384807524321,0.23636363636363636
7,1,0.6263,0.8218122708374678,0.28169014084507044
7,1,0.6926333333333333,0.8107403367268472,0.2542372881355932
7,1,0.8023333333333333,0.6009269728399802,0.2714285714285714
7,1,0.888,0.8138720797153635,0.5306122448979592
7,0,0.046,0.20142032178506195,0.4931506849315068
7,1,0.879,0.5812772297195126,0.6805555555555556
7,0,0.287,0.41480429876305863,0.6491228070175439
7,0,0.15719999999999998,0.012492468045783625,0.6206896551724138
7,1,0.8457333333333332,0.5631479811250496,0.2127659574468085
7,1,0.659,0.6955052806953999,0.2465753424657534
7,1,0.8353333333333333,0.6739079976930448,0.6808510638297872
7,1,0.738,0.6069605158703889,0.17777777777777778
7,0,0.184,0.39505469222506556,0.7
7,1,0.8411666666666667,0.4869396064790439,0.3064516129032258
7,1,0.912,0.6928958701780925,0.4594594594594595
7,1,0.9392380952380952,0.852479043465488,0.5116279069767442
7,1,0.6563,0.5772066254331568,0.25
7,1,0.6774666666666667,0.5772066254331568,0.22077922077922077
7,1,0.014,0.022448449313512017,0.6966292134831461
7,1,0.78,0.702443582504493,0.2542372881355932
7,1,0.776,0.7012610841637689,0.24193548387096775
7,1,0.6772380952380952,0.6556134679030392,0.5423728813559322
7,1,0.932,0.43967906154554304,0.6923076923076923
7,1,0.901,0.3709023242979751,0.6617647058823529
7,1,0.6748333333333333,0.3642809572363244,0.2631578947368421
7,1,0.6748333333333333,0.3642809572363244,0.2631578947368421
7,0,0.016,0.2431813703644844,0.676923076923077
7,1,0.862,0.19884745121707972,0.6741573033707865
7,1,0.8046666666666668,0.74211355436547,0.3541666666666667
7,1,0.8046666666666668,0.74211355436547,0.3541666666666667
7,0,0.074,0.01851162006486573,0.6330275229357798
7,1,0.7888333333333333,0.5624414744497437,0.352112676056338
7,1,0.6855,0.8074128803230894,0.25
7,1,0.5264666666666667,0.7331296513903681,0.34545454545454546
7,1,0.8537333333333333,0.7971608794758321,0.3333333333333333
7,1,0.6961666666666666,0.7556816905009227,0.391304347826087
7,1,0.7146666666666667,0.7616920898438021,0.391304347826087
7,1,0.86,0.5505133892340963,0.16
7,1,0.6370333333333335,0.5735365557366359,0.42105263157894735
7,1,0.826,0.8854227270550125,0.5333333333333333
7,1,0.836,0.648456097843859,0.2549019607843137
7,1,0.96,0.8830427225325962,0.4222222222222222
7,1,0.641,0.6831327135894621,0.39473684210526316
7,1,0.9191904761904762,0.6269835373520162,0.6309523809523809
7,1,0.922,0.47952105829813557,0.6962025316455697
7,1,0.9027333333333334,0.8263490497327495,0.43137254901960786
7,1,0.8681333333333333,0.7079259232331581,0.3333333333333333
7,1,0.7682,0.6237369277509796,0.4
7,1,0.9465,0.7003269465797707,0.6896551724137931
7,1,0.704,0.7347302607624369,0.4745762711864407
7,1,0.99,0.8313501542242185,0.660377358490566
7,1,0.7643333333333333,0.5515834960770029,0.6458333333333334
7,1,0.95,0.8271244142870483,0.6923076923076923
7,1,0.8166666666666668,0.6001255884224028,0.4714285714285714
7,1,0.726,0.6807086299890843,0.4666666666666667
7,1,0.964,0.8218608011843193,0.6923076923076923
7,1,0.7116666666666667,0.5994292076693407,0.4166666666666667
7,1,0.7746666666666667,0.5921966833859978,0.5076923076923077
7,1,0.6968333333333334,0.6357126788591175,0.3142857142857143
7,1,0.99,0.8365623619733997,0.7272727272727273
7,1,0.8006666666666667,0.6086174706672742,0.45454545454545453
7,1,0.946,0.7470442808964699,0.6041666666666666
7,1,0.8786666666666667,0.7218829499464959,0.6140350877192983
7,1,0.8383333333333333,0.46097213695413347,0.6724137931034483
7,1,0.708,0.6883778286688326,0.5294117647058824
7,1,0.746,0.680246152004854,0.6071428571428571
7,1,0.7985,0.6875010762443915,0.4838709677419355
7,1,0.9519666666666666,0.7847974899880391,0.6923076923076923
7,1,0.952,0.7402741437519103,0.5918367346938775
7,1,0.7423333333333333,0.5603510349720889,0.5
7,1,0.974,0.7992268302159403,0.6724137931034483
7,1,0.8646666666666667,0.7293770093628681,0.6481481481481481
7,1,0.7651666666666668,0.4698244066157949,0.5409836065573771
7,1,0.7356666666666667,0.7383987786686179,0.6346153846153846
7,0,0.03,0.034815981143946455,0.5795454545454546
7,0,0.04,0.02796932783475134,0.5
7,1,0.026,0.10930682975906403,0.625
7,0,0.016,0.190056084486213,0.6666666666666666
7,1,0.75325,0.3077234342194742,0.2894736842105263
7,1,0.6899166666666667,0.208207388413841,0.3333333333333333
7,1,0.7746666666666666,0.3553567332425292,0.417910447761194
7,1,0.7606666666666667,0.3566176323050047,0.42857142857142855
7,1,0.72,0.570049778958232,0.4444444444444444
7,1,0.7936666666666667,0.654633611644376,0.3
7,1,0.788,0.35360796842541836,0.373134328358209
7,1,0.812,0.6628930006447966,0.3484848484848485
7,1,0.7586666666666666,0.3559869330995209,0.4375
7,1,0.9546666666666667,0.7320056284700794,0.625
7,1,0.9546666666666667,0.7320056284700794,0.625
7,1,0.8934047619047619,0.6880972608847172,0.5254237288135594
7,1,0.973,0.7200330377332994,0.6451612903225806
7,1,0.9006666666666666,0.7453379018674364,0.5806451612903226
7,0,0.407,0.5041122538193422,0.6097560975609756
7,1,0.8486666666666667,0.8011448112350782,0.5869565217391305
7,0,0.314,0.5774968062519653,0.6458333333333334
7,1,0.8925,0.7310299157908682,0.46774193548387094
7,1,0.8686666666666666,0.6257188957205351,0.36
7,1,0.94,0.8636918251329249,0.6666666666666666
7,1,0.6,0.6690688941534291,0.208955223880597
7,1,0.8546666666666668,0.7960319773788488,0.29508196721311475
7,1,0.766,0.8004360324441052,0.6896551724137931
7,1,0.182,0.6261810889849315,0.6231884057971014
7,0,0.078,0.006768045792923653,0.7692307692307693
7,1,0.832,0.7522135585609552,0.3380281690140845
7,1,0.642,0.6348428507983644,0.5294117647058824
7,1,0.985,0.6865332729164817,0.717391304347826
7,1,0.798,0.7761789928903026,0.5
7,1,0.864,0.8990287833948735,0.6666666666666666
7,1,0.8285,0.6008780596662091,0.38461538461538464
7,1,0.807,0.836604025203245,0.6792452830188679
7,1,0.7810000000000001,0.7281421392046218,0.25
7,1,0.866,0.6941257348810417,0.5405405405405406
7,1,0.854,0.7265675100409666,0.5897435897435898
7,1,0.894,0.8263550025514038,0.5
7,0,0.5402126984126984,0.627254023441421,0.6808510638297872
7,1,0.9066666666666667,0.8461071061732353,0.2807017543859649
7,1,0.9306666666666666,0.7690702570532498,0.32075471698113206
7,0,0.5648095238095239,0.4427479057639691,0.5531914893617021
7,1,0.942,0.6709695803143695,0.7142857142857143
7,0,0.6683333333333332,0.8169224938658505,0.421875
7,1,0.812,0.5523617734543601,0.22727272727272727
7,0,0.902,0.5763783391250151,0.2972972972972973
7,1,0.8723,0.5719245593144029,0.28
7,1,0.888,0.5757067578814834,0.2894736842105263
7,0,0.046,0.21067012128120982,0.6363636363636364
7,0,0.016,0.0736427675076907,0.5616438356164384
7,1,0.888,0.8768235795926017,0.8787878787878788
7,1,0.9386333333333333,0.8896477460133633,0.55
7,0,0.048,0.4113255095454737,0.6285714285714286
7,0,0.7286666666666668,0.2141794935253045,0.2602739726027397
7,1,0.9106666666666667,0.7817724349302688,0.3829787234042553
7,0,0.048,0.06886562185587135,0.6029411764705882
7,1,0.802,0.7374539197048016,0.42105263157894735
7,1,0.932,0.7159281815242917,0.2727272727272727
7,1,0.9546666666666667,0.8364259063311366,0.4
7,1,0.852,0.8395687424256292,0.4166666666666667
7,1,0.8546666666666668,0.7132244376524649,0.39655172413793105
7,1,0.8655,0.8830203669887603,0.3392857142857143
7,1,0.804,0.90242090047193,0.4
7,1,0.546,0.4593207537187258,0.5625
7,1,0.86,0.7158577509581463,0.3829787234042553
7,1,0.527,0.6026199506517659,0.5666666666666667
7,1,0.3575,0.5660390418634297,0.5396825396825397
7,1,0.9484,0.7886866650655521,0.9148936170212766
7,1,0.5866666666666668,0.6222602852722545,0.22413793103448276
7,1,0.6306666666666666,0.6407471292703385,0.22916666666666666
7,1,0.656,0.6699567968432266,0.2
7,0,0.47583333333333333,0.3422231730977949,0.4918032786885246
7,1,0.7615333333333333,0.6185309540962484,0.5735294117647058
7,1,0.826,0.43684007455732293,0.5952380952380952
7,1,0.942,0.9029197723785353,0.3409090909090909
7,0,0.026,0.14615816384035468,0.6363636363636364
7,0,0.004,0.06649331774486987,0.6883116883116883
7,0,0.4353047619047619,0.6428721630090047,0.3333333333333333
7,0,0.44833809523809526,0.6566542723848164,0.38235294117647056
7,1,0.7365,0.34432214829800295,0.49295774647887325
7,1,0.868,0.8701115236046785,0.40425531914893614
7,1,0.851,0.7148851183257801,0.5263157894736842
7,1,0.9248333333333334,0.8785678771003104,0.29545454545454547
7,0,0.699,0.32807454821163656,0.1875
7,0,0.2,9.815645143363132e-05,0.5060240963855421
7,1,0.297,3.481940359048303e-05,0.26881720430107525
7,0,0.412,0.00024843982829889343,0.3333333333333333
7,0,0.2986666666666667,4.705212596389581e-05,0.28735632183908044
7,0,0.309,0.00018554433734232508,0.24489795918367346
7,0,0.4073333333333333,0.00023094524241380147,0.2916666666666667
7,0,0.246,0.004340378831841694,0.5441176470588235
7,0,0.398,0.0005528088702833806,0.2876712328767123
7,0,0.34933333333333333,4.6922919671466744e-05,0.29213483146067415
7,0,0.396,0.0013226537612232472,0.28
7,1,0.9836666666666667,0.8358050213529363,0.54
7,1,0.9298333333333334,0.7402668222068851,0.42592592592592593
7,1,0.884,0.7239963738120799,0.49230769230769234
7,1,0.889,0.6028792860361005,0.546875
7,0,0.302,0.38988681218515336,0.5818181818181818
7,1,0.688,0.7516637997628267,0.54
7,1,0.8405,0.8016402018879332,0.38596491228070173
7,1,0.7655,0.5761819731839194,0.2786885245901639
7,0,0.3845,0.006632119435149198,0.3150684931506849
7,0,0.152,0.14858203241366988,0.3382352941176471
7,1,0.758,0.8656608932119624,0.5681818181818182
7,1,0.7955,0.3251457157572079,0.8048780487804879
7,1,0.5655,0.37040491167689543,0.6781609195402298
7,1,0.6905,0.36216118439666006,0.6373626373626373
7,1,0.8893333333333334,0.8961283462944298,0.43902439024390244
7,1,0.9033666666666667,0.8717375433325584,0.5094339622641509
7,1,0.9372,0.6312104054361256,0.5166666666666667
7,1,0.9345333333333334,0.6229049996052034,0.6
7,1,0.788,0.58274165183937,0.2804878048780488
7,1,0.5683333333333332,0.011358294005599793,0.38202247191011235
7,1,0.9026666666666667,0.7399307169247065,0.6727272727272727
7,1,0.9026666666666667,0.7399307169247065,0.6727272727272727
7,0,0.4120857142857143,0.0016259063923119775,0.21818181818181817
7,1,0.8953333333333334,0.750241164389312,0.5490196078431373
7,1,0.937,0.8809546891466634,0.35
7,1,0.903,0.8039319075193725,0.3269230769230769
7,0,0.7193333333333334,0.759881289286971,0.3023255813953488
7,0,0.7193333333333334,0.759881289286971,0.3023255813953488
7,0,0.7193333333333334,0.759881289286971,0.3023255813953488
7,1,0.95,0.6466798167869542,0.5531914893617021
7,1,0.832,0.7909681493203364,0.40425531914893614
7,1,0.692,0.6707270011192438,0.3333333333333333
7,1,0.7775238095238096,0.3330994322096742,0.39759036144578314
7,0,0.7863333333333332,0.5298050842268048,0.27906976744186046
7,1,0.644,0.6698605986666267,0.32653061224489793
7,0,0.588,0.5522310195678074,0.25882352941176473
7,1,0.787,0.3159676586990829,0.7777777777777778
7,1,0.864,0.7845705120363996,0.46296296296296297
7,1,0.994,0.8792116622937692,0.825
7,1,0.98,0.802976274816948,0.8157894736842105
7,1,0.8004,0.759413082443729,0.3
7,1,0.7621,0.6386430712308658,0.2786885245901639
7,1,0.8004,0.759413082443729,0.3
7,1,0.8004,0.759413082443729,0.3
7,1,0.7621,0.6386430712308658,0.2786885245901639
7,0,0.26983333333333337,0.14921835526161573,0.6491228070175439
7,1,0.9153333333333332,0.7920865732472581,0.5853658536585366
7,1,0.912,0.4680879186983123,0.5909090909090909
7,1,0.8466666666666667,0.2661128625204334,0.6521739130434783
7,1,0.8806666666666666,0.41212594561835264,0.5555555555555556
7,1,0.838,0.2620293142935331,0.5070422535211268
7,1,0.86,0.27200681047699754,0.7096774193548387
7,1,0.938,0.3433529525853361,0.7121212121212122
7,1,0.892,0.3366279070940392,0.684931506849315
7,1,0.96,0.46405436969290204,0.6857142857142857
7,1,0.9146666666666666,0.2579756246701043,0.6617647058823529
7,1,0.7066666666666667,0.6843431435693615,0.6440677966101694
7,1,0.928,0.41392065844786247,0.7564102564102564
7,1,0.96,0.33967390049553325,0.6794871794871795
7,1,0.957,0.4172261612369655,0.6875
7,1,0.8886666666666666,0.32250139620128493,0.575
7,1,0.9446666666666667,0.1286093776397694,0.6818181818181818
7,1,0.776,0.5438088331195594,0.46511627906976744
7,1,0.6946666666666667,0.4613544378308009,0.5555555555555556
7,1,0.7911666666666666,0.4680879186983123,0.4666666666666667
7,1,0.7605,0.3426991745900783,0.5342465753424658
7,1,0.7186666666666667,0.2693201269960317,0.6285714285714286
7,1,0.8746666666666666,0.33844139586624317,0.5897435897435898
7,1,0.902,0.3529024302411498,0.7076923076923077
7,0,0.978,0.1349809047199522,0.7096774193548387
7,1,0.836,0.1468745671139307,0.6266666666666667
7,1,0.904,0.3510207825993473,0.7285714285714285
7,1,0.8426666666666667,0.4699811500714506,0.5844155844155844
7,1,0.836,0.24969479350910867,0.5131578947368421
7,1,0.8345,0.4438900134472715,0.5652173913043478
7,1,0.852,0.4088325031063301,0.3956043956043956
7,1,0.874,0.5364675101237603,0.64
7,1,0.8866666666666666,0.4121259456183527,0.6125
7,1,0.7411666666666666,0.4457181751627581,0.4868421052631579
7,1,0.776,0.5294883538961181,0.47560975609756095
7,1,0.7566666666666666,0.5240390911016692,0.4166666666666667
7,1,0.918,0.3974934480258806,0.6282051282051282
7,1,0.903,0.30633434853937197,0.7361111111111112
7,0,0.6551666666666667,0.27713006249590405,0.5970149253731343
7,1,0.886,0.23375470494475803,0.6025641025641025
7,1,0.866,0.34730302459261836,0.6438356164383562
7,1,0.902,0.428165802884297,0.6455696202531646
7,1,0.772,0.7176599379947405,0.5428571428571428
7,1,0.844,0.5219077716172905,0.5609756097560976
7,1,0.932,0.4924187440677504,0.6842105263157895
7,1,0.8446666666666667,0.510989105249423,0.5411764705882353
7,1,0.776,0.5438088331195594,0.46511627906976744
7,1,0.7526666666666666,0.5424440976523921,0.47674418604651164
7,1,0.903,0.2536521874424355,0.4936708860759494
7,1,0.7941666666666666,0.5518763431731055,0.4691358024691358
7,1,0.968,0.44908303415028034,0.7580645161290323
7,1,0.962,0.5321930622207622,0.6933333333333334
7,1,0.874,0.4526554274302423,0.5657894736842105
7,1,0.9228333333333333,0.32231551920122814,0.5116279069767442
7,1,0.9604,0.2340710829275505,0.6578947368421053
7,1,0.8251666666666666,0.4333121002939294,0.5466666666666666
7,1,0.8506666666666667,0.5162384072453512,0.5476190476190477
7,1,0.888,0.4438900134472715,0.6875
7,1,0.9346666666666666,0.43534683003966906,0.5833333333333334
7,1,0.6551666666666667,0.27713006249590405,0.5970149253731343
7,1,0.88,0.34917546577036856,0.589041095890411
7,1,0.8218333333333334,0.1485420999119256,0.5897435897435898
7,1,0.898,0.6831538737961815,0.5942028985507246
7,1,0.7725,0.48266200832892225,0.6984126984126984
7,1,0.952,0.2719768871581067,0.609375
7,1,0.784,0.4647383664677043,0.5735294117647058
7,1,0.8645,0.26466961123533633,0.5882352941176471
7,1,0.664,0.44793213718230174,0.5223880597014925
7,1,0.823,0.5317192537240113,0.527027027027027
7,0,0.588,0.28041937294713876,0.746031746031746
7,1,0.7531666666666667,0.6455361627824109,0.4868421052631579
7,1,0.774,0.23243534918810746,0.5285714285714286
7,1,0.918,0.4050749652438244,0.6666666666666666
7,1,0.7746666666666666,0.45091524155612533,0.5555555555555556
7,1,0.7826666666666666,0.5292773542212444,0.5
7,1,0.912,0.4076948265254743,0.5975609756097561
7,1,0.948,0.3378259633783244,0.7671232876712328
7,0,0.95,0.26877932029001184,0.6875
7,1,0.7980666666666666,0.029994499059766706,0.5588235294117647
7,1,0.753,0.5249920598622915,0.6447368421052632
7,1,0.753,0.5249920598622915,0.6447368421052632
7,1,0.846,0.7158731784806874,0.6621621621621622
7,0,0.154,0.3775522404499729,0.5
7,0,0.172,0.2843542494515408,0.43661971830985913
7,0,0.21366666666666664,0.47023225445378314,0.4788732394366197
7,0,0.345,0.02337780157964649,0.19101123595505617
7,0,0.44433333333333336,0.6558407152173759,0.6595744680851063
7,1,0.8165666666666666,0.8652240267615682,0.42857142857142855
7,1,0.9799,0.883861520334675,0.6458333333333334
7,1,0.9223666666666664,0.8874427585268965,0.43137254901960786
7,1,0.9763666666666666,0.8874578525841555,0.717948717948718
7,1,0.9369666666666666,0.8659123515013872,0.56
7,1,0.8131333333333334,0.8640014205540256,0.4098360655737705
7,1,0.9507333333333333,0.8099264309457316,0.6458333333333334
7,1,0.9478666666666665,0.8153338889838218,0.5945945945945946
7,1,0.9178999999999999,0.783975278207942,0.6521739130434783
7,1,0.9223666666666664,0.8874427585268965,0.43137254901960786
7,1,0.8880666666666666,0.8517568395183485,0.559322033898305
7,1,0.9318,0.8521227730208187,0.660377358490566
7,1,0.8471999999999998,0.886892215961061,0.41509433962264153
7,1,0.9360666666666666,0.8409718543187051,0.6491228070175439
7,1,0.8131333333333334,0.8640014205540256,0.4098360655737705
7,1,0.8673333333333333,0.8412404024042497,0.4032258064516129
7,1,0.8855666666666666,0.875769079981942,0.5263157894736842
7,1,0.8617333333333334,0.8793983277321925,0.46774193548387094
7,1,0.9129111111111111,0.8543879684198457,0.41818181818181815
7,1,0.7838999999999999,0.8831498272495528,0.39344262295081966
7,1,0.9780666666666666,0.8775380984599621,0.6666666666666666
7,1,0.9515333333333332,0.8871829065653083,0.45652173913043476
7,1,0.8779666666666666,0.8521037296330946,0.543859649122807
7,1,0.8800666666666664,0.8858134837114777,0.47058823529411764
7,1,0.6195,0.4443503315289287,0.3695652173913043
7,1,0.6195,0.4443503315289287,0.3695652173913043
7,1,0.8372,0.6706692283868032,0.5142857142857142
7,1,0.9345,0.7152853622978779,0.8461538461538461
7,1,0.8252333333333334,0.7004564245973836,0.6271186440677966
7,1,0.8252333333333334,0.7004564245973836,0.6271186440677966
7,1,0.909,0.7843419282289181,0.3191489361702128
7,0,0.29866666666666664,0.00021683671679789684,0.3333333333333333
7,1,0.851,0.7451044322525607,0.3333333333333333
7,1,0.803,0.5661170384222572,0.5507246376811594
7,1,0.8593333333333334,0.7938948257430072,0.3333333333333333
7,1,0.8138571428571428,0.46690580951047794,0.4583333333333333
7,1,0.7880666666666667,0.43100552926233504,0.3225806451612903
7,1,0.7677238095238096,0.6100556908616336,0.3466666666666667
7,1,0.8335,0.8939359185797159,0.24489795918367346
7,1,0.878,0.5751282707818837,0.5128205128205128
7,0,0.186,0.034804801744304524,0.8387096774193549
7,1,0.894,0.8228001165507349,0.3877551020408163
7,1,0.67,0.659772652691603,0.28
7,1,0.872,0.8236005737796821,0.32558139534883723
7,1,0.8741666666666666,0.8128354754253526,0.3389830508474576
7,1,0.7633333333333333,0.7530994795301158,0.36363636363636365
7,1,0.872,0.6499422156012615,0.2542372881355932
7,0,0.5326666666666667,0.08389449350115133,0.23170731707317074
7,0,0.5306666666666667,0.06903968835009258,0.2125
7,0,0.5706666666666668,0.14123298151740463,0.1927710843373494
7,0,0.5126666666666667,0.04391702545996074,0.1780821917808219
7,1,0.8594333333333332,0.8628712549410787,0.43283582089552236
7,1,0.8765666666666665,0.878378101360596,0.6271186440677966
7,1,0.8150333333333332,0.8354633312294943,0.4264705882352941
7,1,0.7879047619047619,0.7915005986540684,0.4696969696969697
7,1,0.9426666666666667,0.7325610511783143,0.2909090909090909
7,1,0.5519047619047619,0.6237930205359302,0.29850746268656714
8,1,0.922,0.4816241252832635,0.5909090909090909
8,1,0.844,0.29046818547805,0.5526315789473685
8,1,0.8746666666666666,0.416015775671232,0.5555555555555556
8,1,0.858,0.28770217815247034,0.5070422535211268
8,1,0.834,0.29430050424789017,0.7096774193548387
8,1,0.93,0.35611884785316517,0.7121212121212122
8,1,0.876,0.35188293356456085,0.684931506849315
8,1,0.9346666666666666,0.4790089331552221,0.671875
8,1,0.904,0.28516194563864594,0.6617647058823529
8,1,0.754,0.6805060489818325,0.6440677966101694
8,1,0.844,0.4173528952449004,0.625
8,1,0.954,0.35369992300444786,0.6756756756756757
8,1,0.91,0.41928924271932655,0.575
8,1,0.892,0.3424396917914494,0.575
8,1,0.936,0.15185330626076216,0.6818181818181818
8,1,0.748,0.54680244778321,0.46511627906976744
8,1,0.71,0.4776739105380957,0.48717948717948717
8,1,0.82,0.4816241252832635,0.4666666666666667
8,1,0.722,0.35550090321804106,0.5342465753424658
8,1,0.712,0.29265048486181855,0.5882352941176471
8,1,0.888,0.35250864669635207,0.5897435897435898
8,1,0.916,0.3620766610817628,0.7076923076923077
8,0,0.958,0.15626391675145507,0.7096774193548387
8,1,0.848,0.1724305234993104,0.6266666666666667
8,1,0.922,0.3602717106101994,0.7285714285714285
8,1,0.8225,0.46631271188913465,0.5844155844155844
8,1,0.848,0.27948475411725454,0.5131578947368421
8,1,0.8239166666666666,0.466497402503906,0.5652173913043478
8,1,0.878,0.41408376593192087,0.3956043956043956
8,1,0.8,0.5424455987133948,0.5375
8,1,0.8726666666666666,0.416015775671232,0.6125
8,1,0.7805,0.46786678399143006,0.4868421052631579
8,1,0.8005,0.5383316965858259,0.47560975609756095
8,1,0.7685,0.5344074303788356,0.4166666666666667
8,1,0.9033333333333332,0.3902001868032908,0.6282051282051282
8,1,0.914,0.32721124846103705,0.7361111111111112
8,0,0.672,0.29749271489343265,0.5970149253731343
8,1,0.914,0.24280491774202073,0.6025641025641025
8,1,0.892,0.3578402544243218,0.6438356164383562
8,1,0.922,0.42624291994846025,0.6455696202531646
8,1,0.78,0.727373408470556,0.5428571428571428
8,1,0.786,0.5333850385949435,0.5609756097560976
8,1,0.882,0.498010520005445,0.575
8,1,0.804,0.5264051808096767,0.5411764705882353
8,1,0.748,0.54680244778321,0.46511627906976744
8,1,0.748,0.5455097452742296,0.47674418604651164
8,1,0.8873,0.2822030581439973,0.4861111111111111
8,1,0.848,0.5520116368499287,0.4691358024691358
8,1,0.954,0.46984850355613095,0.7580645161290323
8,1,0.928,0.5396610928643013,0.6891891891891891
8,1,0.834,0.47199272851046364,0.5652173913043478
8,1,0.9233,0.3427143611240738,0.5061728395061729
8,1,0.9676666666666667,0.24571157787756198,0.6578947368421053
8,1,0.8206666666666667,0.4599478003709134,0.5466666666666666
8,1,0.822,0.529759301390536,0.5476190476190477
8,1,0.90325,0.466497402503906,0.6875
8,1,0.928,0.461427358204697,0.5833333333333334
8,1,0.672,0.29749271489343265,0.5970149253731343
8,1,0.898,0.3596398715325619,0.589041095890411
8,1,0.8148571428571428,0.15775361942389196,0.5897435897435898
8,1,0.8866666666666666,0.6793710950649855,0.5942028985507246
8,1,0.746,0.49073012638550023,0.6984126984126984
8,1,0.95,0.2942821536693156,0.609375
8,1,0.8063333333333333,0.47965972630457177,0.5735294117647058
8,1,0.86525,0.2893357101081942,0.5882352941176471
8,1,0.6245,0.46912779716107433,0.5223880597014925
8,1,0.8005,0.5395900483910995,0.527027027027027
8,0,0.568,0.2997054975058387,0.746031746031746
8,1,0.7545,0.6568188363764599,0.4868421052631579
8,1,0.792,0.26808410843879515,0.5285714285714286
8,1,0.886,0.4123347917469226,0.6666666666666666
8,1,0.804,0.47121903346079197,0.5555555555555556
8,1,0.786,0.5377546433652655,0.5
8,1,0.908,0.41363181333735377,0.5975609756097561
8,1,0.894,0.35191369451733695,0.6282051282051282
8,0,0.932,0.2921109818624232,0.6875
8,1,0.994,0.7384558368110711,0.6792452830188679
8,1,0.9393333333333334,0.6759198101904585,0.639344262295082
8,1,0.994,0.8643831705796534,0.7169811320754716
8,1,0.994,0.7384558368110711,0.6792452830188679
8,1,0.952,0.7892310546565552,0.639344262295082
8,1,0.98,0.7455770141961786,0.7333333333333333
8,1,0.941,0.8244366507949242,0.578125
8,1,0.99,0.8599162549684445,0.7692307692307693
8,1,0.992,0.7311313292943151,0.7547169811320755
8,1,0.969,0.7806863214943259,0.6125
8,1,0.99,0.8599162549684445,0.7692307692307693
8,1,0.928,0.8621545784194484,0.532258064516129
8,1,0.9713333333333334,0.6764907545550587,0.7818181818181819
8,1,0.9393333333333334,0.6759198101904585,0.639344262295082
8,1,0.9176904761904762,0.6971692273906848,0.5245901639344263
8,1,0.9,0.7336652676084323,0.4
8,1,0.878,0.5651498288101722,0.48717948717948717
8,0,0.978,0.5799340443134431,0.7333333333333333
8,1,0.978,0.5771283160737132,0.7941176470588235
8,1,0.97,0.5792986666646274,0.7419354838709677
8,1,0.84,0.5586473490272156,0.2619047619047619
8,1,0.5217333333333334,0.35169110576111484,0.4225352112676056
8,1,0.834,0.764180125359647,0.3611111111111111
8,1,0.7838999999999999,0.7168662392606411,0.38823529411764707
8,1,0.948,0.6254335264321605,0.9347826086956522
8,1,0.6637000000000001,0.5556306417484621,0.42105263157894735
8,1,0.7161333333333333,0.5146761454353487,0.48314606741573035
8,1,0.7281333333333333,0.5107335524752386,0.4725274725274725
8,1,0.6007333333333333,0.22235601078775993,0.39759036144578314
8,0,0.6653333333333332,0.4284082733448882,0.4444444444444444
8,1,0.872,0.7980752551367568,0.6
8,1,0.8603666666666667,0.8476161139630547,0.38181818181818183
8,1,0.6174047619047619,0.7856026372460767,0.2112676056338028
8,1,0.9081333333333333,0.5745703557000095,0.6307692307692307
8,1,0.7905,0.6521781238812351,0.3114754098360656
8,1,0.5903333333333333,0.653360896658057,0.43333333333333335
8,1,0.7706666666666667,0.689033844957587,0.6037735849056604
8,1,0.868,0.7647943110558039,0.6101694915254238
8,0,0.0725,0.44617220645391914,0.5483870967741935
8,0,0.028,0.09606278871254852,0.5789473684210527
8,1,0.712,0.6348150497768615,0.2222222222222222
8,1,0.8538333333333333,0.8613675797067303,0.2909090909090909
8,1,0.8385,0.7211263608871462,0.3188405797101449
8,1,0.9007857142857142,0.7652565020818589,0.6451612903225806
8,1,0.8175,0.7307028864109887,0.6415094339622641
8,1,0.8993333333333333,0.8494772691595839,0.4
8,1,0.8126666666666668,0.7539888713584213,0.2711864406779661
8,1,0.974,0.8534978625336943,0.5
8,1,0.954,0.8505614073017789,0.43636363636363634
8,1,0.878,0.8084713122643479,0.4722222222222222
8,1,0.9256666666666667,0.6774181868601159,0.49019607843137253
8,1,0.7577333333333334,0.5287415324937765,0.40963855421686746
8,1,0.7577333333333334,0.5287415324937765,0.40963855421686746
8,1,0.811,0.7105540284074328,0.4024390243902439
8,1,0.8693333333333333,0.7567174587976008,0.2222222222222222
8,1,0.798,0.6407824356367047,0.3148148148148148
8,1,0.8531071428571427,0.8822681433916271,0.5333333333333333
8,0,0.626,0.00017149825669440493,0.2786885245901639
8,0,0.2344,0.00044154597125753333,0.2518518518518518
8,0,0.1315,0.017093322279669313,0.6206896551724138
8,1,0.9675,0.7898347697153844,0.9148936170212766
8,0,0.024,0.37417209196362633,0.7777777777777778
8,0,0.5516666666666666,0.16463853111710655,0.2803738317757009
8,0,0.676,0.48440428743285613,0.2682926829268293
8,0,0.4821666666666667,0.019120261903261063,0.22962962962962963
8,1,0.7411666666666666,0.5064414677368754,0.3333333333333333
8,0,0.6352333333333333,0.7162464397816942,0.21333333333333335
8,1,0.888,0.6900917905226813,0.6153846153846154
8,0,0.442,0.4874663236738208,0.6097560975609756
8,0,0.152,0.06193202076481364,0.7647058823529411
8,1,0.6949714285714286,0.3753215051223138,0.23728813559322035
8,1,0.9093333333333332,0.822491272495141,0.2830188679245283
8,1,0.7884666666666665,0.37893904327868067,0.35555555555555557
8,1,0.8049333333333334,0.8562626683207956,0.39473684210526316
8,1,0.7459166666666667,0.8862326596169458,0.3076923076923077
8,1,0.7705,0.7866079318346216,0.40540540540540543
8,1,0.8866666666666667,0.7623053313893151,0.3541666666666667
8,1,0.8980666666666667,0.8644408119300963,0.36
8,1,0.8074,0.8723004452125959,0.32
8,1,0.7783666666666667,0.8301847611213882,0.3448275862068966
8,1,0.9001999999999999,0.8708668903522636,0.3829787234042553
8,1,0.7103666666666667,0.8552914086610194,0.5319148936170213
8,1,0.9234,0.8750538410985892,0.4
8,1,0.8827333333333334,0.8742734829625723,0.3404255319148936
8,1,0.8467333333333333,0.8010712381202475,0.45454545454545453
8,1,0.7705,0.7866079318346216,0.40540540540540543
8,1,0.7667999999999999,0.7864780024599616,0.37209302325581395
8,0,0.8652,0.8705634026059915,0.35714285714285715
8,1,0.7697,0.641182996670974,0.48936170212765956
8,1,0.7382571428571428,0.6663911989788383,0.45714285714285713
8,1,0.8049333333333334,0.8562626683207956,0.39473684210526316
8,1,0.8183333333333334,0.6393127275747428,0.3409090909090909
8,1,0.8602666666666666,0.8565941633211477,0.40816326530612246
8,1,0.3819904761904762,0.6931936273562355,0.6545454545454545
8,1,0.8127333333333333,0.837887073472296,0.6792452830188679
8,0,0.2018,0.17845730988190583,0.4186046511627907
8,1,0.74,0.8640502038584678,0.28
8,0,0.3575,0.25348324269508243,0.45
8,1,0.044,0.06147695543981015,0.582089552238806
8,1,0.902,0.665584876368817,0.56
8,1,0.966,0.8916191634171051,0.3191489361702128
8,1,0.8603666666666667,0.791737570117398,0.6086956521739131
8,0,0.6087380952380952,0.14437274655784454,0.4810126582278481
8,0,0.038,0.23837953553222008,0.5636363636363636
8,1,0.9157999999999998,0.8153342595425501,0.4791666666666667
8,0,0.8156666666666667,0.5874561232415355,0.23255813953488372
8,0,0.48719999999999997,0.2625622276297764,0.25742574257425743
8,1,0.6252666666666665,0.833513048536337,0.34615384615384615
8,1,0.7335,0.8172152463759789,0.425
8,1,0.9890666666666666,0.7125742169793657,0.6363636363636364
8,1,0.9944,0.8079345431685603,0.5106382978723404
8,1,0.9729,0.8020341611232831,0.41509433962264153
8,0,0.068,0.07524546370659208,0.5934065934065934
8,1,0.8687999999999999,0.8318578940036855,0.7017543859649122
8,0,0.012,0.019263570287132385,0.8452380952380952
8,0,0.016,0.01284586522529959,0.7634408602150538
8,1,0.5490666666666666,0.5571867370613213,0.2777777777777778
8,1,0.9586666666666667,0.8586584342290579,0.5370370370370371
8,1,0.8983,0.8418775628236812,0.5263157894736842
8,1,0.654,0.6204722692232614,0.5294117647058824
8,1,0.7886666666666667,0.6945548794230721,0.6808510638297872
8,0,0.43466666666666665,0.037817290559897035,0.47
8,1,0.43466666666666665,0.037817290559897035,0.47
8,0,0.46266349206349205,0.6334560387241872,0.6808510638297872
8,1,0.952,0.806639723044422,0.6511627906976745
8,1,0.938,0.8066507749363688,0.6346153846153846
8,0,0.22233333333333333,0.00011527890015008877,0.24778761061946902
8,1,0.82,0.7638071935896655,0.30612244897959184
8,1,0.812,0.7595923418144084,0.3392857142857143
8,1,0.9548571428571428,0.866478404210018,0.4782608695652174
8,1,0.7718333333333333,0.6824022427461484,0.5142857142857142
8,1,0.6944666666666666,0.813621576316882,0.2857142857142857
8,1,0.7991095238095237,0.3038999722183668,0.3783783783783784
8,0,0.5426666666666667,0.3246370853545557,0.296875
8,1,0.7980666666666666,0.64988834898393,0.2962962962962963
8,1,0.8753333333333334,0.8194414201310167,0.28
8,0,0.6003333333333334,0.4257315525533057,0.45161290322580644
8,1,0.8455,0.0786625462300386,0.8548387096774194
8,0,0.6347,0.17315846899186166,0.40625
8,1,0.8653333333333333,0.8197937321026805,0.4444444444444444
8,1,0.8627999999999999,0.4950790017074822,0.6307692307692307
8,1,0.806,0.7939604411543981,0.43243243243243246
8,0,0.694,0.8331916350810944,0.38636363636363635
8,1,0.7805333333333334,0.5084753237288571,0.3114754098360656
8,1,0.7063333333333334,0.7744677134563241,0.27586206896551724
8,1,0.5567333333333333,0.21383949028926166,0.21739130434782608
8,1,0.8238,0.6155490436148823,0.25
8,1,0.76,0.30778483907783344,0.2909090909090909
8,1,0.953,0.817883900513428,0.5
8,1,0.9523333333333334,0.6654888056736687,0.532258064516129
8,1,0.954,0.019097566422986028,0.7971014492753623
8,1,0.7794666666666668,0.7472317430158315,0.325
8,0,0.7634666666666666,0.23328118502523398,0.2602739726027397
8,1,0.962,0.8525914473915531,0.45454545454545453
8,1,0.8968571428571429,0.6750699577939471,0.39344262295081966
8,1,0.992,0.850556148273998,0.62
8,1,0.8324,0.7275631031480269,0.42105263157894735
8,1,0.94,0.7142824418587458,0.2826086956521739
8,1,0.9745,0.8237186635496244,0.5116279069767442
8,1,0.882,0.8258194565269296,0.4166666666666667
8,1,0.94,0.8185635062672381,0.19047619047619047
8,1,0.908,0.7418204639855888,0.3561643835616438
8,1,0.8935,0.7051564630861613,0.3333333333333333
8,0,0.49566666666666664,0.6225761880682544,0.6041666666666666
8,0,0.65,0.6908903909935247,0.265625
8,0,0.036,0.3409391784507057,0.5892857142857143
8,1,0.9086666666666666,0.7479332343977413,0.3050847457627119
8,1,0.93,0.771450063987662,0.5185185185185185
8,0,0.7985,0.7442962475157093,0.3090909090909091
8,1,0.9483333333333334,0.6508973083396625,0.5344827586206896
8,1,0.939,0.6456024610752289,0.6
8,0,0.6146666666666667,0.47699270380812103,0.43661971830985913
8,0,0.438,0.6177891551930974,0.6607142857142857
8,0,0.4646666666666667,0.6042310232291028,0.603448275862069
8,0,0.5006666666666667,0.4834794488014444,0.5161290322580645
8,0,0.024399999999999998,0.13658609426881285,0.6071428571428571
8,1,0.8654,0.8682551060924677,0.3090909090909091
8,1,0.7141904761904762,0.5661741388076769,0.4925373134328358
8,1,0.8326333333333333,0.7563737320871913,0.5692307692307692
8,0,0.094,0.026628693700928924,0.6330275229357798
8,1,0.7601666666666668,0.4115199596463979,0.24615384615384617
8,1,0.8095666666666667,0.3952134310295427,0.24615384615384617
8,1,0.7918333333333334,0.5030809097527668,0.23728813559322035
8,1,0.8024714285714285,0.8027308309766054,0.3333333333333333
8,1,0.7277333333333333,0.8067449756512077,0.453125
8,1,0.7277333333333333,0.8067449756512077,0.453125
8,0,0.7632857142857142,0.7631936732503107,0.26
8,0,0.8022857142857143,0.814373666056409,0.2631578947368421
8,1,0.8017333333333333,0.5111123686675427,0.27692307692307694
8,1,0.7736666666666667,0.3174854202398966,0.5616438356164384
8,1,0.7775,0.2257793224257172,0.46835443037974683
8,1,0.8,0.3627607485216418,0.734375
8,1,0.784,0.3639671957434055,0.7096774193548387
8,1,0.7575,0.5735494137918821,0.6461538461538462
8,1,0.8311190476190476,0.6691118502257699,0.4722222222222222
8,1,0.7825,0.3614976354263912,0.5138888888888888
8,1,0.8637380952380952,0.6609345931469082,0.5441176470588235
8,1,0.777,0.36336375720622777,0.7704918032786885
8,1,0.8392857142857141,0.8685315659001496,0.4318181818181818
8,1,0.988,0.8822749996726292,0.6170212765957447
8,1,0.9020238095238095,0.8846565353355181,0.3953488372093023
8,1,0.9875238095238095,0.8846655510419951,0.6111111111111112
8,1,0.9765,0.8634591017790066,0.5535714285714286
8,1,0.8848333333333334,0.8622086790945608,0.625
8,1,0.9686666666666668,0.8127336201555379,0.543859649122807
8,1,0.9693333333333334,0.816242181817228,0.6111111111111112
8,1,0.9120000000000001,0.7794822769491857,0.5454545454545454
8,1,0.9020238095238095,0.8846565353355181,0.3953488372093023
8,1,0.8841666666666667,0.8469904855564997,0.4117647058823529
8,1,0.9539047619047618,0.8473395520868858,0.5932203389830508
8,1,0.8711666666666665,0.8841233056070767,0.3793103448275862
8,1,0.9226666666666666,0.8400809451888643,0.39473684210526316
8,1,0.8848333333333334,0.8622086790945608,0.625
8,1,0.892,0.8335640590736547,0.48
8,1,0.9233333333333332,0.8771807080313153,0.5102040816326531
8,1,0.8713333333333334,0.8794586414104304,0.4897959183673469
8,1,0.9307904761904762,0.8490875649889693,0.3333333333333333
8,1,0.83,0.881797700246756,0.5
8,1,0.988,0.8783144385047028,0.5892857142857143
8,1,0.9606666666666667,0.8843992215164211,0.4222222222222222
8,1,0.8982333333333333,0.8473281221408059,0.49206349206349204
8,1,0.9235238095238095,0.883583150082909,0.631578947368421
8,1,0.8457333333333332,0.6589540129683792,0.5384615384615384
8,1,0.938,0.8607280610336749,0.6666666666666666
8,1,0.974,0.8904399645825869,0.5945945945945946
8,1,0.86,0.8536893460311002,0.4418604651162791
8,1,0.974,0.8904399645825869,0.5945945945945946
8,1,0.9713333333333334,0.8536510438096366,0.391304347826087
8,1,0.98,0.8247637512187079,0.6052631578947368
8,1,0.8416666666666667,0.7100610534643413,0.2804878048780488
8,0,0.912,0.8367138729657867,0.423728813559322
8,1,0.8266666666666667,0.5331685568898326,0.4262295081967213
8,1,0.8870333333333332,0.8720833542250992,0.28205128205128205
8,1,0.598,0.4183973883199172,0.5
8,1,0.9210666666666666,0.8885027039685137,0.55
8,1,0.8225666666666666,0.1288672275419425,0.7910447761194029
8,1,0.83,0.7607417305535163,0.6842105263157895
8,1,0.8970666666666666,0.8558831257150572,0.4583333333333333
8,1,0.7958999999999999,0.7253680541168336,0.45161290322580644
8,0,0.5919666666666665,0.6330748085098722,0.6595744680851063
8,1,0.9366666666666666,0.6694567175109177,0.5492957746478874
8,1,0.982,0.8739790219391542,0.10810810810810811
8,1,0.99,0.7306184174422935,0.7142857142857143
8,1,0.986,0.6350018524961453,0.6166666666666667
8,1,0.8664666666666667,0.6962575806225934,0.6271186440677966
8,1,0.8664666666666667,0.6962575806225934,0.6271186440677966
8,1,0.965,0.837284017866906,0.6382978723404256
8,1,0.5976999999999999,0.7007902210766492,0.609375
8,1,0.7353333333333333,0.7056364851512327,0.5862068965517241
8,0,0.148,0.05902233249946216,0.6363636363636364
8,0,0.1034,0.026406742195222058,0.6428571428571429
8,1,0.8496666666666668,0.6187974410602586,0.2641509433962264
8,1,0.9135000000000001,0.767149331972056,0.56
8,0,0.076,0.2248564394661601,0.4931506849315068
8,1,0.633,0.5960148350961461,0.22413793103448276
8,1,0.667,0.6079728826534959,0.22916666666666666
8,1,0.668,0.6306240538434347,0.25
8,0,0.50675,0.3487974950641458,0.4918032786885246
8,1,0.685,0.4778496431012879,0.43243243243243246
8,1,0.95,0.8968614874126389,0.3888888888888889
8,0,0.512,0.47874399109405347,0.5
8,1,0.8885,0.7683246445437402,0.6170212765957447
8,1,0.8603666666666667,0.7921672126173896,0.6086956521739131
8,1,0.8079,0.7134574194271976,0.39759036144578314
8,0,0.062,0.17806183804454948,0.6164383561643836
8,1,0.8026904761904762,0.7184671500333634,0.36585365853658536
8,1,0.952,0.7155176112312258,0.5263157894736842
8,1,0.962,0.7155176112312258,0.5526315789473685
8,1,0.886,0.8197981676014618,0.32727272727272727
8,1,0.8375,0.4181030656081488,0.6923076923076923
8,1,0.7877285714285714,0.3429344588765335,0.6617647058823529
8,0,0.30415,6.652254375080076e-05,0.7777777777777778
8,1,0.956,0.8890844018183526,0.2978723404255319
8,1,0.944,0.8928306112967331,0.6111111111111112
8,1,0.766,0.8538793600661445,0.2727272727272727
8,0,0.5543666666666666,0.48020921127810007,0.31645569620253167
8,0,0.5929999999999999,0.2762196369388576,0.3333333333333333
8,0,0.5413428571428571,0.48265939829125715,0.49206349206349204
8,1,0.6475,0.6530714356233817,0.23529411764705882
8,1,0.8676,0.8775691238122904,0.25862068965517243
8,1,0.48466666666666663,0.26302076967584853,0.5535714285714286
8,1,0.8080000000000002,0.7799742949720486,0.26153846153846155
8,1,0.3346666666666666,0.09055706095978056,0.19540229885057472
8,1,0.804,0.7064961310376247,0.53125
8,1,0.738,0.6877319023538309,0.4
8,0,0.274,0.025812150477307314,0.4444444444444444
8,0,0.4146666666666667,0.022965310303907863,0.4342105263157895
8,0,0.13,0.014052679912918177,0.6567164179104478
8,0,0.202,0.019301662673334656,0.5263157894736842
8,0,0.21766666666666665,0.024534388399988387,0.704225352112676
8,0,0.1978,0.024327388231217426,0.5616438356164384
8,0,0.196,0.02398474362157815,0.5405405405405406
8,0,0.234,0.013476204714592495,0.620253164556962
8,0,0.242,0.024884685000878655,0.5571428571428572
8,0,0.12866666666666668,0.00362693407011709,0.6567164179104478
8,0,0.202,0.019301662673334656,0.5263157894736842
8,0,0.4875,0.012745260285489272,0.20714285714285716
8,1,0.8899,0.7540877365796448,0.582089552238806
8,1,0.819,0.759193245341271,0.34615384615384615
8,1,0.4078333333333333,0.04756313129251137,0.2808988764044944
8,1,0.8895333333333334,0.6514207736717712,0.6309523809523809
8,1,0.8513333333333334,0.5124529927314563,0.6962025316455697
8,1,0.7764,0.7660755704108156,0.5
8,1,0.838,0.8945056336212495,0.6666666666666666
8,0,0.126,0.019042230314386135,0.5955056179775281
8,1,0.7908999999999999,0.7292121284294656,0.36363636363636365
8,1,0.7870666666666666,0.7089691415275328,0.26666666666666666
8,0,0.4989166666666667,0.061468548323124615,0.17543859649122806
8,1,0.6782333333333334,0.8090563905695121,0.32
8,1,0.7277333333333333,0.8086532287731757,0.40816326530612246
8,1,0.6867333333333333,0.8082494174827759,0.33962264150943394
8,1,0.7822333333333333,0.8757308571144804,0.3142857142857143
8,1,0.7613333333333334,0.8050232564407144,0.3283582089552239
8,1,0.6824,0.5081808857912188,0.35135135135135137
8,0,0.7875333333333332,0.0848592246827616,0.2037037037037037
8,0,0.538,0.7168810913344358,0.42592592592592593
8,1,0.9308,0.8419042103165869,0.6170212765957447
8,1,0.896,0.8779851119323555,0.40350877192982454
8,0,0.3406666666666666,0.6737445996240166,0.7469879518072289
8,0,0.455,2.0772090232334686e-07,0.18446601941747573
8,0,0.1085,0.40246640954477,0.5671641791044776
8,1,0.242,0.4385588575761859,0.5333333333333333
8,1,0.6611666666666667,0.7242199030859517,0.22972972972972974
8,1,0.9440666666666666,0.7215034489959155,0.8461538461538461
8,1,0.9440666666666666,0.7215034489959155,0.8461538461538461
8,0,0.6981666666666666,0.6775250330658658,0.41379310344827586
8,0,0.036,0.20596404945304084,0.6363636363636364
8,1,0.908,0.7656232609359673,0.48214285714285715
8,0,0.072,0.2909707314018482,0.6461538461538462
8,0,0.03,0.09165670168883323,0.5616438356164384
9,0,0.95,0.4609580492101061,0.609375
9,1,0.8650666666666668,0.0862710629092456,0.8548387096774194
9,1,0.95,0.6681189077363914,0.8035714285714286
9,1,0.7553333333333334,0.7211473912896678,0.29310344827586204
9,1,0.8066666666666666,0.7254172605729484,0.6451612903225806
9,1,0.802,0.7158881967639831,0.7547169811320755
9,1,0.6771666666666666,0.2917914250129627,0.3235294117647059
9,1,0.73,0.7762930506564386,0.5
9,1,0.8772000000000001,0.9017344566670371,0.6666666666666666
9,1,0.8486666666666668,0.6951231207496754,0.3548387096774194
9,1,0.982,0.8246913422367192,0.6415094339622641
9,1,0.728,0.649620277336562,0.3333333333333333
9,1,0.6881666666666666,0.4082716881763886,0.3877551020408163
9,1,0.974,0.8995533646939471,0.35294117647058826
9,1,0.9046666666666667,0.8286074838012242,0.3448275862068966
9,1,0.7476666666666667,0.7570920138321053,0.2558139534883721
9,1,0.688,0.6521534799221667,0.3148148148148148
9,1,0.7380666666666668,0.7200404136961507,0.30357142857142855
9,1,0.8655,0.8804049484103381,0.27586206896551724
9,1,0.9068666666666666,0.7886932753302044,0.45454545454545453
9,0,0.9053333333333332,0.8498102473494386,0.3898305084745763
9,1,0.861,0.9047599771945463,0.2903225806451613
9,1,0.6976666666666667,0.7705315968892507,0.28888888888888886
9,1,0.8284,0.8865068901182266,0.3392857142857143
9,1,0.871,0.7618730893780494,0.373134328358209
9,1,0.858,0.8042766509342579,0.38596491228070173
9,1,0.876,0.6972788646530546,0.35384615384615387
9,1,0.888,0.6012338977519254,0.3114754098360656
9,1,0.986,0.9005807068609465,0.5769230769230769
9,1,0.976,0.9010596203359585,0.6285714285714286
9,1,0.8906666666666666,0.7782983528793992,0.22950819672131148
9,1,0.93,0.7975826558835992,0.6730769230769231
9,1,0.98,0.6904092340391497,0.717391304347826
9,0,0.448,1.5878355204724595e-07,0.28888888888888886
9,1,0.6650666666666666,0.6937416138536722,0.43661971830985913
9,1,0.8056666666666666,0.8009621934323087,0.328125
9,1,0.974,0.884409757924056,0.45454545454545453
9,1,0.934,0.8829504956433467,0.41935483870967744
9,1,0.6625,0.8074937796614184,0.24528301886792453
9,0,0.1404,0.03689766998219417,0.6588235294117647
9,0,0.10306666666666667,0.00481260247161355,0.6464646464646465
9,0,0.104,0.03060416354612036,0.7294117647058823
9,0,0.064,0.013312505720225508,0.7857142857142857
9,0,0.2925,0.027496430498292954,0.4375
9,0,0.13306666666666667,0.016111269110337324,0.6511627906976745
9,0,0.084,0.030600308432496493,0.7738095238095238
9,0,0.12840000000000001,0.012064181962255557,0.6666666666666666
9,0,0.133,0.017082956283266063,0.6590909090909091
9,1,0.8945,0.819306746414789,0.2727272727272727
9,1,0.8225,0.8176234568449542,0.3235294117647059
9,1,0.932,0.8800349609861811,0.55
9,1,0.881,0.7041611597766511,0.45161290322580644
9,0,0.881,0.7041611597766511,0.45161290322580644
9,1,0.801,0.7372921899464399,0.41379310344827586
9,1,0.808,0.7357611559654652,0.42857142857142855
9,1,0.742,0.6772827086977099,0.2765957446808511
9,0,0.126,0.07784851370346098,0.6741573033707865
9,1,0.661,0.4194014975478813,0.5853658536585366
9,0,0.054,0.024789917077944052,0.7040816326530612
9,1,0.667,0.5721172373665581,0.22077922077922077
9,1,0.669,0.572117237366558,0.22077922077922077
9,1,0.888,0.8358941179426121,0.3877551020408163
9,1,0.6476666666666667,0.6852225038553368,0.28
9,1,0.85,0.8337180875174013,0.32558139534883723
9,0,0.49579999999999996,0.03788533268776434,0.3025210084033613
9,1,0.49579999999999996,0.03788533268776434,0.3025210084033613
9,1,0.658,0.8161671880654046,0.453125
9,1,0.658,0.8161671880654046,0.453125
9,1,0.8546666666666668,0.7186262031525422,0.2804878048780488
9,1,0.39089999999999997,0.35197241975015925,0.4225352112676056
9,0,0.3386666666666666,0.6226689680477625,0.6458333333333334
9,1,0.9035,0.8882189949160818,0.25
9,1,0.994,0.9162268232550751,1.0
9,1,0.964,0.8175381300513521,0.6981132075471698
9,1,0.062,0.08062612563886924,0.6341463414634146
9,0,0.05,0.13129190255823214,0.6428571428571429
9,0,0.032,0.06341516375449235,0.6363636363636364
9,0,0.056,0.07764871702770433,0.5348837209302325
9,0,0.024,0.13219437799657394,0.6794871794871795
9,0,0.04,0.04688057520001074,0.574468085106383
9,0,0.088,0.10771007447559634,0.6506024096385542
9,1,0.913,0.7726870833082725,0.53125
9,1,0.8555,0.854178696392992,0.4838709677419355
9,1,0.82,0.8199428131329363,0.5
9,1,0.8146666666666668,0.7720164760919992,0.4647887323943662
9,0,0.7151666666666666,0.21709619108667638,0.2608695652173913
9,1,0.8581666666666666,0.8357728766742677,0.2647058823529412
9,0,0.5873666666666666,0.09721223419979079,0.47058823529411764
9,1,0.5416047619047619,0.696594426189507,0.273972602739726
9,1,0.764,0.770170735976295,0.25316455696202533
9,1,0.764,0.770170735976295,0.25316455696202533
9,1,0.8688666666666667,0.88735509146744,0.8787878787878788
9,0,0.004,0.30037056522584554,0.7777777777777778
9,1,0.9,0.7594675040979311,0.5079365079365079
9,1,0.952,0.7692547468409288,0.5357142857142857
9,0,0.184,0.1589404061876498,0.7123287671232876
9,0,0.06,0.07258833233174453,0.6125
9,1,0.83,0.8230764820778541,0.22641509433962265
9,0,0.72,0.07950872569796513,0.2926829268292683
9,1,0.912,0.33014949133095056,0.4878048780487805
9,1,0.8727999999999999,0.8457914175708279,0.34375
9,1,0.9460000000000001,0.7979631780266127,0.62
9,1,0.9520000000000001,0.8415303545947467,0.6458333333333334
9,1,0.8006666666666666,0.8077419315869127,0.29310344827586204
9,1,0.94,0.8548515686768202,0.4745762711864407
9,1,0.758,0.7066619729189947,0.5
9,1,0.7766666666666666,0.747169782209532,0.32786885245901637
9,1,0.872,0.8447595673678372,0.3333333333333333
9,1,0.812,0.5356639578212962,0.23255813953488372
9,1,0.6216666666666666,0.6361275531052278,0.29850746268656714
9,0,0.76,0.4280240384078717,0.43243243243243246
9,1,0.928,0.7560383033763443,0.6727272727272727
9,1,0.928,0.7560383033763443,0.6727272727272727
9,1,0.7125,0.5564441242805956,0.4
9,1,0.6464666666666667,0.35161139991550217,0.4148936170212766
9,0,0.812,0.8140551853616004,0.43548387096774194
9,1,0.946,0.6747351527517479,0.49056603773584906
9,1,0.944,0.8021707495940864,0.2222222222222222
9,1,0.964,0.870180725382333,0.6363636363636364
9,1,0.976,0.8766825615340271,0.6086956521739131
9,1,0.838,0.7515212053617134,0.3728813559322034
9,1,0.9043333333333332,0.8419156564319847,0.36923076923076925
9,1,0.844,0.7412711120993641,0.45161290322580644
9,0,0.747,0.6183885797788746,0.2222222222222222
9,1,0.832,0.5478724428682046,0.3333333333333333
9,1,0.972,0.6274329784204751,0.546875
9,1,0.624,0.5685146393731437,0.3829787234042553
9,0,0.032,0.035241191529196705,0.7209302325581395
9,1,0.074,0.05615773035293773,0.6944444444444444
9,1,0.882,0.7373256591066824,0.38461538461538464
9,1,0.959,0.7442115142726591,0.5818181818181818
9,1,0.8540666666666668,0.12927933464346505,0.7910447761194029
9,0,0.5296666666666667,0.30640947495527443,0.2711864406779661
9,0,0.23273333333333335,0.4182189879904818,0.6491228070175439
9,1,0.913,0.45355789014712555,0.6438356164383562
9,1,0.954,0.447854859253265,0.6756756756756757
9,0,0.8318,0.8110222036486977,0.352112676056338
9,1,0.8318,0.8110222036486977,0.352112676056338
9,0,0.846,0.7196224513022593,0.3023255813953488
9,1,0.872,0.8260603854618495,0.2830188679245283
9,1,0.854,0.8496754947849411,0.2545454545454545
9,0,0.12030000000000002,0.22687110180788278,0.7714285714285715
9,1,0.7321666666666667,0.8109479849476305,0.3
9,0,0.7078333333333332,0.5726153425202135,0.373134328358209
9,0,0.6517999999999999,0.7912213661216053,0.3148148148148148
9,1,0.673,0.13039639071150716,0.15384615384615385
9,0,0.242,0.4513686059752004,0.5161290322580645
9,1,0.8041666666666667,0.7290219120689583,0.2972972972972973
9,0,0.249,0.42648298315712596,0.6885245901639344
9,1,0.726,0.6545235384211039,0.6304347826086957
9,1,0.6686666666666667,0.5658206894139793,0.3584905660377358
9,0,0.728,0.655458687023831,0.6444444444444445
9,1,0.612,0.7227712783326455,0.23809523809523808
9,1,0.914,0.7355655404645599,0.5384615384615384
9,1,0.979,0.8940584025101044,0.5588235294117647
9,1,0.738,0.4935569324246762,0.4166666666666667
9,1,0.7522000000000001,0.8295568522882143,0.3877551020408163
9,1,0.7237380952380953,0.45951978231166585,0.2826086956521739
9,1,0.855,0.7651075391706897,0.22
9,1,0.7856666666666667,0.7214997033847901,0.26666666666666666
9,1,0.962,0.8906023075480943,0.391304347826087
9,0,0.962,0.8906023075480943,0.391304347826087
9,0,0.052,0.017206211054864983,0.6886792452830188
9,0,0.574,0.6875733147349733,0.3125
9,1,0.901,0.8372519842761508,0.36507936507936506
9,1,0.7999666666666666,0.8076564650773844,0.3333333333333333
9,1,0.6922666666666667,0.5761553717759315,0.4925373134328358
9,1,0.968,0.6181560580749031,0.5535714285714286
9,1,0.9813333333333334,0.8038111889116168,0.5614035087719298
9,1,0.7632666666666666,0.6328702755004697,0.2602739726027397
9,0,0.4409190476190476,0.6325903424578876,0.6595744680851063
9,1,0.946,0.7974565531807273,0.7241379310344828
9,1,0.6666666666666666,0.7525405424313257,0.38461538461538464
9,1,0.5766666666666667,0.11115187658739413,0.3181818181818182
9,1,0.8342,0.6926408477048663,0.5142857142857142
9,1,0.7206666666666667,0.7495773141335493,0.328125
9,1,0.7256666666666667,0.5172812617916179,0.36923076923076925
9,1,0.718,0.5829236899047766,0.3972602739726027
9,1,0.7908,0.7290906415952887,0.4166666666666667
9,0,0.114,0.00027623027622969914,0.45
9,1,0.952,0.7558691513790712,0.5652173913043478
9,1,0.98,0.8873460205189512,0.5428571428571428
9,1,0.532,0.6573629087026353,0.43333333333333335
9,1,0.822,0.6883592873428743,0.3382352941176471
9,1,0.8816666666666667,0.780821203707123,0.5
9,1,0.9026666666666667,0.7814732429855051,0.5094339622641509
9,0,0.7644357142857143,0.5527462899397962,0.23404255319148937
9,1,0.8966666666666667,0.514341633434705,0.4358974358974359
9,0,0.5275238095238094,0.012742131626839329,0.20714285714285716
9,1,0.6263166666666667,0.8405927609466014,0.3088235294117647
9,1,0.8406666666666668,0.7145926802626221,0.15789473684210525
9,0,0.4975,0.2909203042885014,0.40425531914893614
9,1,0.476,0.5215982405442532,0.27906976744186046
9,0,0.6811666666666666,0.764949735424117,0.3023255813953488
9,1,0.3975,0.30953225659221895,0.22448979591836735
9,0,0.3995,0.1295002464098443,0.22077922077922077
9,1,0.6254,0.5736813613553442,0.28888888888888886
9,1,0.698,0.5201329532481411,0.32926829268292684
9,1,0.704,0.747181555131859,0.24390243902439024
9,1,0.706,0.750084589098812,0.24074074074074073
9,1,0.748,0.7530308723868411,0.3137254901960784
9,1,0.752,0.7544952318658111,0.3076923076923077
9,1,0.752,0.7544952318658111,0.3076923076923077
9,0,0.7253333333333333,0.5638914545268942,0.21818181818181817
9,1,0.72,0.7494906396304906,0.23636363636363636
9,0,0.7213333333333333,0.5611707803921413,0.2222222222222222
9,0,0.7413333333333333,0.5650527597453924,0.22807017543859648
9,1,0.914,0.7831212494276605,0.3469387755102041
9,1,0.5724,0.8050408510994699,0.45588235294117646
9,1,0.948,0.890731447678764,0.4897959183673469
9,1,0.806,0.8048398632189185,0.2708333333333333
9,1,0.8273333333333334,0.66576906446143,0.49333333333333335
9,1,0.7923333333333333,0.5259782129316924,0.4626865671641791
9,1,0.621,0.3283438900686375,0.2631578947368421
9,1,0.621,0.3283438900686375,0.2631578947368421
9,1,0.89,0.7738830867944335,0.45098039215686275
9,1,0.89,0.7738830867944335,0.45098039215686275
9,1,0.7014666666666667,0.6082438822517411,0.7272727272727273
9,0,0.7373999999999999,0.7195934023523298,0.23655913978494625
9,1,0.7373999999999999,0.7195934023523298,0.23655913978494625
9,1,0.546,0.7452109760392779,0.410958904109589
9,1,0.877,0.8082136632156092,0.33962264150943394
9,1,0.884,0.5531353826138525,0.2
9,0,0.05633333333333333,0.04603028758999557,0.7111111111111111
9,0,0.028,0.037526895243757595,0.7790697674418605
9,0,0.024,0.020437370361648978,0.8452380952380952
9,0,0.092,0.01998125033265504,0.7640449438202247
9,1,0.7783333333333333,0.8012982012427797,0.2553191489361702
9,1,0.514,0.6507442274884264,0.2289156626506024
9,0,0.02,0.24645252608005033,0.6617647058823529
9,1,0.858,0.7590154578091525,0.5614035087719298
9,1,0.7480666666666667,0.37434906403583007,0.3614457831325301
9,1,0.892,0.8778981796370886,0.40425531914893614
9,1,0.26880000000000004,0.04412117784740372,0.4268292682926829
9,0,0.3065,0.0005982258417249919,0.3
9,1,0.8395,0.7343688941862855,0.3541666666666667
9,1,0.8395,0.7343688941862855,0.3541666666666667
9,0,0.2028,0.036680029311640584,0.3076923076923077
9,0,0.206,0.0368150365044503,0.3442622950819672
9,1,0.8466666666666668,0.8011128661985597,0.46
9,1,0.65,0.7476337006198661,0.25925925925925924
9,1,0.8162833333333332,0.8856362331177078,0.3333333333333333
9,1,0.786,0.9031900642097962,0.4
9,1,0.917,0.6672265807885527,0.6309523809523809
9,1,0.9283333333333333,0.5227347128589402,0.6962025316455697
9,1,0.7573333333333334,0.5535304007630524,0.23214285714285715
9,1,0.8076666666666666,0.8007093572541493,0.37209302325581395
9,1,0.5446666666666666,0.22898896184634498,0.39759036144578314
9,1,0.8931428571428571,0.6710549247894286,0.6071428571428571
9,1,0.974,0.868994220320204,0.7380952380952381
9,1,0.6414666666666666,0.3588331233464267,0.7972972972972973
9,1,0.47506666666666664,0.40449349340550766,0.6582278481012658
9,1,0.5973333333333333,0.4032029546167964,0.6144578313253012
9,0,0.5105,0.09150830930945224,0.7530864197530864
9,1,0.862,0.8268040722660146,0.5306122448979592
9,1,0.589,0.09101848400262698,0.18181818181818182
9,1,0.642,0.8522939729661966,0.3
9,1,0.5819666666666667,0.6524864004168994,0.43333333333333335
9,1,0.778,0.5281110800240891,0.3191489361702128
9,1,0.96,0.731317384126239,0.46153846153846156
9,1,0.964,0.8879339579854113,0.6511627906976745
9,1,0.8785,0.6691882312646684,0.56
9,1,0.91,0.8832435988588514,0.3333333333333333
9,0,0.743,0.8396845334756448,0.38636363636363635
9,1,0.7466666666666667,0.39488957119161605,0.45098039215686275
9,1,0.7864666666666666,0.3877397796915163,0.3225806451612903
9,1,0.6500666666666666,0.5032141886276718,0.31666666666666665
9,1,0.9007999999999999,0.7129441424116503,0.40384615384615385
9,0,0.866,0.8577568214652602,0.35294117647058826
9,0,0.5506666666666666,0.7325513742865454,0.2857142857142857
9,0,0.038,0.3185499902932901,0.5967741935483871
9,0,0.056,0.31323836477040345,0.5675675675675675
9,1,0.036,0.31738751245277586,0.5616438356164384
9,0,0.026,0.3162273082199663,0.6
9,1,0.878,0.3480392414117648,0.6333333333333333
9,1,0.6666666666666667,0.7679553843351554,0.54
9,1,0.68,0.7693583553731242,0.5
9,1,0.698,0.694048598128957,0.373134328358209
9,1,0.6514333333333333,0.8422596343052278,0.26666666666666666
9,1,0.856,0.8101931551318383,0.2826086956521739
9,1,0.792,0.38927400750212454,0.5466666666666666
9,1,0.8314666666666666,0.5468645773577628,0.3815789473684211
9,0,0.2566666666666667,0.14419346903530442,0.4153846153846154
9,1,0.5644,0.4074729947433596,0.5362318840579711
9,0,0.3433,0.4083941838742577,0.6833333333333333
9,1,0.8235,0.47362017172015053,0.589041095890411
9,1,0.857,0.6015371682113311,0.7580645161290323
9,1,0.944,0.6755562381073674,0.6891891891891891
9,1,0.8996666666666666,0.7454007611970627,0.5
9,0,0.4144,0.16874656499534038,0.4117647058823529
9,1,0.942,0.45928576689864614,0.6744186046511628
9,1,0.878,0.5713866350162526,0.46774193548387094
9,0,0.05,0.10445361575284477,0.6145833333333334
9,1,0.956,0.6624217652976161,0.5636363636363636
9,1,0.948,0.661222037827695,0.5833333333333334
9,1,0.978,0.8845079207424992,0.825
9,1,0.978,0.8130892000967114,0.8157894736842105
9,1,0.978,0.8845079207424992,0.825
9,1,0.978,0.8130892000967114,0.8157894736842105
9,0,0.046,0.17751730832559026,0.582089552238806
9,1,0.9181666666666666,0.8247823170559714,0.38461538461538464
9,1,0.004,0.023979071840872977,0.863013698630137
9,1,0.976,0.8859181900791101,0.54
9,1,0.954,0.580354874678511,0.6307692307692307
9,0,0.6204761904761905,0.022373032765258285,0.4805194805194805
9,1,0.243,0.4562849114778996,0.5333333333333333
9,1,0.6435238095238095,0.6993939335456225,0.6538461538461539
9,0,0.25639999999999996,0.5149346375994261,0.45
9,1,0.8946666666666667,0.5123706177437777,0.4473684210526316
9,1,0.861,0.6473070854697486,0.35
9,0,0.432,0.0028335605631370124,0.21818181818181817
9,0,0.425,0.728767607147136,0.5
9,1,0.81,0.7180454106416874,0.38461538461538464
9,1,0.934,0.716086835798682,0.5263157894736842
9,1,0.948,0.716086835798682,0.5526315789473685
9,1,0.89,0.7388438176162944,0.3114754098360656
9,1,0.921,0.6702033589426865,0.5076923076923077
9,0,0.495,0.1835315927869049,0.25862068965517243
9,1,0.8744,0.810136940048211,0.5555555555555556
9,0,0.012333333333333332,0.189812595055603,0.6666666666666666
9,1,0.864,0.8187517034624321,0.7142857142857143
9,1,0.942,0.7295471631358365,0.6621621621621622
9,0,0.8946666666666666,0.8773115596108212,0.4594594594594595
9,1,0.8416666666666668,0.8523575756030096,0.4146341463414634
9,1,0.7006,0.3866146780605478,0.3541666666666667
9,1,0.9011666666666667,0.8376214643900655,0.42857142857142855
9,1,0.9426666666666667,0.9008099174104617,0.6111111111111112
9,0,0.46335238095238096,0.08784538780727393,0.22641509433962265
9,1,0.904,0.7498585357841281,0.4594594594594595
9,1,0.962,0.8948768636434778,0.6285714285714286
9,1,0.8692000000000001,0.8804231125230122,0.5142857142857142
9,0,0.01,0.3769857019691673,0.6727272727272727
9,0,0.03,0.44133320102288337,0.5964912280701754
9,0,0.012,0.37884052714315836,0.6071428571428571
9,0,0.006,0.37884052714315836,0.6379310344827587
9,1,0.96,0.7030598344202384,0.6792452830188679
9,1,0.85,0.7382820993109296,0.45714285714285713
9,1,0.6083333333333334,0.6709007965518748,0.39473684210526316
9,0,0.064,0.07370576249403123,0.5806451612903226
9,1,0.824,0.8634572153333485,0.3953488372093023
9,1,0.7118333333333332,0.4215124450099004,0.296875
9,1,0.547,0.5905211600712974,0.22413793103448276
9,1,0.6751428571428572,0.5984499927817228,0.21153846153846154
9,1,0.654,0.625911232660949,0.25
9,0,0.372,0.3390818532518136,0.390625
9,1,0.864,0.8371263952524296,0.2826086956521739
9,1,0.962,0.5713895705502132,0.46153846153846156
9,1,0.8234333333333332,0.8421744505029815,0.4230769230769231
9,1,0.93,0.8479474558249392,0.58
9,1,0.6417999999999999,0.35614274819039204,0.7564102564102564
9,1,0.992,0.8360841812413422,0.7272727272727273
9,1,0.996,0.8334332320936307,0.6896551724137931
9,1,0.726,0.6999291132963077,0.425
9,1,0.726,0.6999291132963077,0.425
9,0,0.272,0.11913086004567214,0.33
9,1,0.986,0.8915669981429427,0.65
9,1,0.90975,0.8548003621375857,0.3877551020408163
9,1,0.918,0.7902551168572246,0.4523809523809524
9,1,0.9728,0.8911977204389624,0.631578947368421
9,1,0.9436666666666667,0.8274356279783777,0.35714285714285715
9,1,0.986,0.8236431553603851,0.6111111111111112
9,1,0.974,0.8434782824407144,0.5
9,1,0.986,0.8915669981429427,0.65
9,1,0.984,0.8910476922198632,0.6170212765957447
9,1,0.8226666666666668,0.2842767266288859,0.375
9,0,0.168,0.044994329558717044,0.33783783783783783
9,0,0.219,0.08574692346022784,0.32051282051282054
9,1,0.93,0.8975996967232638,0.4745762711864407
9,1,0.876,0.867566363798097,0.6511627906976745
9,0,0.259,0.18485867251342195,0.3870967741935484
9,1,0.726,0.8597873281648275,0.25
9,1,0.47,0.8334257645107598,0.24752475247524752
9,1,0.7571666666666668,0.8689148075454602,0.391304347826087
9,1,0.6478333333333334,0.7901413184192334,0.3617021276595745
9,1,0.7571666666666668,0.8689148075454602,0.391304347826087
9,0,0.062,0.17281844365615823,0.6164383561643836
9,1,0.8998999999999999,0.8374811760411722,0.36363636363636365
9,1,0.938,0.7919581129314117,0.3484848484848485
9,1,0.938,0.7910735504925592,0.29411764705882354
9,1,0.908,0.713579413159046,0.6
9,1,0.942,0.8523300575406946,0.43137254901960786
9,1,0.7953333333333333,0.31821853916439413,0.3783783783783784
9,1,0.974,0.8565246060644908,0.40425531914893614
9,1,0.628,0.2817976341296171,0.15254237288135594
9,1,0.96,0.8925716401469208,0.4583333333333333
9,1,0.788,0.7120355062648926,0.26666666666666666
9,1,0.794,0.7131333551119201,0.34545454545454546
9,1,0.43221666666666664,0.7563063097514031,0.3508771929824561
9,1,0.5340857142857144,0.3686683269497886,0.5576923076923077
9,1,0.798,0.4934727723582304,0.5
9,0,0.253,0.1065421841640169,0.5
9,1,0.866,0.7070747266881336,0.32941176470588235
9,1,0.996,0.7490721534830965,0.9375
9,1,0.992,0.6228298149642499,0.8076923076923077
9,1,0.812,0.8184956572757692,0.2542372881355932
9,1,0.9196666666666666,0.8123534442042059,0.41379310344827586
9,1,0.313,0.7092471367706639,0.6545454545454545
9,0,0.24,0.5120055141952975,0.48717948717948717
9,0,0.222,0.23138766128120047,0.43137254901960786
9,0,0.628,0.749727401672094,0.2727272727272727
9,0,0.38739999999999997,0.4838161749712415,0.4647887323943662
9,0,0.4115,0.2756332803605925,0.3888888888888889
9,0,0.228,0.4815650252928028,0.6727272727272727
9,0,0.064,0.03733116905327144,0.4948453608247423
9,1,0.8328571428571429,0.7227968752043779,0.32142857142857145
9,1,0.85,0.8913270314237567,0.40350877192982454
10,0,0.15133333333333332,0.042983930834773504,0.6588235294117647
10,0,0.16395238095238093,0.00641034012277082,0.5714285714285714
10,0,0.30793333333333334,0.0366606742870105,0.5851063829787234
10,0,0.1325,0.016148972817119443,0.7272727272727273
10,0,0.3945,0.029033808966026323,0.4375
10,0,0.1638333333333333,0.019007532564828174,0.6179775280898876
10,0,0.116,0.036654269219328336,0.7738095238095238
10,0,0.1653333333333333,0.016500563328128548,0.6666666666666666
10,0,0.14,0.020620898464380952,0.6590909090909091
10,1,0.661,0.4979712935313611,0.5555555555555556
10,0,0.35061904761904766,0.40958709360727225,0.6779661016949152
10,1,0.608,0.20058344998165276,0.5121951219512195
10,1,0.7361666666666666,0.6725967172040306,0.26229508196721313
10,1,0.8847999999999999,0.3225849516326691,0.5641025641025641
10,1,0.762,0.6304320644450249,0.27058823529411763
10,0,0.274,0.028430058214826283,0.4444444444444444
10,0,0.32439999999999997,0.023239918541116296,0.46835443037974683
10,0,0.144,0.014466806615744161,0.6567164179104478
10,0,0.12673333333333334,0.017210955431991456,0.5512820512820513
10,0,0.1044,0.024638307674958736,0.746268656716418
10,0,0.209,0.025163711283299747,0.5616438356164384
10,0,0.12473333333333333,0.025096960212277957,0.5657894736842105
10,0,0.10933333333333334,0.013737574378952247,0.6533333333333333
10,0,0.219,0.024703869767104484,0.5571428571428572
10,0,0.13,0.0037776668830239732,0.6567164179104478
10,0,0.12673333333333334,0.017210955431991456,0.5512820512820513
10,1,0.723,0.8815659495874686,0.39655172413793105
10,1,0.6031333333333332,0.41868367050461036,0.22641509433962265
10,0,0.4672333333333333,0.18540688147130935,0.2857142857142857
10,1,0.762,0.6354378546712031,0.5675675675675675
10,1,0.956,0.889226322172409,0.4888888888888889
10,1,0.9606666666666667,0.8873494152151521,0.6111111111111112
10,0,0.5919166666666666,0.15270158590592792,0.4810126582278481
10,1,0.812,0.7429570336160078,0.2857142857142857
10,1,0.812,0.7429570336160078,0.2857142857142857
10,1,0.7530666666666666,0.6989480887166534,0.5
10,1,0.7807,0.7458589833381444,0.3333333333333333
10,1,0.6816666666666668,0.5469628382328712,0.29411764705882354
10,1,0.66,0.7238316050106512,0.2558139534883721
10,1,0.694,0.648640000892901,0.3148148148148148
10,1,0.688,0.508160900487602,0.2631578947368421
10,1,0.6973333333333334,0.5130007850933526,0.2826086956521739
10,1,0.8206666666666667,0.746352079482181,0.5185185185185185
10,1,0.988,0.7346973495396892,0.6727272727272727
10,1,0.934,0.680790835777074,0.639344262295082
10,1,1.0,0.8626600971859044,0.7169811320754716
10,1,0.988,0.7346973495396892,0.6727272727272727
10,1,0.986,0.7983711716805023,0.71875
10,1,0.9793333333333334,0.7466936354634843,0.7333333333333333
10,1,0.94,0.8317588422183378,0.578125
10,1,0.9933333333333334,0.8611959295285677,0.7692307692307693
10,1,1.0,0.7322923323730813,0.9375
10,1,0.9625,0.8134594667144724,0.6125
10,1,0.9933333333333334,0.8611959295285677,0.7692307692307693
10,1,0.9470666666666667,0.8639432781284244,0.532258064516129
10,1,0.97,0.6760433327775661,0.7818181818181819
10,1,0.934,0.680790835777074,0.639344262295082
10,1,0.947,0.693738608414348,0.5245901639344263
10,1,0.8622000000000001,0.6649175574737806,0.3829787234042553
10,1,0.762,0.8233491831708634,0.288135593220339
10,1,0.781,0.8233372252094644,0.288135593220339
10,1,0.749,0.82241454303688,0.2826086956521739
10,0,0.266,0.1316206170308928,0.33
10,1,0.8415,0.7195976335456178,0.2878787878787879
10,1,0.888,0.7549768059883081,0.6101694915254238
10,1,0.7526666666666666,0.5005656286499978,0.32954545454545453
10,1,0.8887999999999999,0.7062955020608283,0.6170212765957447
10,1,0.8009714285714286,0.7533167666277858,0.6842105263157895
10,1,0.938,0.69733595250942,0.5384615384615384
10,0,0.012,0.024770300911306248,0.8452380952380952
10,0,0.006,0.01745929517813045,0.7634408602150538
10,1,0.9265,0.8307076621427293,0.5370370370370371
10,1,0.974,0.8053688186309697,0.5945945945945946
10,1,0.974,0.8795237147408639,0.6111111111111112
10,1,0.894,0.8142507071399325,0.42592592592592593
10,1,0.974,0.8825698078576856,0.5428571428571428
10,0,0.742,0.222386429667135,0.29545454545454547
10,1,0.815,0.7320240536292841,0.4470588235294118
10,1,0.586,0.5651894277791218,0.5294117647058824
10,0,0.172,0.014553351123165758,0.7692307692307693
10,0,0.23666666666666666,0.027708650273938016,0.6306306306306306
10,0,0.16,0.02283020038673387,0.696969696969697
10,1,0.825,0.8769248022555465,0.5333333333333333
10,1,0.690952380952381,0.7306110740094284,0.3275862068965517
10,1,0.732209523809524,0.8369668567538486,0.24691358024691357
10,0,0.044,0.034574133998522584,0.7627118644067796
10,1,0.9153333333333333,0.5987773398166877,0.9333333333333333
10,1,0.75,0.7168637999307007,0.53125
10,1,0.674,0.6872910309429224,0.4
10,1,0.768,0.49878759195390254,0.4166666666666667
10,0,0.042,0.09708793570870294,0.5616438356164384
10,1,0.972,0.880069820931645,0.59375
10,1,0.8986666666666666,0.7146335731422842,0.43859649122807015
10,1,0.934,0.7499558657003109,0.4915254237288136
10,1,0.934,0.7499558657003109,0.4915254237288136
10,1,0.931,0.7180461917665811,0.417910447761194
10,1,0.94,0.747641658351969,0.6451612903225806
10,1,0.886,0.7614861886590539,0.43243243243243246
10,0,0.156,0.1458804021220827,0.5421686746987951
10,0,0.07,0.1603644880235496,0.5301204819277109
10,1,0.6866,0.725810223448418,0.3225806451612903
10,1,0.7161666666666666,0.7335818465033836,0.3225806451612903
10,1,0.096,0.08093286309402253,0.6341463414634146
10,0,0.03866666666666666,0.13657241046167187,0.6428571428571429
10,0,0.04,0.06859968162150058,0.6363636363636364
10,0,0.03,0.08320311363605311,0.6125
10,0,0.012,0.13915884421470673,0.72
10,0,0.022,0.05349037094407737,0.6265060240963856
10,0,0.132,0.10379374624734913,0.6506024096385542
10,1,0.494,0.7353731840829347,0.3333333333333333
10,1,0.8603999999999999,0.8642489862920303,0.22
10,0,0.2132,0.026405000159998943,0.5841584158415841
10,1,0.8744,0.7426386934179642,0.62
10,1,0.8744,0.7426386934179642,0.62
10,1,0.9064,0.7101561221277508,0.7450980392156863
10,1,0.734,0.6728226235511244,0.3220338983050847
10,0,0.03,0.27499958325073154,0.5797101449275363
10,1,0.7750666666666666,0.714639080156184,0.6451612903225806
10,1,0.7950666666666666,0.6872848436895499,0.7547169811320755
10,0,0.156,0.004014829046766829,0.4777777777777778
10,1,0.774,0.873937916235204,0.34615384615384615
10,1,0.7524,0.6625737690191313,0.2676056338028169
10,1,0.908,0.8198405862918741,0.3888888888888889
10,1,0.842,0.7288234405413657,0.6833333333333333
10,1,0.8346666666666668,0.8107494555602421,0.4852941176470588
10,1,0.922,0.7936048834727042,0.5689655172413793
10,1,0.874,0.6860907948134412,0.5230769230769231
10,1,0.882,0.7250690193114051,0.5
10,1,0.838,0.8196084093898643,0.515625
10,1,0.862,0.7275147824805955,0.6346153846153846
10,1,0.84,0.7262416836674542,0.5614035087719298
10,1,0.8646666666666667,0.7157019343095373,0.5535714285714286
10,1,0.803,0.47378783543132436,0.35384615384615387
10,1,0.966,0.5319977004135037,0.5
10,0,0.034,0.06717123095086681,0.686046511627907
10,1,0.864,0.5972920875619968,0.4666666666666667
10,1,0.77,0.654064513613605,0.5636363636363636
10,1,0.6804,0.6583316530570474,0.5846153846153846
10,1,0.7310666666666668,0.7660914839722837,0.2962962962962963
10,1,0.33233333333333326,0.0030129116692471166,0.24050632911392406
10,1,0.6735,0.6315700164571381,0.2777777777777778
10,0,0.06,0.030752305058124027,0.7816091954022989
10,0,0.7033333333333333,0.08373432797760032,0.2926829268292683
10,0,0.5525,0.3485194140728484,0.2571428571428571
10,1,0.926,0.8175720105299525,0.5945945945945946
10,1,0.954,0.8877256310673686,0.5945945945945946
10,1,0.9060666666666666,0.6356412411072597,0.47692307692307695
10,1,0.8186666666666667,0.8015104959352464,0.35185185185185186
10,1,0.5890714285714286,0.5711861159688335,0.22413793103448276
10,1,0.6085714285714285,0.5733305248086867,0.22916666666666666
10,1,0.6713333333333333,0.618452178379354,0.25
10,0,0.3825,0.3201855131062372,0.390625
10,1,0.876,0.6705949060664976,0.6071428571428571
10,1,0.9465,0.7141211692827518,0.3541666666666667
10,1,0.657,0.37401544290427874,0.23728813559322035
10,1,0.89,0.8824602915512498,0.3111111111111111
10,1,0.902,0.8885265815936091,0.6285714285714286
10,1,0.7233333333333333,0.8600170570870783,0.5106382978723404
10,1,0.7722380952380952,0.7167659975453272,0.45454545454545453
10,1,0.874,0.5980851439583253,0.5094339622641509
10,1,0.6677666666666666,0.5479243792979659,0.3815789473684211
10,1,0.7726666666666666,0.6103447070249669,0.5918367346938775
10,1,0.8351666666666666,0.5707032425583185,0.5507246376811594
10,1,0.8652000000000001,0.885067426597276,0.34782608695652173
10,1,0.7627999999999999,0.8215427621286652,0.4
10,1,0.9212,0.719456186927745,0.5666666666666667
10,1,0.5392,0.4818131852584356,0.3333333333333333
10,0,0.05,0.021629093423417303,0.6145833333333334
10,0,0.5161666666666668,0.5694926404812254,0.6041666666666666
10,1,0.7066666666666667,0.5704242411438357,0.3333333333333333
10,0,0.791952380952381,0.6779653327735464,0.453125
10,0,0.256,0.03744282938726396,0.6486486486486487
10,1,0.886,0.5575036453496967,0.453125
10,1,0.915,0.7829733713550194,0.65
10,1,0.796,0.48291802887270263,0.7301587301587301
10,1,0.8011666666666667,0.67108765173567,0.49206349206349204
10,1,0.8906666666666667,0.6126575293574772,0.5757575757575758
10,1,0.902,0.46674057670160035,0.711864406779661
10,1,0.934,0.66626658025442,0.6666666666666666
10,1,0.912,0.4205108045481517,0.7301587301587301
10,1,0.906,0.47205995014746804,0.7540983606557377
10,0,0.074,0.013319879065519694,0.88
10,1,0.725,0.7370563543999583,0.7241379310344828
10,1,0.67,0.618907869129361,0.3023255813953488
10,1,0.3,0.47241636876724274,0.5333333333333333
10,1,0.6931777777777777,0.6339289453579392,0.5735294117647058
10,1,0.511,0.27725591681127854,0.21739130434782608
10,1,0.084,0.02670810738026172,0.8311688311688312
10,1,0.784,0.8716574141543253,0.37254901960784315
10,0,0.117,0.13833139227184832,0.4838709677419355
10,1,0.8313333333333334,0.8371423494740963,0.25806451612903225
10,1,0.799,0.6084368019382045,0.2602739726027397
10,1,0.8986666666666666,0.7914726623023073,0.32727272727272727
10,1,0.8056666666666666,0.6086221744900095,0.39655172413793105
10,0,0.494,0.21208240832590985,0.5111111111111111
10,0,0.6366666666666667,0.2100337852448967,0.3148148148148148
10,0,0.5011666666666666,0.21210273470540691,0.46938775510204084
10,0,0.512,0.320070996943869,0.4423076923076923
10,0,0.51,0.31838781369365926,0.3770491803278688
10,1,0.898,0.654353454402074,0.4
10,1,0.9108333333333334,0.8832222518313572,0.55
10,1,0.828,0.5312519326478202,0.5128205128205128
10,1,0.9285,0.5893561949194633,0.717391304347826
10,1,0.96,0.8193143414326491,0.6382978723404256
10,0,0.31133333333333335,0.5759367002880416,0.6458333333333334
10,1,0.853,0.4998300923143647,0.417910447761194
10,1,0.928,0.7753857955751068,0.6481481481481481
10,1,0.928,0.7753857955751068,0.6481481481481481
10,1,0.9201666666666667,0.8817490265430389,0.4915254237288136
10,1,0.946,0.7790836182047955,0.6666666666666666
10,1,0.772,0.6617813798667095,0.4745762711864407
10,1,0.8694333333333333,0.8618460147963457,0.46774193548387094
10,0,0.5871190476190475,0.24431054141085468,0.2289156626506024
10,0,0.5257333333333334,0.472277419890098,0.31645569620253167
10,0,0.5461333333333335,0.2769761084701885,0.3333333333333333
10,0,0.4334666666666667,0.4637920458846132,0.49206349206349204
10,0,0.726,0.25613522600144395,0.39285714285714285
10,1,0.726,0.25613522600144395,0.39285714285714285
10,1,0.7667999999999999,0.7232854753951715,0.6415094339622641
10,1,0.8,0.661620761549278,0.7272727272727273
10,1,0.72,0.735599897635483,0.328125
10,1,0.7173333333333334,0.5147345167928742,0.36923076923076925
10,1,0.7225714285714285,0.694113992489637,0.5
10,0,0.6899,0.8531465875370483,0.2857142857142857
10,1,0.6899,0.8531465875370483,0.2857142857142857
10,0,0.6479,0.8507609574918192,0.29411764705882354
10,1,0.8,0.8285754147321555,0.2777777777777778
10,1,0.8444333333333333,0.8117343235350445,0.34375
10,1,0.6199333333333334,0.6650569760412173,0.2459016393442623
10,0,0.7584,0.6170503203286059,0.28125
10,0,0.25,0.025893655809225195,0.6
10,0,0.03,0.18456755700366748,0.6268656716417911
10,0,0.708,0.45620865695298407,0.28169014084507044
10,1,0.6826666666666668,0.28527985440131703,0.24285714285714285
10,0,0.6911666666666667,0.7324728478909729,0.25
10,1,0.846,0.530806291540663,0.30303030303030304
10,1,0.9286666666666666,0.7875261810668203,1.0
10,0,0.05,0.002668307558056838,0.5164835164835165
10,1,0.8946666666666667,0.8296979912433419,0.34375
10,1,0.9215,0.7561414746818454,0.62
10,1,0.9295,0.820081142539864,0.6458333333333334
10,1,0.818,0.7843846509949514,0.35714285714285715
10,1,0.91,0.8418812525398898,0.4745762711864407
10,1,0.7433333333333334,0.6811968332051667,0.5
10,1,0.757,0.7212836935251936,0.35185185185185186
10,1,0.922,0.826601063355675,0.3787878787878788
10,1,0.9225,0.6651181653311068,0.7692307692307693
10,1,0.7662333333333333,0.27987034168909386,0.3783783783783784
10,1,0.936,0.5319977004135037,0.6774193548387096
10,1,0.8725833333333334,0.6900886827175647,0.43859649122807015
10,1,0.8815,0.7505041033228141,0.3561643835616438
10,0,0.13,0.17291435929489155,0.6125
10,0,0.3926666666666666,0.14505651946783057,0.4631578947368421
10,0,0.36,0.03349967983612305,0.4842105263157895
10,0,0.238,0.2049470193057223,0.5555555555555556
10,1,0.9405,0.8158764374201907,0.3181818181818182
10,0,0.128,0.23869571836994025,0.5945945945945946
10,1,0.8743333333333334,0.8054049767094674,0.4444444444444444
10,1,0.8382238095238095,0.8793921987058649,0.5333333333333333
10,1,0.9445238095238097,0.7548425335801947,0.5185185185185185
10,1,0.966,0.8851798460757623,0.38461538461538464
10,1,0.8687999999999999,0.7773786196905113,0.3064516129032258
10,1,0.894,0.7082622353919652,0.31746031746031744
10,0,0.51225,0.3392365481231421,0.296875
10,1,0.9185,0.8029421771009714,0.4791666666666667
10,1,0.7713333333333332,0.6997680234310893,0.2602739726027397
10,1,0.8906666666666666,0.5992119687923363,0.2549019607843137
10,0,0.346,0.3460631519713558,0.66
10,1,0.84,0.8703108107969281,0.3157894736842105
10,1,0.7893333333333332,0.8857988625318819,0.4
10,0,0.4805,0.4550168562515296,0.6097560975609756
10,1,0.7229666666666666,0.5691024235346605,0.36585365853658536
10,1,0.8793333333333334,0.8324583155495496,0.5319148936170213
10,1,0.8658333333333333,0.7716927000914516,0.5102040816326531
10,0,0.350752380952381,0.06746425689217614,0.26506024096385544
10,0,0.42233333333333334,0.0784269918757778,0.5494505494505495
10,0,0.892,0.8591920582129174,0.4594594594594595
10,1,0.796,0.8340089544366949,0.6097560975609756
10,1,0.6523333333333332,0.3968342977354679,0.5208333333333334
10,1,0.7651666666666668,0.5529406163407601,0.32558139534883723
10,1,0.9,0.6075372481262451,0.4838709677419355
10,1,0.696,0.30261155587878263,0.3263157894736842
10,1,0.825,0.720017988532338,0.48484848484848486
10,1,0.9239666666666667,0.7834404147080588,0.7222222222222222
10,0,0.1396,0.26456827696571195,0.7714285714285715
10,1,0.601,0.5933709307879012,0.22093023255813954
10,1,0.8475,0.7515968744009297,0.4166666666666667
10,1,0.8200666666666667,0.7521768758072238,0.36363636363636365
10,1,0.8293333333333334,0.8913503343888328,0.35294117647058826
10,0,0.17097575757575756,0.0292379895496533,0.7676767676767676
10,0,0.22307575757575757,0.03687842372261009,0.6454545454545455
10,1,0.8326666666666668,0.43719149836542714,0.5222222222222223
10,1,0.8,0.42618318776590025,0.5108695652173914
10,1,0.7949166666666667,0.5229256147971777,0.40425531914893614
10,0,0.7069,0.24659585787605207,0.2602739726027397
10,1,0.942,0.7940531950919828,0.6
10,1,0.5016333333333334,0.737251996372808,0.34615384615384615
10,1,0.86,0.7592694291380229,0.45161290322580644
10,0,0.126,0.0003092941120188572,0.4461538461538462
10,1,0.914,0.6304486292423244,0.5263157894736842
10,1,0.8025,0.6614535380488836,0.3695652173913043
10,1,0.9395,0.694095467266506,0.8461538461538461
10,1,0.7578666666666667,0.7283228786872465,0.49206349206349204
10,1,0.7353,0.714874624039597,0.32
10,1,0.898,0.6483987354275628,0.5694444444444444
10,0,0.27316666666666667,2.0083460987482603e-07,0.20394736842105263
10,1,0.26,0.023998966392974636,0.6842105263157895
10,1,0.916,0.7431079960296149,0.3191489361702128
10,1,0.8913333333333333,0.7720176176271142,0.43478260869565216
10,0,0.044,0.22546594545276818,0.6363636363636364
10,1,0.886,0.405353117218119,0.3111111111111111
10,1,0.9253333333333332,0.6124702605809136,0.4634146341463415
10,1,0.785,0.6435193131532663,0.46
10,1,0.778,0.622705742327913,0.30612244897959184
10,0,0.17,0.06604395804601045,0.4594594594594595
10,0,0.5476666666666667,0.09171267594435432,0.44
10,1,0.8735,0.8273287137328967,0.3770491803278688
10,1,0.8301666666666667,0.7995960776335629,0.6190476190476191
10,1,0.7995,0.6988865706403378,0.48
10,1,0.7480238095238095,0.39804216747057597,0.8048780487804879
10,1,0.53,0.438379634902377,0.6781609195402298
10,1,0.6526666666666667,0.4430417662082802,0.6373626373626373
10,0,0.282,0.6160149630528859,0.5
10,0,0.194,0.574464316020849,0.47368421052631576
10,0,0.286,0.5860319290914356,0.3333333333333333
10,1,0.892,0.7574802822658355,0.36363636363636365
10,1,0.6909333333333334,0.7406934472435622,0.4230769230769231
10,1,0.838,0.6569409494718079,0.34
10,1,0.77,0.6985881778576336,0.2545454545454545
10,0,0.776,0.5093115727393336,0.2727272727272727
10,0,0.1804,0.03517218774609371,0.328
10,0,0.24343333333333333,0.6571468818748369,0.5625
10,1,0.8646333333333333,0.7931660751302029,0.5094339622641509
10,1,0.962,0.7656856570414825,0.6363636363636364
10,1,0.8476666666666667,0.7600249981680134,0.38181818181818183
10,1,0.7563,0.8402662109164342,0.6792452830188679
10,0,0.641,0.4842345285817337,0.6545454545454545
10,0,0.024,0.20650391889186864,0.6666666666666666
10,0,0.022,0.044179225202937815,0.7126436781609196
10,1,0.934,0.8562382601614641,0.2978723404255319
10,1,0.8047,0.5578670700408372,0.45161290322580644
10,0,0.354,0.18540467972802296,0.4117647058823529
10,1,0.7813333333333332,0.7772390871663911,0.3333333333333333
10,0,0.2326666666666667,0.05173051115273529,0.3076923076923077
10,0,0.21666666666666667,0.05146499161805043,0.3442622950819672
10,1,0.89,0.7614554566178017,0.35714285714285715
10,1,0.8905,0.8187799676297588,0.3695652173913043
10,0,0.5031095238095238,0.0534138036860536,0.45652173913043476
10,1,0.837,0.7601600711541137,0.3333333333333333
10,1,0.7279,0.676602637030948,0.3023255813953488
10,1,0.946,0.7333142235010378,0.5
10,1,0.876,0.8267160338104041,0.34210526315789475
10,1,0.872,0.8114333116078353,0.30952380952380953
10,1,0.8325166666666667,0.47317915127392934,0.6455696202531646
10,0,0.3901523809523809,0.29495266459204833,0.6833333333333333
10,0,0.648,0.7506009113877251,0.41818181818181815
10,0,0.7115499999999999,0.4882850714661044,0.4084507042253521
10,0,0.7079500000000001,0.4056427385509798,0.3918918918918919
10,1,0.6875,0.49232198684853246,0.4393939393939394
10,1,0.7886333333333333,0.3742815099331554,0.7076923076923077
10,1,0.8358,0.47725289486676,0.6282051282051282
10,1,0.7726000000000001,0.3845286494433626,0.6666666666666666
10,1,0.8286333333333333,0.6898232754532674,0.6440677966101694
10,1,0.6387333333333334,0.3703872494424099,0.5692307692307692
10,1,0.6217333333333334,0.42784362209925936,0.5211267605633803
10,0,0.689,0.7465050713486203,0.4444444444444444
10,0,0.5914333333333334,0.739231654049156,0.5
10,1,0.6861666666666667,0.2911478004469123,0.6885245901639344
10,1,0.8135,0.36999032997552167,0.7121212121212122
10,1,0.4222190476190476,0.4923673202882418,0.532258064516129
10,1,0.6692333333333333,0.49776168046642866,0.578125
10,0,0.6131,0.7546523232921923,0.40625
10,0,0.7,0.8368239818407468,0.4716981132075472
10,1,0.8281333333333333,0.34683424236513627,0.7361111111111112
10,1,0.8288,0.46640729920860113,0.6025641025641025
10,1,0.7079666666666667,0.11200388420643898,0.6103896103896104
10,1,0.7926,0.3896915463235505,0.7285714285714285
10,0,0.626,0.6905069083871482,0.6440677966101694
10,1,0.6475,0.6002561120842794,0.2708333333333333
10,1,0.8485666666666666,0.8683076542064111,0.2727272727272727
10,0,0.5403333333333332,0.2904971222406184,0.40425531914893614
10,1,0.53,0.503969678306904,0.27906976744186046
10,0,0.636,0.7384794081421419,0.3023255813953488
10,1,0.48,0.303926856471755,0.22448979591836735
10,0,0.436,0.1359103291335858,0.22077922077922077
10,0,0.17106666666666667,0.16827773611015343,0.4186046511627907
10,1,0.8743333333333333,0.8720805426989436,0.3392857142857143
10,1,0.7676333333333333,0.39548364854468426,0.575
10,1,0.8094,0.6878482987516683,0.4393939393939394
10,1,0.8386666666666667,0.773770236401786,0.2962962962962963
10,1,0.6556666666666667,0.4564497599223675,0.2916666666666667
10,1,0.966,0.4807378622839531,0.7215189873417721
10,1,0.7463333333333334,0.6902088226944705,0.2835820895522388
10,0,0.3623333333333334,2.3257100650844374e-09,0.21710526315789475
10,0,0.2524,8.245447571613578e-05,0.2564102564102564
10,0,0.254,4.9733708478409714e-05,0.2702702702702703
10,1,0.796,0.7012869328744968,0.34782608695652173
10,0,0.796,0.7012869328744968,0.34782608695652173
10,1,0.852,0.6494918109862562,0.6808510638297872
10,1,0.8306666666666668,0.5936443454002283,0.6081081081081081
10,1,0.672,0.7805158279530289,0.4342105263157895
10,1,0.8536666666666668,0.3899127933058996,0.6901408450704225
10,1,0.8341666666666667,0.39072074495102427,0.5217391304347826
10,0,0.3846666666666666,0.020057951718204976,0.2916666666666667
10,0,0.36066666666666664,0.019634660601440812,0.3
10,1,0.03,0.027977140565168774,0.7647058823529411
11,0,0.6484,0.6700016667763695,0.3125
11,1,0.889,0.8746206583740405,0.25862068965517243
11,1,0.4845,0.2982957817034872,0.5535714285714286
11,1,0.8858333333333334,0.6901719460671545,0.6805555555555556
11,1,0.8580666666666666,0.7139162022809834,0.546875
11,1,0.8065,0.692079500791364,0.5421686746987951
11,1,0.7586666666666666,0.6032265211626696,0.3611111111111111
11,1,0.7524,0.5966689961939267,0.4520547945205479
11,1,0.8284,0.5945166766455671,0.55
11,1,0.712,0.4718087910603913,0.3382352941176471
11,1,0.878,0.7651814391710001,0.39436619718309857
11,1,0.873,0.847473659135157,0.2647058823529412
11,1,0.914,0.8277304401758223,0.5306122448979592
11,1,0.836,0.405645088078897,0.6197183098591549
11,1,0.7144666666666667,0.6767473144096303,0.2777777777777778
11,0,0.112,0.04378116655943238,0.6
11,0,0.116,0.04372468040692304,0.6330275229357798
11,0,0.432,0.1392199817952126,0.23170731707317074
11,0,0.48,0.1093190082286404,0.2125
11,0,0.51,0.20627225819721243,0.1927710843373494
11,0,0.454,0.07087790826937701,0.1919191919191919
11,0,0.4426666666666667,0.16780219619789283,0.20212765957446807
11,0,0.08885714285714286,0.08183709822992112,0.5806451612903226
11,1,0.984,0.8290982079143041,0.6491228070175439
11,1,0.984,0.6938482253441367,0.6607142857142857
11,1,0.906,0.8092921674553002,0.35185185185185186
11,1,0.992,0.8661449875398306,0.7272727272727273
11,1,0.998,0.8638199263902305,0.6363636363636364
11,1,0.766,0.4947120944591921,0.28205128205128205
11,1,0.8183333333333332,0.8545868221142245,0.45161290322580644
11,0,0.5605,0.7419504734769098,0.32051282051282054
11,1,0.9565,0.8141797527632464,0.3469387755102041
11,0,0.21,0.033833307574596405,0.6486486486486487
11,0,0.44342380952380955,0.6600772392807177,0.3333333333333333
11,0,0.4997571428571429,0.6583655457468626,0.38235294117647056
11,1,0.732,0.8777365690152844,0.34615384615384615
11,1,0.852,0.7237168043541202,0.3076923076923077
11,1,0.922,0.8409144209549503,0.3888888888888889
11,1,0.984,0.833217701747381,0.62
11,1,0.949,0.7526976641359945,0.44642857142857145
11,1,0.6715,0.6326828405009604,0.3050847457627119
11,0,0.6715,0.6326828405009604,0.3050847457627119
11,1,0.896,0.6429135300957788,0.3409090909090909
11,1,0.758,0.5513832940239366,0.32786885245901637
11,1,0.572,0.6759635077280817,0.18181818181818182
11,1,0.545,0.5644025980051292,0.5666666666666667
11,1,0.344,0.5563907274919874,0.5396825396825397
11,1,0.6226666666666666,0.323705616630581,0.27450980392156865
11,1,0.836,0.6663156263905783,0.1794871794871795
11,1,0.716,0.5176379860109309,0.35135135135135137
11,1,0.9168999999999999,0.8903254494596193,0.09523809523809523
11,1,0.788,0.6901016719385263,0.2222222222222222
11,1,0.808,0.7990495794318367,0.1388888888888889
11,1,0.958,0.9003615450192013,0.13043478260869565
11,1,0.8566666666666666,0.8960951522771714,0.13157894736842105
11,1,0.6430000000000001,0.6401482248694477,0.2222222222222222
11,1,0.874,0.9060131291519089,0.2857142857142857
11,1,0.902,0.790797582521431,0.24242424242424243
11,1,0.7695,0.6288761072289757,0.2978723404255319
11,1,0.872,0.9022840910250031,0.13793103448275862
11,1,0.9465,0.900431920683351,0.08571428571428572
11,1,0.9465,0.900431920683351,0.08571428571428572
11,1,0.834,0.8132697532419098,0.21739130434782608
11,1,0.82,0.8157484639721886,0.21052631578947367
11,1,0.93,0.7913351902467826,0.17857142857142858
11,1,0.864,0.5535977471036302,0.23255813953488372
11,1,0.8026666666666666,0.5339028128788628,0.3076923076923077
11,1,0.7686666666666666,0.7113982634434856,0.32432432432432434
11,1,0.804,0.7912489315535811,0.18181818181818182
11,1,0.8585,0.8110036378479593,0.15555555555555556
11,1,0.95,0.8993580972493175,0.14814814814814814
11,1,0.878,0.7025898598500937,0.39285714285714285
11,1,0.7886666666666666,0.7502587516869952,0.23684210526315788
11,1,0.642,0.7719104899902265,0.25396825396825395
11,1,0.5942190476190476,0.576479134992697,0.21621621621621623
11,1,0.9326666666666668,0.8855562633190284,0.12
11,1,0.766,0.3604376479830716,0.1935483870967742
11,1,0.706,0.38478689677366845,0.39473684210526316
11,0,0.714,0.25862734677042154,0.15
11,1,0.962,0.9012344778111205,0.17647058823529413
11,1,0.958,0.9020489461384655,0.047619047619047616
11,1,0.8248333333333333,0.8111312464215504,0.18181818181818182
11,0,0.872,0.28172444925989537,0.14705882352941177
11,1,0.6946666666666667,0.5863492308346642,0.3333333333333333
11,1,0.874,0.5477888453672152,0.25
11,1,0.874,0.5226206953535071,0.34210526315789475
11,1,0.846,0.8150166307087798,0.21875
11,1,0.84,0.8818694971050896,0.25
11,0,0.651,0.5367884049228684,0.3333333333333333
11,0,0.782,0.37742966427692487,0.1794871794871795
11,0,0.7646666666666666,0.6363358903999419,0.25
11,1,0.766,0.7930036836561478,0.2
11,1,0.836,0.599068039507919,0.17073170731707318
11,1,0.908,0.8803627187483772,0.11904761904761904
11,1,0.622,0.45277697530797245,0.30612244897959184
11,1,0.6615,0.7698269638007976,0.2564102564102564
11,1,0.4273333333333333,0.2146842271149101,0.24074074074074073
11,1,0.834,0.4336988746295882,0.25925925925925924
11,1,0.808,0.7310021983576737,0.275
11,1,0.6593333333333332,0.6530447170401208,0.23255813953488372
11,0,0.732,0.08662073277129759,0.2
11,1,0.786,0.38510654934261823,0.375
11,1,0.64,0.48221378119275937,0.1956521739130435
11,1,0.8946666666666667,0.8791734519017668,0.14545454545454545
11,1,0.77,0.6057202391378174,0.27906976744186046
11,0,0.7005,0.6133325412949481,0.16666666666666666
11,1,0.714,0.45044652076752506,0.3125
11,1,0.956,0.8993274528804651,0.16
11,1,0.952,0.9013832732277929,0.2
11,1,0.95,0.8993580972493175,0.14814814814814814
11,1,0.82,0.8134903739141595,0.2222222222222222
11,1,0.936,0.9060131291519089,0.16666666666666666
11,1,0.856,0.6962469328889315,0.3125
11,1,0.89,0.9069166671756783,0.26666666666666666
11,1,0.936,0.9060131291519089,0.23076923076923078
11,1,0.7286666666666666,0.382218488418392,0.29411764705882354
11,1,0.942,0.8994788008796708,0.15789473684210525
11,1,0.7641666666666668,0.1613492085621609,0.34146341463414637
11,1,0.758,0.5010935490617832,0.25
11,1,0.5830666666666666,0.269865953471383,0.28
11,1,0.8463333333333334,0.868386017430898,0.2692307692307692
11,1,0.958,0.9003615450192013,0.13043478260869565
11,1,0.962,0.8834988225306786,0.18518518518518517
11,1,0.9326666666666668,0.8855562633190284,0.12
11,1,0.838,0.8803983681906017,0.14814814814814814
11,1,0.792,0.8764490042979697,0.19230769230769232
11,1,0.554,0.5587269252744169,0.25
11,1,0.71,0.6923761050236776,0.20689655172413793
11,1,0.6045,0.5801812369882515,0.23684210526315788
11,1,0.8884,0.8116617921614814,0.18181818181818182
11,1,0.89,0.8823792330600626,0.16363636363636364
11,1,0.944,0.8961266669052819,0.13043478260869565
11,1,0.952,0.907699352378571,0.24242424242424243
11,1,0.95,0.9068026309713552,0.2413793103448276
11,1,0.952,0.9021481045921869,0.1
11,1,0.89,0.8164848700358183,0.2692307692307692
11,1,0.8366666666666667,0.7438929809438853,0.23809523809523808
11,1,0.7806666666666666,0.7424450868506384,0.2631578947368421
11,1,0.888,0.8803983681906017,0.14814814814814814
11,1,0.7526666666666666,0.7442206852663454,0.25
11,1,0.866,0.8803291469741136,0.25
11,1,0.888,0.7690784603689279,0.08888888888888889
11,1,0.7066666666666667,0.537652926989336,0.43243243243243246
11,1,0.948,0.9058981008795318,0.20689655172413793
11,1,0.884,0.8132854454388317,0.1935483870967742
11,1,0.8816666666666666,0.8671632526691866,0.23809523809523808
11,1,0.4026666666666667,0.19040390382297515,0.4067796610169492
11,1,0.924,0.34709510708240654,0.6125
11,0,0.5097333333333334,0.1795622343819587,0.3050847457627119
11,1,0.936,0.7058058785483806,0.6
11,1,0.84,0.7899181078656397,0.38596491228070173
11,1,0.93,0.7292275987692517,0.5531914893617021
11,0,0.03,0.3921154261484714,0.7777777777777778
11,1,0.992,0.8946035073610934,0.5675675675675675
11,1,0.872,0.7968696674539674,0.3023255813953488
11,1,0.826,0.3507383539275708,0.3968253968253968
11,0,0.5236428571428571,0.23009728258960166,0.47
11,0,0.752,0.6660710138721994,0.453125
11,0,0.6223333333333333,0.40385938631826496,0.5
11,1,0.6459999999999999,0.31544886361085894,0.2631578947368421
11,1,0.6459999999999999,0.31544886361085894,0.2631578947368421
11,1,0.9138333333333334,0.7768608660808266,0.5094339622641509
11,1,0.968,0.7790594643644655,0.6363636363636364
11,1,0.728,0.6745355720726961,0.24489795918367346
11,1,0.984,0.8858070055540548,0.5333333333333333
11,0,0.984,0.8858070055540548,0.5333333333333333
11,1,0.9393999999999999,0.6609664192859217,0.47692307692307695
11,1,0.8028333333333334,0.3713697364874669,0.7777777777777778
11,0,0.202,0.03758035448072817,0.8387096774193549
11,0,0.144,0.14142117222113776,0.3382352941176471
11,0,0.42,0.004496859136119078,0.23308270676691728
11,1,0.9055,0.6014469056026754,0.7966101694915254
11,0,0.03266666666666667,0.21759701066355155,0.6363636363636364
11,1,0.864,0.89726420653467,0.3409090909090909
11,1,0.752,0.7056533744283208,0.2857142857142857
11,1,0.976,0.9056299421853137,1.0
11,1,0.7372380952380951,0.7132149590275255,0.2653061224489796
11,1,0.6203333333333333,0.6643491621345519,0.22641509433962265
11,1,0.8305714285714285,0.6890819588882643,0.22727272727272727
11,1,0.744,0.8195916368360153,0.2727272727272727
11,1,0.612,0.5816820963699535,0.2926829268292683
11,1,0.763,0.703435060073206,0.275
11,1,0.744,0.8322553974576645,0.3617021276595745
11,0,0.392,0.7227792191754321,0.5
11,1,0.764,0.14588505294737186,0.15384615384615385
11,0,0.338,0.45795545213791705,0.5161290322580645
11,1,0.699,0.6697997647783991,0.6304347826086957
11,1,0.7245,0.5628337551299922,0.3673469387755102
11,0,0.705,0.6680752014403343,0.6444444444444445
11,1,0.6794,0.7325400469326803,0.3125
11,1,0.762,0.4415906821432708,0.5555555555555556
11,1,0.834,0.8969798393695353,0.4186046511627907
11,1,0.756,0.7682315616987917,0.28888888888888886
11,1,0.65,0.25457325775844414,0.39759036144578314
11,1,0.6914190476190477,0.5440943376910446,0.26666666666666666
11,0,0.6914190476190477,0.5440943376910446,0.26666666666666666
11,0,0.052,0.2430041883684841,0.42857142857142855
11,1,0.7284666666666666,0.7050724645206464,0.5714285714285714
11,1,0.926,0.5579426463242741,0.4838709677419355
11,1,0.8164000000000001,0.7371524822347005,0.3188405797101449
11,0,0.7885,0.09847576618013612,0.2926829268292683
11,1,0.7346666666666666,0.7407770012529868,0.6363636363636364
11,1,0.812,0.7395267902743389,0.6779661016949152
11,1,0.631,0.8537060693023835,0.35294117647058826
11,1,0.9386666666666666,0.8231135848814394,0.6296296296296297
11,1,0.806,0.5348260142531999,0.6447368421052632
11,1,0.806,0.5348260142531999,0.6447368421052632
11,1,0.862,0.7063613297317332,0.6621621621621622
11,1,0.82,0.6062456125506472,0.5294117647058824
11,1,0.9010666666666666,0.6796638951736833,0.49019607843137253
11,1,0.752,0.49728001606413413,0.43103448275862066
11,1,0.108,0.05676748862513246,0.6506024096385542
11,1,0.8885,0.5910547432561404,0.5166666666666667
11,1,0.8661666666666668,0.5970142944295352,0.32857142857142857
11,1,0.812,0.8420222443632603,0.6896551724137931
11,1,0.792,0.4138766545478497,0.6307692307692307
11,0,0.297,0.10432322183362888,0.20652173913043478
11,1,0.844,0.24853883892111878,0.6741573033707865
11,1,0.936,0.7749769323485739,0.5853658536585366
11,0,0.232,0.00103157555131372,0.2518518518518518
11,1,0.7655666666666666,0.6760642079106035,0.4393939393939394
11,1,0.8671666666666666,0.7990280432438825,0.328125
11,1,0.57,0.5879681971287952,0.2857142857142857
11,0,0.09,0.38420399133721855,0.47540983606557374
11,0,0.128,0.3913857986972293,0.5671641791044776
11,1,0.8929,0.7674036913902272,0.6170212765957447
11,1,0.252,0.023103913739688366,0.6842105263157895
11,1,0.916,0.6777333324367855,0.6458333333333334
11,1,0.69,0.6586656713864386,0.2765957446808511
11,1,0.858,0.6765963771497613,0.3620689655172414
11,1,0.83,0.7283022395134501,0.3333333333333333
11,1,0.314,0.1062792669546711,0.21296296296296297
11,1,0.924,0.4039930511342288,0.7910447761194029
11,1,0.5793833333333334,0.5173377248689055,0.2608695652173913
11,1,0.7906666666666666,0.5991435239991076,0.32558139534883723
11,1,0.944,0.6603745820413508,0.5
11,1,0.79,0.5703005023086031,0.5454545454545454
11,0,0.198,0.005192465596976033,0.40860215053763443
11,0,0.315,0.3449277960380098,0.6493506493506493
11,0,0.018,0.4303064307448447,0.576271186440678
11,1,0.88,0.6624909520196653,0.4
11,1,0.938,0.7597455337590787,0.53125
11,1,0.876,0.8458680034477818,0.4838709677419355
11,1,0.816,0.8122946043707754,0.5
11,1,0.852,0.7599918835180512,0.4647887323943662
11,1,0.9681000000000001,0.8327772328082292,0.35714285714285715
11,1,0.864,0.6538797575463554,0.5918367346938775
11,1,0.9526666666666667,0.8254098442305957,0.43478260869565216
11,1,0.8126666666666666,0.7851006673165403,0.40425531914893614
11,1,0.832,0.6919583381439198,0.5423728813559322
11,1,0.982,0.8774073652526775,0.825
11,1,0.982,0.8134447945574198,0.8157894736842105
11,1,0.8525,0.769191353225118,0.3
11,1,0.8005,0.6700026839272463,0.2711864406779661
11,1,0.8525,0.769191353225118,0.3
11,1,0.8525,0.769191353225118,0.3
11,1,0.8005,0.6700026839272463,0.2711864406779661
11,1,0.617,0.56371622275804,0.22413793103448276
11,1,0.641,0.5664216414098266,0.22916666666666666
11,1,0.682,0.5760323943762942,0.25
11,0,0.556,0.35736755354018723,0.4918032786885246
11,1,0.92,0.08820000578691216,0.671875
11,1,0.868,0.6371620873037555,0.3246753246753247
11,1,0.914,0.7169780814748933,0.45161290322580644
11,0,0.914,0.7169780814748933,0.45161290322580644
11,1,0.736,0.5257776300648592,0.3114754098360656
11,1,0.724,0.7896355654192553,0.27586206896551724
11,1,0.37391904761904765,0.0467145235880439,0.2876712328767123
11,1,0.4701666666666667,0.22915503496216375,0.38333333333333336
11,1,0.4875,0.12010605136837643,0.46153846153846156
11,1,0.856,0.7723010517046444,0.6842105263157895
11,1,0.8945,0.7753897265253666,0.6666666666666666
11,1,0.896,0.8381783088733766,0.2631578947368421
11,1,0.852,0.3852284953872754,0.7971014492753623
11,0,0.09,0.011077184423076723,0.5585585585585585
11,1,0.797,0.7158782819146579,0.48
11,0,0.05,0.2463646265841821,0.5254237288135594
11,1,0.8864,0.8147892947014912,0.44
11,0,0.8082857142857143,0.7175348013953367,0.40789473684210525
11,1,0.8082857142857143,0.7175348013953367,0.40789473684210525
11,1,0.946,0.5360612465089803,0.578125
11,1,0.89,0.7021198964821714,0.5344827586206896
11,1,0.868,0.7536110046615906,0.625
11,1,0.952,0.729324517802544,0.7818181818181819
11,1,0.928,0.705869135785778,0.6125
11,1,0.954,0.7498701186766477,0.7368421052631579
11,1,0.954,0.6238086941878925,0.7333333333333333
11,1,0.4485,0.6072539603568553,0.23423423423423423
11,1,0.31,0.6101138298419241,0.22727272727272727
11,1,0.8375,0.6975265438838401,0.6923076923076923
11,1,0.946,0.8280200836572642,0.5370370370370371
11,1,0.8719,0.6002855099950347,0.4666666666666667
11,1,0.909,0.5048237286390428,0.5909090909090909
11,1,0.856,0.3182675023531114,0.6521739130434783
11,1,0.886,0.42803896963461635,0.5555555555555556
11,1,0.828,0.31834095602121043,0.5070422535211268
11,1,0.822,0.3199963486831073,0.7096774193548387
11,1,0.925,0.3697420370533601,0.7121212121212122
11,1,0.873,0.367889832368929,0.684931506849315
11,1,0.934,0.5051870501812177,0.6857142857142857
11,1,0.9,0.3155190255729749,0.6617647058823529
11,1,0.78,0.6888016729051828,0.6440677966101694
11,1,0.892,0.42567928495688867,0.7564102564102564
11,1,0.957,0.37005670922815015,0.6794871794871795
11,1,0.942,0.42795609537768275,0.6875
11,1,0.848,0.37021061827471685,0.575
11,1,0.906,0.17542893507948834,0.6818181818181818
11,1,0.756,0.5603454069450092,0.46511627906976744
11,1,0.6525,0.5001963963883087,0.5555555555555556
11,1,0.825,0.5048237286390428,0.4666666666666667
11,1,0.7846666666666666,0.37220468685399605,0.5342465753424658
11,1,0.678,0.3179746393323639,0.6285714285714286
11,1,0.868,0.3750387995430714,0.5897435897435898
11,1,0.854,0.37270565845887144,0.7076923076923077
11,0,0.938,0.17863456803915143,0.7096774193548387
11,1,0.794,0.16831260570800324,0.6103896103896104
11,1,0.842,0.38021006539820035,0.7285714285714285
11,1,0.772,0.47322907204173703,0.4935064935064935
11,1,0.804,0.31571084753118395,0.5131578947368421
11,1,0.836,0.4995181255970787,0.5652173913043478
11,1,0.832,0.42576204646593613,0.3956043956043956
11,1,0.837,0.556245945614644,0.64
11,1,0.888,0.42803896963461635,0.6125
11,1,0.7365,0.4971068706288354,0.4868421052631579
11,1,0.7595,0.5520339996510719,0.47560975609756095
11,1,0.694,0.5576316846251371,0.4166666666666667
11,1,0.86,0.39097090745842905,0.6282051282051282
11,1,0.86,0.3474157408684867,0.7361111111111112
11,0,0.676,0.32306062145718445,0.5970149253731343
11,1,0.832,0.28876528718211475,0.5679012345679012
11,1,0.812,0.38052826758552855,0.5675675675675675
11,1,0.907,0.42845558553496876,0.6455696202531646
11,1,0.774,0.7535014019422246,0.5428571428571428
11,1,0.828,0.5534434202952968,0.5609756097560976
11,1,0.928,0.5082918956285423,0.6842105263157895
11,1,0.832,0.5536628873528142,0.5411764705882353
11,1,0.756,0.5603454069450092,0.46511627906976744
11,1,0.7245,0.5655892136488325,0.47674418604651164
11,1,0.882,0.31563771972516247,0.4936708860759494
11,1,0.823,0.5596546176389802,0.4691358024691358
11,1,0.958,0.49943349644075063,0.7580645161290323
11,1,0.942,0.5569655014954923,0.6933333333333334
11,1,0.864,0.5013687766172815,0.5657894736842105
11,1,0.897,0.3650695967059338,0.5116279069767442
11,1,0.941,0.252618367159414,0.6410256410256411
11,1,0.834,0.49600540456439,0.5466666666666666
11,1,0.85,0.5535792314136446,0.5476190476190477
11,1,0.894,0.4995181255970787,0.6875
11,1,0.926,0.4939329488222269,0.5833333333333334
11,1,0.676,0.32306062145718445,0.5970149253731343
11,1,0.869,0.373021360063279,0.589041095890411
11,1,0.818,0.1711014556414779,0.5897435897435898
11,1,0.868,0.6933518138669325,0.5942028985507246
11,1,0.6828,0.5076599421061309,0.6031746031746031
11,1,0.929,0.3199738634856418,0.609375
11,1,0.768,0.5025230328418477,0.5735294117647058
11,1,0.87,0.3203639004222635,0.5882352941176471
11,1,0.632,0.4991806020229205,0.5223880597014925
11,1,0.813,0.554084406676337,0.527027027027027
11,0,0.506,0.32276543606829317,0.7049180327868853
11,1,0.7625,0.6766155349838655,0.4868421052631579
11,1,0.75,0.30770052397647385,0.5285714285714286
11,1,0.901,0.4173863524078804,0.6666666666666666
11,1,0.7465,0.49702224429643266,0.5555555555555556
11,1,0.724,0.5575481781013406,0.5
11,1,0.911,0.42224879994416464,0.5975609756097561
11,1,0.92,0.3775398805003557,0.7671232876712328
11,0,0.928,0.3202901993036135,0.6875
11,0,0.926,0.8375694752239415,0.423728813559322
11,1,0.826,0.7356701612207842,0.4230769230769231
11,0,0.188,0.013142417394507378,0.7692307692307693
11,0,0.21866666666666665,0.024932845410643317,0.6306306306306306
11,0,0.19166666666666665,0.02288062335588078,0.696969696969697
11,1,0.7928,0.7376130352369751,0.3763440860215054
11,1,0.826,0.6141709204216546,0.5507246376811594
11,1,0.8627999999999999,0.8145185333415417,0.336734693877551
11,1,0.8008,0.5178359050817095,0.3917525773195876
11,1,0.763,0.5025352240011676,0.32456140350877194
11,1,0.7928,0.6365722797428796,0.4583333333333333
11,0,0.283,0.5463474712827693,0.48717948717948717
11,0,0.2829,0.26552582418765663,0.43137254901960786
11,1,0.894,0.8139305312769602,0.7142857142857143
11,1,0.7105714285714285,0.44356221171446225,0.3111111111111111
11,1,0.89,0.63300266066301,0.6333333333333333
11,1,0.798,0.6714927753739179,0.55
11,1,0.74,0.6379159454611286,0.358974358974359
11,1,0.878,0.44443884064262457,0.5641025641025641
11,1,0.942,0.44130610080245375,0.6708860759493671
11,1,0.914,0.5539914643566349,0.6842105263157895
11,1,0.91,0.5561983159100631,0.6962025316455697
11,1,0.8335238095238096,0.6021904792474198,0.6309523809523809
11,1,0.864,0.6493896754722557,0.3157894736842105
11,1,0.798,0.5248509425030922,0.5128205128205128
11,0,0.36446666666666666,0.6695533490309883,0.6071428571428571
11,0,0.662,0.4106593704908265,0.4444444444444444
11,1,0.828,0.6880166573859414,0.3448275862068966
11,1,0.918,0.754567964696362,0.5185185185185185
11,1,0.85,0.6641744654912808,0.4411764705882353
11,0,0.2553333333333333,0.18980124691008535,0.3870967741935484
11,0,0.058,0.4361161343403379,0.5068493150684932
11,1,0.678,0.578317364287596,0.3829787234042553
11,1,0.978,0.5786077663214683,0.46153846153846156
11,1,0.6528999999999999,0.7995361049992142,0.2857142857142857
11,1,0.844,0.6315208339254311,0.4696969696969697
11,1,0.809,0.4428095163328333,0.4716981132075472
11,1,0.8373333333333334,0.6414252889364538,0.43478260869565216
12,1,0.7224666666666666,0.6976186463444701,0.24390243902439024
12,1,0.6734666666666665,0.7036218537234767,0.2978723404255319
12,1,0.6864666666666666,0.7127110803281962,0.3137254901960784
12,1,0.6824666666666666,0.7171927633997252,0.3076923076923077
12,1,0.6824666666666666,0.7171927633997252,0.3076923076923077
12,0,0.6864857142857141,0.5160049654485613,0.22916666666666666
12,1,0.698,0.7061735064515487,0.2653061224489796
12,0,0.7004857142857143,0.5135759012057114,0.22916666666666666
12,0,0.6876857142857143,0.5245551720670701,0.22807017543859648
12,1,0.8366666666666667,0.6239322670868431,0.24489795918367346
12,1,0.898,0.6334285269108105,0.47368421052631576
12,1,0.6430333333333333,0.24372916068178696,0.45588235294117646
12,1,0.8368,0.7589734034143902,0.46153846153846156
12,1,0.8608,0.46773558551255495,0.6181818181818182
12,1,0.8196333333333332,0.31506523424164473,0.6727272727272727
12,1,0.6005,0.6936824017791732,0.4
12,0,0.5357999999999999,0.4195694238112175,0.2727272727272727
12,1,0.81,0.7075905300227641,0.5254237288135594
12,1,0.8314,0.5046781954378692,0.5222222222222223
12,1,0.8234,0.48814096826291276,0.5108695652173914
12,0,0.01,0.43623368882371144,0.576271186440678
12,1,0.9262999999999999,0.7502461002747987,0.7222222222222222
12,0,0.582,0.09716163392274674,0.44
12,1,0.7716666666666666,0.7850501862835754,0.25862068965517243
12,1,0.982,0.8740076592333847,0.5428571428571428
12,1,0.842,0.545109388796337,0.4823529411764706
12,1,0.867,0.5522470847602643,0.48314606741573035
12,1,0.776,0.6380286389531291,0.39080459770114945
12,0,0.5423333333333332,0.2857911302928461,0.2
12,1,0.5244000000000001,0.1655240369816593,0.3025210084033613
12,1,0.932,0.6531303551537374,0.9333333333333333
12,1,0.5636666666666668,0.41308076259116866,0.5
12,0,0.744,0.8681260436503382,0.4
12,0,0.49989999999999996,0.12846162361039729,0.18238993710691823
12,1,0.96,0.7691526629719082,0.48936170212765956
12,1,0.7338333333333333,0.686311026440281,0.2857142857142857
12,1,0.978,0.8846070500628221,1.0
12,1,0.7133333333333334,0.6956018830772758,0.27906976744186046
12,1,0.556,0.6604205734694371,0.22641509433962265
12,1,0.8292380952380952,0.6159350530866741,0.22727272727272727
12,1,0.6020666666666666,0.782706228579366,0.2727272727272727
12,1,0.6483333333333333,0.5344143094384409,0.2926829268292683
12,1,0.74,0.6815572505027151,0.275
12,1,0.7662857142857142,0.8301115303782567,0.3617021276595745
12,1,0.96,0.8280761986293644,0.6111111111111112
12,1,0.936,0.7609042419210881,0.7142857142857143
12,1,0.9545,0.721123760399272,0.32075471698113206
12,1,0.966,0.8275375261611264,0.6511627906976745
12,1,0.972,0.8317557251224764,0.6346153846153846
12,1,0.767,0.692341501717472,0.3076923076923077
12,1,0.8858333333333334,0.6816079122466999,0.6779661016949152
12,0,0.31110000000000004,0.5000352993330738,0.6885245901639344
12,1,0.7559,0.5667010858531544,0.36585365853658536
12,1,0.8366666666666667,0.8415389582357468,0.5319148936170213
12,1,0.8266666666666667,0.8097579857092896,0.5102040816326531
12,1,0.8609523809523809,0.7580149281831041,0.36363636363636365
12,1,0.89,0.687632566332879,0.35384615384615387
12,1,0.876,0.6064677505458356,0.3114754098360656
12,1,0.7495666666666666,0.6454217317039047,0.4
12,1,0.96075,0.7415338880630725,0.6896551724137931
12,1,0.7119666666666667,0.7571742169323561,0.4406779661016949
12,1,0.972,0.8281706741559225,0.660377358490566
12,1,0.832,0.5549501270793926,0.6458333333333334
12,1,0.952,0.8264243579775987,0.6923076923076923
12,1,0.866,0.5936733451649464,0.4714285714285714
12,1,0.7709238095238096,0.6909852040655922,0.4666666666666667
12,1,0.952,0.8331951615276221,0.6923076923076923
12,1,0.761,0.5989396523091151,0.4166666666666667
12,1,0.8495,0.6125449531596671,0.5076923076923077
12,1,0.6550666666666666,0.6581583146401082,0.3142857142857143
12,1,0.966,0.8278290932689889,0.64
12,1,0.848,0.5858720155490792,0.45454545454545453
12,1,0.92,0.7283528717551859,0.6041666666666666
12,1,0.934,0.7177568887504518,0.6140350877192983
12,1,0.868,0.4928697129425623,0.6724137931034483
12,1,0.7425666666666667,0.6840579245218886,0.49019607843137253
12,1,0.7910238095238097,0.6845760597504913,0.6071428571428571
12,1,0.86,0.6882764665195773,0.4838709677419355
12,1,0.9635,0.7983774343115536,0.6923076923076923
12,1,0.932,0.7346856337259602,0.5918367346938775
12,1,0.7745,0.5469726628880939,0.5
12,1,0.98075,0.8240762740761803,0.6724137931034483
12,1,0.926,0.7172707479620971,0.6481481481481481
12,1,0.8595,0.49358010498224,0.5409836065573771
12,1,0.8024,0.651276763915116,0.7272727272727273
12,0,0.218,0.00023004021765318867,0.24778761061946902
12,1,0.7047333333333333,0.6692968052867303,0.27586206896551724
12,1,0.8115,0.6969305435448991,0.48936170212765956
12,0,0.21,0.32092701282492775,0.5111111111111111
12,1,0.8428,0.7061189672468019,0.2631578947368421
12,1,0.8486666666666667,0.7809104671554351,0.45161290322580644
12,0,0.42900000000000005,0.13946886048885768,0.22641509433962265
12,0,0.032,0.08603989930475966,0.72
12,1,0.454,0.4841554835130618,0.4852941176470588
12,0,0.088,0.11042535109835747,0.5714285714285714
12,1,0.8528023809523811,0.8022602447461727,0.5094339622641509
12,1,0.944,0.7609258994481393,0.6363636363636364
12,0,0.7253238095238096,0.79685583658867,0.3148148148148148
12,1,0.138,0.08796997115117035,0.5641025641025641
12,1,0.8993333333333333,0.496312064080115,0.7910447761194029
12,1,0.998,0.7583641805845577,0.6792452830188679
12,1,0.9582857142857142,0.7109835530165384,0.639344262295082
12,1,0.998,0.8748232553732295,0.7169811320754716
12,1,0.998,0.7583641805845577,0.6792452830188679
12,1,0.9703999999999999,0.8255921138689395,0.639344262295082
12,1,0.992,0.7874402551641857,0.7333333333333333
12,1,0.928,0.848478893548899,0.578125
12,1,0.992,0.8761362504971963,0.7692307692307693
12,1,0.998,0.7605643955512708,0.9375
12,1,0.9466666666666668,0.8424677805847886,0.6125
12,1,0.992,0.8761362504971963,0.7692307692307693
12,1,0.956,0.8772129871660488,0.532258064516129
12,1,0.978,0.7064437474187981,0.7818181818181819
12,1,0.9582857142857142,0.7109835530165384,0.639344262295082
12,1,0.912,0.7273960598447016,0.5245901639344263
12,0,0.664,0.14895245131092363,0.21978021978021978
12,1,0.9,0.886248228644721,0.43902439024390244
12,1,0.9026666666666666,0.8750463796353287,0.5094339622641509
12,1,0.7835,0.7486806164677089,0.2753623188405797
12,1,0.7823333333333332,0.7005756488489474,0.3972602739726027
12,1,0.958,0.7317537186492103,0.7450980392156863
12,1,0.958,0.7317537186492103,0.7450980392156863
12,1,0.914,0.8075734632100772,0.52
12,1,0.97,0.8149832320608991,0.6666666666666666
12,1,0.95,0.810071608634944,0.54
12,1,0.906,0.7975586285384048,0.4909090909090909
12,1,0.8094,0.7839167651450142,0.37209302325581395
12,1,0.874,0.7431075578949419,0.5614035087719298
12,1,0.7576666666666667,0.2853002066422347,0.5
12,1,0.878,0.6967005675229215,0.5176470588235295
12,1,0.886,0.5438609640961117,0.68
12,1,0.892,0.8836174041016076,0.3584905660377358
12,0,0.04,0.24344028946559929,0.6491228070175439
12,0,0.022,0.1291912749833684,0.6521739130434783
12,0,0.03,0.24269592581159485,0.5555555555555556
12,0,0.059,0.3353765377903506,0.7666666666666667
12,0,0.076,0.08996329362082076,0.4642857142857143
12,0,0.042666666666666665,0.13286250596806673,0.5189873417721519
12,0,0.028333333333333335,0.07364788948983042,0.6323529411764706
12,0,0.022,0.08544894316556821,0.5789473684210527
12,0,0.024,0.09132960669161024,0.5301204819277109
12,0,0.388,0.4036423341729258,0.4666666666666667
12,1,0.9336666666666666,0.8474913596430265,0.10810810810810811
12,1,0.8993333333333332,0.7213979655666596,0.32894736842105265
12,1,0.9005333333333333,0.7824121837020223,1.0
12,0,0.23,0.4031929740444409,0.66
12,1,0.8088,0.5827398048159442,0.5507246376811594
12,0,0.23116666666666666,0.02734181852644276,0.6842105263157895
12,1,0.992,0.8563983243918452,0.5
12,1,0.9073333333333332,0.695771304847231,0.375
12,1,0.994,0.858365700964638,0.62
12,1,0.792,0.4496136847156409,0.4716981132075472
12,0,0.4432857142857143,0.6680698634904623,0.3218390804597701
12,0,0.3342857142857143,0.6015965147002575,0.47368421052631576
12,0,0.42857142857142855,0.6392722085863876,0.3409090909090909
12,0,0.5491666666666666,0.2325482769620451,0.4117647058823529
12,0,0.7995999999999999,0.7713419960660366,0.2714285714285714
12,1,0.966,0.8842257483868775,0.35294117647058826
12,1,0.788,0.7378414951352239,0.4025974025974026
12,1,0.275,0.055113501281236196,0.4268292682926829
12,1,0.934,0.7691800893419944,0.6595744680851063
12,1,0.876,0.7818524957794143,0.6862745098039216
12,1,0.8535666666666667,0.7474266430250132,0.37681159420289856
12,1,0.926,0.760836958563522,0.6621621621621622
12,1,0.4523333333333333,0.01839499452515208,0.38202247191011235
12,1,0.6195238095238094,0.7983899275531475,0.32
12,1,0.6679571428571428,0.801906522422367,0.40816326530612246
12,1,0.6362904761904762,0.8053767313338362,0.33962264150943394
12,1,0.7258333333333333,0.8565112576826951,0.3142857142857143
12,1,0.7335238095238095,0.8022872497178161,0.3283582089552239
12,1,0.2805,0.00619115068154471,0.24050632911392406
12,0,0.075,0.2775002240983345,0.5641025641025641
12,1,0.894,0.7892523807136161,0.38333333333333336
12,1,0.5529,0.5397414025692954,0.42857142857142855
12,1,0.5517333333333333,0.6366153053819604,0.4925373134328358
12,0,0.056,0.016639043752467827,0.7738095238095238
12,1,0.974,0.8701890014085875,0.640625
12,1,0.834,0.7272871258179391,0.6346153846153846
12,0,0.308,0.423177296311184,0.4444444444444444
12,0,0.33057142857142857,0.3542544679977622,0.3333333333333333
12,0,0.4015714285714286,0.5423440155027307,0.36904761904761907
12,1,0.9554,0.8818875246817393,0.5588235294117647
12,0,0.7904,0.10455500280837503,0.2926829268292683
12,0,0.5123333333333333,0.13898466333691534,0.7530864197530864
12,1,0.87,0.7670746662219721,0.49230769230769234
12,1,0.822,0.6518684418820804,0.5142857142857142
12,0,0.5049571428571429,0.13106001120940985,0.3333333333333333
12,1,0.8716666666666667,0.533708510490764,0.5294117647058824
12,1,0.768,0.6796668659192934,0.425
12,1,0.768,0.6796668659192934,0.425
12,1,0.936,0.8441453738975475,0.5263157894736842
12,1,0.7374999999999999,0.692844626768941,0.5423728813559322
12,1,0.6143,0.12709574961517447,0.3225806451612903
12,1,0.5524,0.12579119002561123,0.27692307692307694
12,0,0.5488999999999999,0.10913793258811515,0.31666666666666665
12,1,0.5424,0.21435026893182765,0.45098039215686275
12,1,0.542,0.14995210044014293,0.2923076923076923
12,1,0.5338999999999999,0.07339617576775069,0.3142857142857143
12,1,0.5424,0.21435026893182765,0.45098039215686275
12,1,0.9007999999999999,0.7688602437305079,0.410958904109589
12,1,0.655442857142857,0.8215804467272586,0.45098039215686275
12,1,0.7370190476190477,0.3839389106085229,0.32926829268292684
12,1,0.872,0.5502004423659989,0.35135135135135137
12,1,0.8523333333333333,0.24755201929670712,0.3333333333333333
12,1,0.872,0.5502004423659989,0.35135135135135137
12,1,0.8458,0.6769218101013871,0.6071428571428571
12,1,0.952,0.8547238321440236,0.6666666666666666
12,0,0.6766666666666667,0.7171670852406066,0.265625
12,1,0.933,0.6890927172249989,0.29545454545454547
12,1,0.954,0.8298481224949344,0.6382978723404256
12,1,0.858,0.5318917330871986,0.46511627906976744
12,0,0.6382666666666666,0.565718408169461,0.373134328358209
12,1,0.8047333333333332,0.7437644712563716,0.26666666666666666
12,0,0.024,0.036254682732367136,0.7391304347826086
12,0,0.028,0.027628768932880184,0.69
12,0,0.7219523809523811,0.38767749984973143,0.5535714285714286
12,0,0.7168,0.4644306034168922,0.27906976744186046
12,1,0.975,0.7747519339798967,0.3469387755102041
12,1,0.7858999999999999,0.5964084777253229,0.24444444444444444
12,1,0.8774,0.857014928599611,0.37777777777777777
12,1,0.874,0.5359350024777736,0.28888888888888886
12,1,0.6418666666666668,0.5454981923507062,0.25
12,1,0.6624666666666666,0.5454981923507061,0.22077922077922077
12,1,0.808,0.7917148531765192,0.27692307692307694
12,0,0.446,0.5249937021085731,0.38823529411764707
12,0,0.446,0.5249937021085731,0.38823529411764707
12,0,0.45939047619047607,0.22329820558039598,0.47
12,1,0.6853333333333333,0.5768778226924453,0.2916666666666667
12,1,0.904,0.6048943941937626,0.35
12,1,0.5298999999999999,0.7345618608978374,0.25
12,0,0.8455666666666667,0.7145558849512411,0.453125
12,1,0.5821999999999999,0.669800844552412,0.2465753424657534
12,1,0.876,0.851569845203871,0.7142857142857143
12,1,0.8293333333333333,0.8549653858933148,0.37777777777777777
12,1,0.85675,0.7545852244273481,0.3225806451612903
12,1,0.7914857142857142,0.5368859878289802,0.43103448275862066
12,0,0.006,0.032557019806760214,0.6461538461538462
12,0,0.004,0.24088030219854784,0.7627118644067796
12,0,0.05,0.4873474817219593,0.6285714285714286
12,0,0.018,0.4208882527375073,0.6060606060606061
12,0,0.014,0.17329494259904973,0.6724137931034483
12,0,0.054,0.1257191163672078,0.5757575757575758
12,0,0.014,0.3903019049815144,0.6724137931034483
12,0,0.018285714285714284,0.022002954487509163,0.5316455696202531
12,0,0.026,0.2972322188839519,0.6666666666666666
12,0,0.022,0.4147223286740416,0.6190476190476191
12,0,0.018,0.4298929083203322,0.6153846153846154
12,0,0.018,0.21415202645359568,0.7777777777777778
12,0,0.4984666666666666,0.030661731661528614,0.2647058823529412
12,1,0.90615,0.797718901159373,0.39436619718309857
12,1,0.954,0.8723895013535605,0.3469387755102041
12,1,0.9406666666666667,0.7911151381119512,0.3269230769230769
12,1,0.99,0.8747007207046896,0.825
12,1,0.986,0.7919018615724457,0.8157894736842105
12,1,0.8026666666666668,0.7528618755674507,0.3
12,1,0.764,0.6241464327801025,0.2786885245901639
12,1,0.8026666666666668,0.7528618755674507,0.3
12,1,0.8026666666666668,0.7528618755674507,0.3
12,1,0.764,0.6241464327801025,0.2786885245901639
12,0,0.6493333333333332,0.678295843372655,0.3125
12,1,0.98,0.8641396378155012,0.6341463414634146
12,1,0.862,0.7595500162102266,0.28888888888888886
12,0,0.3041666666666667,0.23845338345149145,0.26865671641791045
12,0,0.20246666666666666,0.13605069129986927,0.5633802816901409
12,0,0.27113333333333334,0.06763716685965375,0.37349397590361444
12,0,0.31983333333333336,0.04245095636352109,0.5061728395061729
12,0,0.299,0.1713921323785317,0.48148148148148145
12,0,0.2561333333333333,0.01381763665958142,0.5121951219512195
12,0,0.2006666666666667,0.08043069299136665,0.4177215189873418
12,0,0.06,0.08123212527298007,0.6923076923076923
12,0,0.044,0.07048484784642285,0.7386363636363636
12,0,0.036,0.037756979533718024,0.7816091954022989
12,0,0.06,0.037722140950965696,0.7444444444444445
12,1,0.8735,0.6764441361834443,0.2653061224489796
12,1,0.963,0.7809850297352631,0.775
12,1,0.079,0.5945083072773354,0.5737704918032787
12,1,0.079,0.5945083072773354,0.5737704918032787
12,1,0.079,0.5945083072773354,0.5737704918032787
12,1,0.8936666666666667,0.832371823260303,0.4107142857142857
12,1,0.8796333333333334,0.7214224661328124,0.7547169811320755
12,1,0.9106666666666667,0.7594538792077911,0.3561643835616438
12,1,0.787,0.7404439074413223,0.49206349206349204
12,1,0.9663999999999999,0.7706272534162244,0.5492957746478874
12,0,0.035333333333333335,0.3004802152958485,0.6052631578947368
12,1,0.932,0.8402522293533579,0.41379310344827586
12,1,0.55,0.4891249531498836,0.15384615384615385
12,1,0.7572380952380953,0.6148788040283507,0.3269230769230769
12,1,0.867,0.6318963990085315,0.6081081081081081
12,1,0.402,0.7962120543899278,0.6166666666666667
12,1,0.756,0.4271002167584694,0.5733333333333334
12,1,0.7724,0.4322541738484473,0.5217391304347826
12,0,0.068,0.21150570423909432,0.5384615384615384
12,0,0.1665,0.18445824069809155,0.6352941176470588
12,0,0.14683333333333332,0.04485987581825879,0.6395348837209303
12,0,0.114,0.29841970944198504,0.5357142857142857
12,1,0.5981000000000001,0.28521462325248603,0.27450980392156865
12,1,0.709,0.5982883887247407,0.1794871794871795
12,1,0.6286666666666667,0.48539847741123915,0.35135135135135137
12,1,0.897,0.8780731184769911,0.09523809523809523
12,1,0.758,0.7172314543064459,0.2222222222222222
12,1,0.774,0.7495565154768569,0.13636363636363635
12,1,0.944,0.8776985334762047,0.13043478260869565
12,1,0.8204666666666667,0.8796377595486593,0.13157894736842105
12,1,0.539,0.588906007037116,0.2222222222222222
12,1,0.784,0.8852623099162964,0.26666666666666666
12,1,0.8706666666666667,0.7404926936027532,0.24242424242424243
12,1,0.623,0.5852452545572167,0.2978723404255319
12,1,0.838,0.8837589101919269,0.13793103448275862
12,1,0.904,0.880454058732216,0.08571428571428572
12,1,0.904,0.880454058732216,0.08571428571428572
12,1,0.643,0.7622196147889352,0.21739130434782608
12,1,0.8,0.8273341376756963,0.21052631578947367
12,1,0.906,0.7638213044733805,0.17857142857142858
12,1,0.806,0.5184801264182747,0.2
12,1,0.762,0.4912739230090765,0.3076923076923077
12,1,0.732,0.6872925144736505,0.32432432432432434
12,1,0.674,0.7947144272957429,0.18181818181818182
12,1,0.8068,0.7702856269736412,0.15555555555555556
12,1,0.948,0.8789901009003425,0.14814814814814814
12,1,0.828,0.668108055002596,0.39285714285714285
12,1,0.694,0.727252548144158,0.23684210526315788
12,1,0.608,0.7896097525631011,0.24444444444444444
12,1,0.6139,0.5209011501960366,0.21621621621621623
12,1,0.9443333333333332,0.8633247497640371,0.13333333333333333
12,1,0.698,0.39943732157395956,0.1935483870967742
12,1,0.67,0.3854161682062972,0.39473684210526316
12,0,0.6746666666666667,0.20259545707515988,0.1590909090909091
12,1,0.954,0.8772635815797625,0.17647058823529413
12,1,0.966,0.8754909481034127,0.04
12,1,0.767,0.7644177719928482,0.18181818181818182
12,0,0.828,0.2041030317485134,0.14705882352941177
12,1,0.564,0.5444687600067009,0.3333333333333333
12,1,0.864,0.48469428363257266,0.25
12,1,0.852,0.493466272472311,0.34210526315789475
12,1,0.691,0.7708144599797501,0.20588235294117646
12,1,0.842,0.8756543652617482,0.25
12,0,0.6736666666666666,0.5038810269013261,0.3333333333333333
12,0,0.7101,0.2788282997876606,0.1794871794871795
12,0,0.67,0.6096534759479454,0.25
12,1,0.634,0.7982789342305593,0.2
12,1,0.8606666666666667,0.6483886897018807,0.17073170731707318
12,1,0.86,0.8651601047198678,0.11904761904761904
12,1,0.644,0.45034883899701184,0.30612244897959184
12,1,0.6167666666666667,0.73792823092232,0.24242424242424243
12,1,0.463,0.17377830699096733,0.24074074074074073
12,1,0.822,0.3497117098627063,0.25925925925925924
12,1,0.748,0.708141541757445,0.275
12,1,0.5983666666666667,0.6445691529708552,0.23255813953488372
12,0,0.6207333333333334,0.053037797192174364,0.16666666666666666
12,1,0.722,0.3881904126759703,0.375
12,1,0.5033333333333333,0.4058495305748068,0.1956521739130435
12,1,0.898,0.866421008835869,0.14285714285714285
12,1,0.728,0.5448385124399979,0.27906976744186046
12,0,0.7851333333333333,0.5848197567085865,0.16666666666666666
12,1,0.6564,0.447773552638741,0.3125
12,1,0.954,0.8776710010462231,0.16
12,1,0.912,0.8827494602427672,0.2
12,1,0.948,0.8789901009003425,0.14814814814814814
12,1,0.7350333333333334,0.7643535835033738,0.21428571428571427
12,1,0.9,0.8852623099162964,0.15789473684210525
12,1,0.8006666666666666,0.6274357811088996,0.3125
12,1,0.816,0.8874771871907813,0.25
12,1,0.884,0.8852623099162964,0.17647058823529413
12,1,0.644,0.3801664813772267,0.29411764705882354
12,1,0.93,0.8831410952682284,0.15789473684210525
12,1,0.6860666666666666,0.17881891508682846,0.34146341463414637
12,1,0.7617999999999999,0.4818555807762336,0.25
12,1,0.5954333333333334,0.24193173437997215,0.28
12,1,0.8036,0.8474660231316519,0.2692307692307692
12,1,0.944,0.8776985334762047,0.13043478260869565
12,1,0.928,0.8610254070017094,0.18518518518518517
12,1,0.9443333333333332,0.8633247497640371,0.13333333333333333
12,1,0.786,0.8665936062254035,0.14814814814814814
12,1,0.7331333333333333,0.8625248771936991,0.19230769230769232
12,1,0.6446666666666666,0.516031831203621,0.25
12,1,0.712,0.7216701585883643,0.20689655172413793
12,1,0.6001666666666666,0.5305416753300598,0.23684210526315788
12,1,0.8578,0.7582318735333845,0.2
12,1,0.912,0.8640849428990429,0.16363636363636364
12,1,0.9,0.8809385284165323,0.13043478260869565
12,1,0.916,0.8885011567905723,0.24242424242424243
12,1,0.916,0.8863038529663362,0.2413793103448276
12,1,0.94,0.8767331790934646,0.1
12,1,0.832,0.7700989540945511,0.2692307692307692
12,1,0.7936666666666667,0.7153652344095279,0.23809523809523808
12,1,0.69,0.7118648435221366,0.3055555555555556
12,1,0.854,0.8665936062254035,0.14814814814814814
12,1,0.7,0.71397184978278,0.2857142857142857
12,1,0.816,0.8648581854931151,0.25
12,1,0.892,0.7602604294994527,0.08888888888888889
12,1,0.5986666666666668,0.5009108674444829,0.43243243243243246
12,1,0.912,0.8840688969961018,0.20689655172413793
12,1,0.818,0.7622403315190158,0.18181818181818182
12,1,0.8462666666666666,0.8446014788282659,0.23809523809523808
12,0,0.018571428571428572,0.05683082865933436,0.7209302325581395
12,0,0.6616666666666667,0.8613882768749908,0.3050847457627119
12,1,0.6616666666666667,0.8613882768749908,0.3050847457627119
12,0,0.6933333333333334,0.8574931538017984,0.3508771929824561
12,1,0.669,0.7250323104373207,0.391304347826087
12,1,0.6828571428571428,0.7299553629259501,0.391304347826087
12,1,0.7531333333333333,0.5160761756773344,0.40425531914893614
12,1,0.8973333333333333,0.17043639598281835,0.671875
12,1,0.896,0.8096603699541879,0.4791666666666667
12,1,0.8597,0.617908203250304,0.7972972972972973
12,0,0.8505,0.5304896677020245,0.6103896103896104
12,1,0.959,0.8655145584705818,0.42857142857142855
13,1,0.811,0.7199960559713106,0.2857142857142857
13,1,0.982,0.9070143145645979,0.18181818181818182
13,1,0.766,0.7326320161807875,0.3333333333333333
13,1,0.6736666666666666,0.6838596947670991,0.5277777777777778
13,1,0.83,0.6855514096082105,0.22727272727272727
13,1,0.7475,0.8215760728428851,0.2727272727272727
13,1,0.6405666666666666,0.5955707394638499,0.2926829268292683
13,1,0.8338333333333334,0.7159948917276856,0.275
13,1,0.902,0.8362676077373323,0.3617021276595745
13,0,0.07857142857142857,0.16589253792339476,0.4838709677419355
13,1,0.8599,0.7348302162733104,0.5555555555555556
13,1,0.7133999999999999,0.8875507822274279,0.5681818181818182
13,1,0.6523666666666667,0.5949898869164589,0.21428571428571427
13,1,0.6538666666666667,0.5949898869164589,0.21428571428571427
13,1,0.8005,0.8042001550160899,0.2857142857142857
13,1,0.9528,0.6700591008625126,0.5967741935483871
13,1,0.9255999999999999,0.6732912906462584,0.5833333333333334
13,1,0.914,0.7282650423276736,0.5106382978723404
13,1,0.8225,0.8083852093277575,0.25862068965517243
13,0,0.0505,0.016672116101683985,0.88
13,0,0.621,0.4209604211920729,0.2903225806451613
13,1,0.984,0.8699633151494841,0.7692307692307693
13,1,0.858,0.4133734088131791,0.7971014492753623
13,1,0.268,0.02534346003873279,0.6842105263157895
13,1,0.9521666666666666,0.8349722456371721,0.30357142857142855
13,1,0.17813333333333334,0.6236070680303808,0.6440677966101694
13,1,0.17746666666666666,0.77407849830775,0.6440677966101694
13,1,0.2088,0.7131377350092263,0.6666666666666666
13,0,0.10706666666666666,0.5019685522254099,0.6666666666666666
13,0,0.115,0.5118469635233395,0.6865671641791045
13,1,0.17746666666666666,0.77407849830775,0.6440677966101694
13,1,0.892,0.6073455452189843,0.5166666666666667
13,1,0.9553333333333334,0.7521986401746974,0.8035714285714286
13,0,0.39483333333333337,0.6305168651139245,0.6595744680851063
13,0,0.072,0.2648327674441493,0.6666666666666666
13,0,0.37607142857142856,0.0010905244067529105,0.2396694214876033
13,0,0.2828095238095238,0.6069841022421941,0.603448275862069
13,1,0.8695,0.545209563386959,0.5128205128205128
13,1,0.7375833333333333,0.29031570899008874,0.3783783783783784
13,1,0.6755666666666666,0.743210904209858,0.6415094339622641
13,1,0.84325,0.536583472408108,0.3333333333333333
13,1,0.9025,0.8407931183104568,0.5333333333333333
13,1,0.912,0.8447004420722742,0.49230769230769234
13,1,0.7665,0.7159258706103084,0.4461538461538462
13,1,0.8370000000000001,0.41115523972503826,0.4852941176470588
13,1,0.9025,0.8407931183104568,0.5333333333333333
13,1,0.8555,0.7089306075267303,0.5079365079365079
13,0,0.736,0.6424171801891874,0.2222222222222222
13,1,0.864,0.8117120832220901,0.6896551724137931
13,1,0.3113333333333333,0.6600529965887995,0.6176470588235294
13,1,0.8082999999999999,0.7453665277056006,0.3230769230769231
13,0,0.628,0.75796186997118,0.40625
13,1,0.7726666666666667,0.7089644674161977,0.375
13,1,0.958,0.7080844215065277,0.5263157894736842
13,1,0.956,0.7080844215065277,0.5526315789473685
13,1,0.7315,0.7655163159535033,0.3191489361702128
13,1,0.7359,0.7465815514141074,0.2558139534883721
13,1,0.692,0.6629013539792029,0.3148148148148148
13,1,0.91,0.8229518517769868,0.3
13,1,0.6598333333333333,0.5715885245998961,0.3829787234042553
13,1,0.8891666666666668,0.8832684406280439,0.3877551020408163
13,1,0.6446666666666667,0.4831245627761988,0.2235294117647059
13,0,0.7125,0.4680579739737681,0.43243243243243246
13,0,0.553,0.4952047484017173,0.5
13,0,0.612,0.6876863654374109,0.4444444444444444
13,0,0.6447333333333334,0.7832800121467773,0.4918032786885246
13,0,0.6778333333333334,0.6790143087450207,0.5
13,1,0.834,0.8409795480327186,0.2
13,1,0.8193714285714285,0.3147436263867211,0.4430379746835443
13,1,0.8044,0.6870877600352945,0.35
13,1,0.7451666666666666,0.7175640177774747,0.45454545454545453
13,0,0.1268,0.09249315099547661,0.43137254901960786
13,0,0.5150666666666666,0.4868856696323778,0.6097560975609756
13,1,0.9586666666666667,0.8964402040042597,0.5769230769230769
13,1,0.9646666666666667,0.8950716182861641,0.6341463414634146
13,1,0.563,0.42716619612305956,0.5
13,1,0.9238,0.7679996114492429,0.38235294117647056
13,0,0.7497333333333334,0.5217697134713801,0.20930232558139536
13,1,0.8756666666666666,0.4344701451604613,0.6923076923076923
13,1,0.8633333333333334,0.379791787873037,0.6617647058823529
13,1,0.8569190476190477,0.16095861455261531,0.7910447761194029
13,1,0.875,0.7983714705598965,0.6785714285714286
13,1,0.887,0.8083802904573552,0.6296296296296297
13,1,0.958,0.6302552621309196,0.49206349206349204
13,1,0.8403333333333334,0.8068591422407553,0.2826086956521739
13,0,0.09,0.2504901236745746,0.4473684210526316
13,1,0.6813333333333332,0.3086027526060493,0.15254237288135594
13,1,0.8226666666666668,0.738665611777387,0.7241379310344828
13,1,0.08,0.0344696840367375,0.863013698630137
13,1,0.7553571428571428,0.6922933131930233,0.5423728813559322
13,1,0.9088999999999999,0.7970051913441486,0.5238095238095238
13,1,0.836,0.7545853366497857,0.328125
13,1,0.8309333333333333,0.5454656361505367,0.36923076923076925
13,1,0.8574666666666667,0.898944606623663,0.3409090909090909
13,1,0.7503333333333334,0.6406852315968438,0.3611111111111111
13,1,0.9203333333333332,0.704578925571779,0.6896551724137931
13,1,0.6715333333333333,0.7321708417804957,0.4090909090909091
13,1,0.958,0.8253453069291364,0.660377358490566
13,1,0.7124000000000001,0.5866506244024803,0.3559322033898305
13,1,0.948,0.8216754152910736,0.6923076923076923
13,1,0.819,0.5981426232438081,0.4714285714285714
13,1,0.7290666666666666,0.6949770074577358,0.4393939393939394
13,1,0.95,0.8259236988315712,0.6923076923076923
13,1,0.7127333333333333,0.6028406410689668,0.3815789473684211
13,1,0.759,0.6042091667941561,0.5076923076923077
13,1,0.6676666666666666,0.6582089144586014,0.3142857142857143
13,1,0.972,0.8274725156706987,0.64
13,1,0.797,0.594614607213777,0.45454545454545453
13,1,0.918,0.7492213913621389,0.6041666666666666
13,1,0.8994,0.6988025664078168,0.6140350877192983
13,1,0.7804333333333334,0.4993513381615578,0.6724137931034483
13,1,0.6951666666666666,0.6918611716317077,0.47368421052631576
13,1,0.7166666666666667,0.6886909695389131,0.5
13,1,0.838,0.6620203040182513,0.4838709677419355
13,1,0.9147333333333334,0.7864737391409713,0.6923076923076923
13,1,0.938,0.7519651500013189,0.5918367346938775
13,1,0.6983333333333334,0.5830920387067547,0.3898305084745763
13,1,0.948,0.8089032303411654,0.6724137931034483
13,1,0.9016666666666666,0.7019143663608092,0.6481481481481481
13,1,0.753,0.5040755865369961,0.5409836065573771
13,1,0.9604,0.7461548519025997,0.32075471698113206
13,1,0.902,0.3463086698337809,0.5641025641025641
13,1,0.776,0.8542032979745272,0.25
13,1,0.8875666666666667,0.5890934107778931,0.7972972972972973
13,0,0.8026666666666668,0.5470534908721085,0.6103896103896104
13,0,0.356,0.36375736700463995,0.66
13,0,0.2353333333333333,0.00013920537164803485,0.7368421052631579
13,0,0.813,0.8435302260941238,0.3055555555555556
13,0,0.7025714285714285,0.7270066738039465,0.2558139534883721
13,1,0.8353333333333334,0.37238963789503304,0.3968253968253968
13,1,0.9345,0.5918708152671676,0.9333333333333333
13,0,0.0068,0.34481314116886597,0.5967741935483871
13,0,0.048799999999999996,0.34477437035087005,0.5675675675675675
13,1,0.0188,0.34813183062005754,0.5616438356164384
13,0,0.0128,0.35146532682400655,0.6
13,1,0.7105,0.6060355661735259,0.2222222222222222
13,0,0.182,0.13998162809963288,0.43478260869565216
13,0,0.078,0.1628427727576418,0.5301204819277109
13,1,0.882,0.6880526570522905,0.5873015873015873
13,1,0.682,0.5845070759415545,0.46153846153846156
13,1,0.946,0.5286272552164034,0.967741935483871
13,1,0.9349285714285714,0.7873039101731922,0.5853658536585366
13,1,0.804,0.5979700646503785,0.16
13,1,0.8651666666666668,0.7262248360204996,0.23255813953488372
13,1,0.864,0.5437037489421364,0.30303030303030304
13,1,0.9126666666666666,0.7746263415827009,0.47368421052631576
13,1,0.7206047619047619,0.8179385989279905,0.36363636363636365
13,1,0.67,0.5461126738144773,0.1724137931034483
13,1,0.7136666666666668,0.7352584857189466,0.27941176470588236
13,1,0.814,0.7426866671762994,0.3541666666666667
13,1,0.814,0.7426866671762994,0.3541666666666667
13,1,0.9247571428571428,0.7324181812036662,0.43478260869565216
13,1,0.6933333333333334,0.6219316233316492,0.6538461538461539
13,1,0.541,0.7748483325561559,0.54
13,1,0.49439999999999995,0.7782771118916718,0.5
13,1,0.7126666666666668,0.7033171557982306,0.373134328358209
13,1,0.5825,0.8548079731138291,0.26666666666666666
13,1,0.7900666666666666,0.5505067902617686,0.4626865671641791
13,1,0.9369,0.633567094274468,0.3695652173913043
13,1,0.809,0.7286582178527511,0.38461538461538464
13,0,0.2836666666666666,0.5986097522152244,0.6458333333333334
13,1,0.933,0.7117929207734572,0.4117647058823529
13,1,0.933,0.7117929207734572,0.4117647058823529
13,1,0.768,0.6916586009482839,0.296875
13,1,0.6528333333333333,0.24605075134835253,0.45588235294117646
13,1,0.8366666666666667,0.7320345000202181,0.46153846153846156
13,1,0.881,0.45771013645762637,0.6181818181818182
13,1,0.828,0.295151685288628,0.6727272727272727
13,1,0.5474428571428572,0.7184378859900569,0.4
13,0,0.538,0.4544200055126862,0.2727272727272727
13,1,0.7939761904761906,0.7109992964378294,0.5254237288135594
13,0,0.30466666666666664,0.536185944997655,0.45
13,1,0.9555,0.8094825885625515,0.3333333333333333
13,1,0.8453333333333334,0.8048668974861718,0.22388059701492538
13,1,0.9178999999999999,0.8368233388627799,0.6052631578947368
13,1,0.9206666666666667,0.7720138654635633,0.6666666666666666
13,0,0.152,0.03201011007098714,0.5585585585585585
13,1,0.4406666666666667,0.5949361025560033,0.5384615384615384
13,1,0.904,0.6002764588306678,0.704225352112676
13,1,0.7286666666666666,0.8823078023360181,0.4
13,1,0.946,0.4097774416985875,0.7564102564102564
13,1,0.7159666666666668,0.08534525925326944,0.2824427480916031
13,1,0.8038,0.113650859433882,0.2868217054263566
13,0,0.7381333333333332,0.0479115555869301,0.2868217054263566
13,1,0.7963333333333332,0.6918049311580798,0.6153846153846154
13,1,0.9176666666666666,0.8473155017348609,0.34615384615384615
13,1,0.8511047619047619,0.8780991880092862,0.3333333333333333
13,1,0.924,0.8943298575235813,0.37142857142857144
13,1,0.8127,0.6708004647909716,0.325
13,0,0.286,0.15272788831289083,0.33
13,1,0.8225,0.5703494530347154,0.4126984126984127
13,1,0.5000666666666668,0.8507111343903162,0.24752475247524752
13,0,0.4114666666666667,6.63087879017108e-07,0.28888888888888886
13,1,0.7548333333333334,0.6492279470488819,0.2962962962962963
13,1,0.94,0.6017576288778235,0.6805555555555556
13,1,0.9313333333333333,0.8905210495454519,0.3111111111111111
13,1,0.948,0.8962202167006124,0.6285714285714286
13,1,0.75,0.865812830387529,0.5106382978723404
13,0,0.132,0.17552585288601688,0.6125
13,0,0.184,0.1457934091164399,0.6352941176470588
13,0,0.17566666666666667,0.036550276312242724,0.6395348837209303
13,0,0.286,0.20198478633627073,0.5555555555555556
13,1,0.9248,0.37239565360721805,0.7704918032786885
13,1,0.8513333333333333,0.6966207180089258,0.4647887323943662
13,1,0.5685999999999999,0.830888162405076,0.3088235294117647
13,1,0.8881999999999999,0.8593909479577313,0.38636363636363635
13,1,0.9046666666666666,0.7216127184423152,0.4
13,1,0.846,0.8476364960033717,0.2647058823529412
13,1,0.888,0.35381409677504255,0.4878048780487805
13,1,0.6322523809523808,0.6542565479179713,0.3225806451612903
13,1,0.8208,0.5578635383988488,0.3815789473684211
13,0,0.12466666666666668,0.4372919959051432,0.47540983606557374
13,1,0.6775666666666667,0.38126950479399146,0.4925373134328358
13,0,0.7123047619047618,0.7738968806290192,0.31343283582089554
13,1,0.9405,0.7942571130972736,0.46
13,1,0.6795666666666667,0.42573017980845795,0.49295774647887325
13,1,0.8623999999999999,0.8682731526791366,0.3541666666666667
13,0,0.02,0.15335591831777232,0.6071428571428571
13,1,0.878,0.8671793553325963,0.2857142857142857
13,1,0.7065,0.8361710631706367,0.17543859649122806
13,1,0.97,0.8254759379677078,0.5945945945945946
13,1,0.976,0.8872154318300456,0.6111111111111112
13,1,0.9,0.8331573059439659,0.42592592592592593
13,1,0.93,0.7384461306152106,0.6458333333333334
13,1,0.793152380952381,0.746337436336827,0.45161290322580644
13,0,0.901,0.8464357921391872,0.39622641509433965
13,1,0.88355,0.7958859449260379,0.39215686274509803
13,1,0.292,0.49670673510063057,0.5333333333333333
13,1,0.6389380952380952,0.7540216413361079,0.24
13,0,0.346,0.1646075313091652,0.4153846153846154
13,1,0.567,0.758338505939825,0.38666666666666666
13,1,0.9265,0.7644222378969328,0.62
13,1,0.9265,0.7644222378969328,0.62
13,1,0.9558000000000001,0.7307355111636784,0.7450980392156863
13,0,0.137,0.022616741779633465,0.6145833333333334
13,1,0.4099666666666667,0.3779615120210937,0.4027777777777778
13,1,0.693,0.46493081503737094,0.4027777777777778
13,0,0.21707142857142855,0.12459302045707026,0.4074074074074074
13,1,0.9395,0.47079859651682193,0.6438356164383562
13,1,0.965,0.46580492280395736,0.6756756756756757
13,1,0.7733333333333332,0.810463568380027,0.24615384615384617
13,1,0.7082999999999999,0.7570053978385083,0.36363636363636365
13,1,0.6794000000000001,0.6521288592060188,0.2542372881355932
13,1,0.8164,0.8337171282871859,0.5370370370370371
13,0,0.6638333333333334,0.7754766364859107,0.29411764705882354
13,1,0.958,0.8666296579722507,0.5185185185185185
13,1,0.945,0.8636382793346606,0.576271186440678
13,0,0.22866666666666663,0.02048495788917943,0.32051282051282054
13,0,0.096,0.008229199431062626,0.7209302325581395
13,1,0.836,0.509074088417239,0.35384615384615387
13,1,0.6944761904761905,0.7264328335128568,0.32
13,1,0.9693333333333334,0.8819008945106627,0.54
13,1,0.8183666666666667,0.8069427930354258,0.35185185185185186
13,1,0.7747333333333334,0.14756108523418845,0.7777777777777778
13,0,0.199,3.710313123932767e-07,0.41621621621621624
13,1,0.757,0.7100490323277592,0.27586206896551724
13,1,0.93,0.41608305507110244,0.7857142857142857
13,1,0.8286666666666668,0.669820776001881,0.3220338983050847
13,1,0.799,0.6723638472295517,0.3114754098360656
13,1,0.9094,0.8026749371030194,0.5555555555555556
13,0,0.03233333333333334,0.2515759728557157,0.6363636363636364
13,1,0.8927999999999999,0.7978889661645334,0.6086956521739131
13,1,0.908,0.7911681559380983,0.2708333333333333
13,1,0.9581666666666667,0.8946762680157924,0.55
13,0,0.47746666666666665,0.09000001758423772,0.18238993710691823
13,0,0.124,0.2503655214363642,0.5135135135135135
13,0,0.052,0.14211709049624388,0.6056338028169014
13,0,0.102,0.2531476461384801,0.5135135135135135
13,0,0.03,0.31455164367895566,0.7666666666666667
13,0,0.122,0.08850123002027871,0.43023255813953487
13,0,0.08483333333333334,0.143913424230232,0.48148148148148145
13,0,0.07,0.060722615647867635,0.6323529411764706
13,0,0.074,0.08723911689026245,0.5584415584415584
13,1,0.6167333333333334,0.8451584993613872,0.6833333333333333
13,1,0.7338238095238095,0.842058646508024,0.72
13,1,0.6862238095238096,0.8379562755550354,0.559322033898305
13,1,0.94,0.7989808985433994,0.6
13,1,0.7263333333333333,0.5271964052724408,0.32954545454545453
13,1,0.864,0.8048452550491889,0.5
13,1,0.894,0.8087937213307188,0.47692307692307695
13,1,0.8865,0.8065168492853474,0.49122807017543857
13,1,0.882,0.7827354244401417,0.47540983606557374
13,1,0.9692000000000001,0.8770875536690924,0.4716981132075472
13,1,0.686,0.656872575083045,0.2545454545454545
13,1,0.6205,0.6036018188856046,0.2545454545454545
13,1,0.7025,0.6544620302548841,0.2545454545454545
13,0,0.486,0.23748314040298824,0.5111111111111111
13,0,0.619,0.2346214045453464,0.3148148148148148
13,0,0.48373333333333335,0.23580872830877592,0.46938775510204084
13,0,0.5059,0.33807143785667315,0.4423076923076923
13,0,0.5529,0.33436302965278974,0.3770491803278688
13,1,0.8543333333333333,0.8730494729113473,0.24489795918367346
13,0,0.6591333333333335,0.5928743855117563,0.373134328358209
13,1,0.8571666666666666,0.7787632852423582,0.5692307692307692
13,1,0.6267333333333334,0.5246552786962061,0.26666666666666666
13,0,0.12666666666666665,0.0744258665850075,0.4594594594594595
13,0,0.7034,0.7303877961693814,0.265625
13,1,0.6962238095238096,0.7868706374842799,0.4
13,1,0.822,0.6656986908494568,0.3382352941176471
13,1,0.8736666666666666,0.7747185145460236,0.5
13,1,0.9015,0.7740659686966138,0.5094339622641509
13,1,0.977,0.8530020695058174,0.4318181818181818
13,0,0.092,0.016619828613531836,0.7692307692307693
13,1,0.9749166666666667,0.7106449119942438,0.71875
13,1,0.9347857142857142,0.8736706095714656,0.25
13,1,0.982,0.9018922735626146,0.18181818181818182
13,1,0.8004380952380953,0.8116245582904087,0.3333333333333333
13,1,0.8517714285714285,0.8134356713336329,0.45454545454545453
13,1,0.8111714285714285,0.7827101629336785,0.3617021276595745
13,1,0.7667714285714285,0.7785389811948755,0.2727272727272727
13,1,0.6789999999999999,0.761755200487437,0.4375
13,1,0.882,0.8038455808879678,0.3333333333333333
13,1,0.93,0.5781398275313093,0.3888888888888889
13,1,0.906,0.8653018765438512,0.4918032786885246
13,1,0.952,0.8682623275029422,0.48148148148148145
13,1,0.8191666666666666,0.7526491730730107,0.3728813559322034
13,1,0.9025,0.8367732149835848,0.3484848484848485
13,1,0.903,0.7924640119690747,0.32727272727272727
13,1,0.48223333333333335,0.5984134523540448,0.3333333333333333
13,0,0.6942999999999999,0.272792376607171,0.2602739726027397
13,1,0.6252333333333333,0.78361859379312,0.3561643835616438
13,0,0.6527999999999999,0.1447210121162749,0.22641509433962265
13,1,0.7996666666666667,0.7012575318730432,0.5142857142857142
13,0,0.04,0.08535455356576656,0.5416666666666666
13,1,0.8980666666666666,0.7547940752176622,0.46153846153846156
13,0,0.4148333333333334,0.020505242480688433,0.2786885245901639
13,0,0.4148333333333334,0.020112080582779763,0.256198347107438
13,1,0.964,0.806773438759216,0.9148936170212766
13,1,0.899,0.43476308783329753,0.5222222222222223
13,1,0.887,0.4215490427857628,0.5108695652173914
13,1,0.8503333333333334,0.7515957433051254,0.43859649122807015
13,1,0.3848333333333333,0.7570457631463403,0.3508771929824561
13,1,0.936,0.6531841956802529,0.3953488372093023
13,1,0.13366666666666668,0.11639426405229605,0.7530864197530864
13,1,0.928,0.8033231443502564,0.5409836065573771
13,0,0.6153333333333333,0.20173831902359868,0.33980582524271846
13,0,0.38,0.5845070759415545,0.8387096774193549
13,1,0.862,0.6626106287513917,0.2777777777777778
13,1,0.7385,0.6989742355788386,0.4
13,1,0.7885,0.5845070759415545,0.2608695652173913
13,1,0.659,0.5236369388085305,0.3968253968253968
13,1,0.7865,0.5845070759415545,0.2608695652173913
13,1,0.768,0.6688801955393704,0.4262295081967213
13,1,0.784,0.6775744507671628,0.43103448275862066
13,1,0.8478,0.747698470299939,0.2711864406779661
13,1,0.8486666666666668,0.8154487157474387,0.7142857142857143
13,0,0.5174,0.20241575851819268,0.28440366972477066
13,1,0.7620666666666666,0.6054147812440345,0.3972602739726027
13,0,0.128,0.012598322171385186,0.7469879518072289
13,1,0.9208571428571429,0.8067003141553252,0.3448275862068966
13,0,0.0808,0.04159614389191888,0.7040816326530612
13,1,0.8516666666666667,0.7696334064223891,0.46296296296296297
13,0,0.2829333333333333,0.6716630005946563,0.5625
13,1,0.9278,0.8376226809265951,0.5111111111111111
13,1,0.878,0.7031544021240728,0.5897435897435898
13,1,0.921,0.8357802781004439,0.5370370370370371
13,1,0.964,0.6995836504769495,0.7142857142857143
13,1,0.7786666666666667,0.8273400643926322,0.34782608695652173
13,1,0.7604,0.549682194994354,0.23214285714285715
13,1,0.942,0.8878553648110218,0.7368421052631579
13,1,0.7858333333333333,0.8414394282708226,0.425
13,1,0.972,0.8062999209018167,0.6981132075471698
13,1,0.744,0.5867729743499067,0.4810126582278481
13,1,0.91,0.5989895353911091,0.6153846153846154
13,1,0.8786666666666666,0.812273506665795,0.38333333333333336
13,1,0.9585,0.7405184967436069,0.4
13,1,0.7293,0.38652669917200666,0.1702127659574468
13,0,0.7145,0.7174265493560722,0.41379310344827586
13,0,0.172,0.03758585283930336,0.5494505494505495
13,1,0.9168,0.7682113938889581,0.7692307692307693
13,1,0.8216666666666667,0.8480152798104483,0.3939393939393939
13,1,0.7386666666666667,0.8118002328693901,0.34782608695652173
13,1,0.7645333333333333,0.7688758001570141,0.53125
13,1,0.7427857142857143,0.670794215608389,0.24561403508771928
13,1,0.8815,0.7978458172749151,0.45454545454545453
13,1,0.6468333333333333,0.43888402175649344,0.5853658536585366
13,1,0.6468333333333333,0.43888402175649344,0.5853658536585366
13,1,0.912,0.5698324669629875,0.4838709677419355
13,1,0.8326666666666667,0.7212543838910437,0.42105263157894735
13,1,0.922,0.707523006344443,0.2727272727272727
13,1,0.955,0.8078200002316734,0.3902439024390244
13,1,0.861,0.8084806958555566,0.4166666666666667
13,0,0.808,0.5229304333690975,0.16981132075471697
13,1,0.869,0.7219586831576473,0.19047619047619047
13,0,0.425,0.03144174068581783,0.3106796116504854
13,0,0.4235,0.03099844984681448,0.358695652173913
13,1,0.6979666666666666,0.7642912697564986,0.24285714285714285
13,1,0.35886666666666667,0.02129639392021886,0.4805194805194805
13,0,0.7445,0.5827712198459413,0.2777777777777778
13,1,0.7326,0.6749752301015944,0.5675675675675675
13,1,0.696,0.6140929445292244,0.2631578947368421
13,1,0.7826666666666667,0.7692976262544708,0.25
13,1,0.7647999999999999,0.5589412838023248,0.40425531914893614
13,1,0.746,0.5323077952864514,0.28125
13,1,0.9178,0.5197876519963024,0.6363636363636364
13,0,0.2686666666666666,0.5456664647718791,0.48717948717948717
13,0,0.24833333333333335,0.27111906229709193,0.43137254901960786
13,1,0.755,0.695758037113799,0.3188405797101449
13,1,0.862,0.8965374049807835,0.33962264150943394
13,1,0.754,0.6398433339342398,0.44594594594594594
13,1,0.7076666666666668,0.5735487248490494,0.35802469135802467
13,1,0.9226666666666666,0.7488858894718664,0.3448275862068966
13,1,0.93,0.7158297885185549,0.39622641509433965
13,1,0.7484,0.43236574246859605,0.746031746031746
13,1,0.7142904761904763,0.72457618669016,0.273972602739726
13,1,0.822,0.7055031151078714,0.22807017543859648
14,1,0.904,0.44648779607841166,0.5909090909090909
14,1,0.822,0.22705924555081164,0.6521739130434783
14,1,0.8515,0.4057388363721573,0.5555555555555556
14,1,0.816,0.22416748023736835,0.5070422535211268
14,1,0.782,0.23221631144054886,0.6885245901639344
14,1,0.912,0.31449903813471886,0.7121212121212122
14,1,0.856,0.30824827091373624,0.684931506849315
14,1,0.928,0.44352799279076977,0.6716417910447762
14,1,0.88,0.21978363160551018,0.6617647058823529
14,1,0.739,0.6907040552141983,0.6440677966101694
14,1,0.884,0.4056356062735306,0.7564102564102564
14,1,0.946,0.31188066658898944,0.6794871794871795
14,1,0.938,0.409735864484746,0.6875
14,1,0.8405,0.2988424234564689,0.575
14,1,0.894,0.09551492958242108,0.6818181818181818
14,1,0.761,0.5442938658968907,0.46511627906976744
14,1,0.681,0.4381575077366736,0.5555555555555556
14,1,0.808,0.44648779607841166,0.4666666666666667
14,1,0.7365714285714285,0.31549562455333224,0.5060240963855421
14,1,0.614,0.22920269934536802,0.6285714285714286
14,1,0.85,0.31394774482020743,0.5897435897435898
14,1,0.854,0.3236095935793446,0.7076923076923077
14,0,0.922,0.10072752265753213,0.6818181818181818
14,1,0.79,0.1152457393623741,0.6103896103896104
14,1,0.838,0.3267742791774542,0.7285714285714285
14,1,0.828,0.46557502543134927,0.5844155844155844
14,1,0.82,0.2139550670385333,0.5131578947368421
14,1,0.7845,0.4239196980734362,0.5652173913043478
14,1,0.854,0.40165135928768175,0.3956043956043956
14,1,0.844,0.5357199362617676,0.625
14,1,0.8548333333333333,0.4057388363721573,0.6125
14,1,0.7305,0.4238151412411486,0.4868421052631579
14,1,0.7725,0.5273573179030081,0.47560975609756095
14,1,0.7253,0.5267195983899841,0.4166666666666667
14,1,0.884,0.38802088201047213,0.6282051282051282
14,1,0.87,0.2786017866354132,0.7361111111111112
14,0,0.548,0.237565143894598,0.5373134328358209
14,1,0.822,0.22499568625828772,0.5679012345679012
14,1,0.832,0.3241020284764578,0.569620253164557
14,1,0.908,0.41874478021060857,0.6455696202531646
14,1,0.764,0.7317269894936238,0.5131578947368421
14,1,0.806,0.5222389494305167,0.5609756097560976
14,1,0.904,0.4877103892923479,0.6463414634146342
14,1,0.81,0.513670168028856,0.5411764705882353
14,1,0.761,0.5442938658968907,0.46511627906976744
14,1,0.734,0.5466775676374583,0.47674418604651164
14,1,0.868,0.21675189758855512,0.47368421052631576
14,1,0.836,0.5502790184367311,0.4691358024691358
14,1,0.944,0.4279668455035263,0.7580645161290323
14,1,0.928,0.5327843487719641,0.6891891891891891
14,1,0.842,0.4320366970587161,0.5652173913043478
14,1,0.8964,0.2956651543533585,0.5116279069767442
14,1,0.934,0.204919308538756,0.6578947368421053
14,1,0.785,0.41332642030317357,0.5466666666666666
14,1,0.82,0.5178039939143936,0.5476190476190477
14,1,0.8545,0.4239196980734362,0.6875
14,1,0.904,0.4136085793156963,0.5833333333333334
14,1,0.548,0.237565143894598,0.5373134328358209
14,1,0.862,0.3209508848165134,0.589041095890411
14,1,0.7678666666666666,0.12006918242369047,0.5897435897435898
14,1,0.867,0.6927542219978557,0.5942028985507246
14,1,0.708,0.45989566169319046,0.6119402985074627
14,1,0.93,0.23218269884472764,0.5882352941176471
14,1,0.7705,0.442341848576726,0.5555555555555556
14,1,0.8205,0.22713439678080777,0.5882352941176471
14,1,0.5515,0.42689514654811295,0.5223880597014925
14,1,0.7675,0.5304969898176427,0.527027027027027
14,0,0.392,0.23977700815281813,0.6833333333333333
14,1,0.7285,0.6518726536341856,0.4868421052631579
14,1,0.738,0.19763912404019235,0.5285714285714286
14,1,0.878,0.3932698698425418,0.6666666666666666
14,1,0.7585,0.42786203184667454,0.5555555555555556
14,1,0.7433,0.530843812028863,0.5
14,1,0.888,0.39848038187049195,0.5975609756097561
14,1,0.894,0.3149840655495982,0.6282051282051282
14,0,0.922,0.2300530864270916,0.6617647058823529
14,1,0.908,0.22943383882376725,0.6142857142857143
14,1,0.732,0.23693189803844825,0.6086956521739131
14,1,0.874,0.7975940841039693,0.36363636363636365
14,1,0.849,0.642094054445405,0.3023255813953488
14,1,0.8866666666666666,0.7143560101694499,0.4098360655737705
14,1,0.8916333333333333,0.8748516819179674,0.37735849056603776
14,1,0.8485,0.4011036953293605,0.5
14,0,0.664,0.8338897257619436,0.421875
14,1,0.6429,0.16610938249972595,0.45588235294117646
14,1,0.879,0.7448199748123443,0.46153846153846156
14,1,0.864,0.37801618488894895,0.6181818181818182
14,1,0.8601333333333333,0.23924079554596578,0.6727272727272727
14,1,0.5428666666666667,0.7291382127587416,0.41025641025641024
14,0,0.5686666666666668,0.4241479163226529,0.2727272727272727
14,1,0.7882999999999999,0.6954460028335198,0.5254237288135594
14,0,0.7607999999999999,0.6581708995211732,0.59375
14,0,0.2948,0.4162529660517216,0.6231884057971014
14,1,0.8525,0.7292343884955756,0.38461538461538464
14,1,0.914,0.7251387527644144,0.4473684210526316
14,1,0.982,0.7251387527644144,0.4
14,1,0.586,0.7349033297514277,0.26744186046511625
14,1,0.09,0.03462050860935205,0.6506024096385542
14,1,0.136,0.5536630111087972,0.5737704918032787
14,1,0.136,0.5536630111087972,0.5737704918032787
14,1,0.136,0.5536630111087972,0.5737704918032787
14,1,0.9746666666666668,0.8971150535195536,0.5333333333333333
14,0,0.9746666666666668,0.8971150535195536,0.5333333333333333
14,1,0.7016333333333334,0.7445890968722696,0.39344262295081966
14,0,0.44,0.6522029728196584,0.625
14,0,0.4955,0.7781025544946292,0.4918032786885246
14,0,0.44,0.6361397964704704,0.5769230769230769
14,1,0.898,0.5431140651642926,0.5714285714285714
14,1,0.8473333333333333,0.8148469674975319,0.35185185185185186
14,1,0.6463,0.5875636510560599,0.3225806451612903
14,1,0.736,0.7060701606990731,0.3389830508474576
14,1,0.805,0.7017542407784911,0.2786885245901639
14,1,0.734,0.7262197527278861,0.24
14,1,0.7055,0.4744941248390542,0.28125
14,1,0.972,0.9349176254654606,0.2727272727272727
14,1,0.9363333333333334,0.8566852386380858,0.5918367346938775
14,1,0.566,0.6643142600071538,0.208955223880597
14,1,0.577,0.6245355241229689,0.44
14,1,0.7234857142857143,0.5591110259427582,0.2653061224489796
14,0,0.583,0.6298629122837531,0.4489795918367347
14,1,0.7646666666666666,0.6935473103586419,0.3125
14,1,0.9045,0.7679841214496566,0.3469387755102041
14,1,0.9045,0.7679841214496566,0.3469387755102041
14,1,0.8764,0.30654535504938574,0.6949152542372882
14,1,0.914,0.7104137380594044,0.6166666666666667
14,1,0.938,0.7601234598598913,0.6607142857142857
14,1,0.8505,0.7018289968918574,0.6610169491525424
14,1,0.866,0.5399218930962623,0.6491228070175439
14,1,0.8583666666666668,0.7147478137893208,0.8461538461538461
14,1,0.8583666666666668,0.7147478137893208,0.8461538461538461
14,0,0.7493333333333333,0.2601136928359604,0.40425531914893614
14,1,0.742,0.5177110165619113,0.5142857142857142
14,0,0.7727333333333334,0.777377087283098,0.3611111111111111
14,1,0.69,0.2839213434914315,0.45
14,0,0.6326666666666666,0.10078375635987329,0.3584905660377358
14,1,0.91,0.7005289820018641,0.43902439024390244
14,1,0.982,0.4843639272481972,0.6774193548387096
14,1,0.7323333333333334,0.23854861448812645,0.3389830508474576
14,1,0.948,0.6475851102884694,0.5405405405405406
14,1,0.75,0.094598084719246,0.3103448275862069
14,0,0.054,0.04257718027510029,0.72
14,1,0.6455,0.5996940208042737,0.45161290322580644
14,1,0.9722000000000001,0.8236475105805592,0.38461538461538464
14,1,0.7185,0.5579224391631589,0.352112676056338
14,0,0.3216666666666667,0.0038158416490831305,0.3467741935483871
14,1,0.9565,0.6005389787866923,0.546875
14,1,0.8493333333333334,0.7603191774420036,0.3333333333333333
14,1,0.6205904761904762,0.035271697800712896,0.2824427480916031
14,1,0.6552571428571429,0.048187785863211326,0.2868217054263566
14,0,0.5898571428571429,0.014543804687519214,0.2868217054263566
14,1,0.771,0.6295740048404915,0.24489795918367346
14,1,0.854,0.6593246619274229,0.47368421052631576
14,1,0.8666666666666667,0.8661699692850704,0.3
14,1,0.8526666666666668,0.4769517633470639,0.45588235294117646
14,1,0.9615,0.8009389177768117,0.6481481481481481
14,1,0.9615,0.8009389177768117,0.6481481481481481
14,1,0.9723333333333334,0.9083871351924894,0.4915254237288136
14,1,0.9586666666666668,0.7992009995945468,0.6666666666666666
14,1,0.85,0.6728639880215794,0.4745762711864407
14,1,0.9505333333333335,0.8897477792577012,0.46774193548387094
14,0,0.4974666666666667,0.11299552608469444,0.4117647058823529
14,1,0.7035666666666666,0.6563711327116345,0.2777777777777778
14,1,0.8615,0.4918870401592157,0.43283582089552236
14,1,0.9025,0.7239952296837667,0.4444444444444444
14,0,0.26820000000000005,0.0915997675374465,0.5633802816901409
14,0,0.3154666666666667,0.035253342126363045,0.37349397590361444
14,0,0.3306666666666666,0.020569551536298695,0.5061728395061729
14,0,0.3468,0.10103418768253991,0.48148148148148145
14,0,0.3138,0.005343735382960344,0.5121951219512195
14,1,0.8927999999999999,0.8205179809610181,0.27941176470588236
14,1,0.894,0.8095462730119265,0.20588235294117646
14,1,0.9395,0.8073525800826943,0.23529411764705882
14,1,0.8133333333333334,0.5891859232192501,0.2714285714285714
14,1,0.9121666666666667,0.8286554864977952,0.6153846153846154
14,0,0.012,0.008549916893815162,0.8452380952380952
14,0,0.014,0.005383449888749614,0.7634408602150538
14,0,0.004,0.17877906167679558,0.6551724137931034
14,1,0.6902,0.7540662224625911,0.45588235294117646
14,1,0.9142857142857144,0.7753658965755442,0.3076923076923077
14,0,0.4735,0.44196331596369015,0.5333333333333333
14,0,0.4735,0.44196331596369015,0.5333333333333333
14,0,0.074,0.0011673000257808543,0.4777777777777778
14,1,0.702,0.5228120184772255,0.43243243243243246
14,0,0.24459999999999998,0.44024535006226484,0.4647887323943662
14,0,0.2814,0.22044160865495735,0.3888888888888889
14,0,0.15397142857142856,0.44029435633059794,0.6727272727272727
14,1,0.5065833333333334,0.8392577017303369,0.26744186046511625
14,1,0.878,0.8770089262755684,0.37142857142857144
14,0,0.7509,0.8617692330320273,0.3050847457627119
14,1,0.7509,0.8617692330320273,0.3050847457627119
14,0,0.7729,0.8646128542747159,0.3508771929824561
14,1,0.8073333333333333,0.5077550525061384,0.3333333333333333
14,1,0.7465333333333333,0.5379169256145889,0.25806451612903225
14,0,0.7465333333333333,0.5379169256145889,0.25806451612903225
14,1,0.8008333333333334,0.272729010824964,0.5616438356164384
14,1,0.8138333333333334,0.16951730519340316,0.46835443037974683
14,1,0.7767999999999999,0.32091018465993226,0.734375
14,1,0.7871666666666668,0.3188185680243929,0.7096774193548387
14,1,0.768,0.5609646002722779,0.6461538461538462
14,1,0.8096666666666668,0.6558103160630487,0.4722222222222222
14,1,0.8224,0.3206276798623183,0.5138888888888888
14,1,0.8416666666666668,0.6612611813710677,0.5441176470588235
14,1,0.7886666666666667,0.31986347072446214,0.7704918032786885
14,1,0.6153333333333333,0.6790547892653277,0.32653061224489793
14,1,0.698,0.38950196843814194,0.4716981132075472
14,1,0.7880000000000001,0.5423834201954013,0.3389830508474576
14,0,0.19866666666666666,4.488170423139033e-09,0.41621621621621624
14,1,0.8273333333333333,0.6210702450941897,0.25
14,1,0.8688333333333333,0.42248292845140023,0.6923076923076923
14,1,0.8355,0.3560944989052743,0.6617647058823529
14,0,0.8473333333333334,0.6163227475969176,0.5294117647058824
14,1,0.8126666666666666,0.6981301251740649,0.3137254901960784
14,1,0.876,0.7565044027762686,0.4117647058823529
14,1,0.848,0.6163227475969177,0.2619047619047619
14,1,0.746,0.5401212158336233,0.5576923076923077
14,1,0.86,0.6163227475969176,0.2926829268292683
14,1,0.87,0.7161740692244386,0.48148148148148145
14,1,0.88,0.7181243066352779,0.4727272727272727
14,1,0.982,0.8686575820451424,0.5
14,1,0.96,0.8644488596860731,0.43636363636363634
14,1,0.8363333333333333,0.791563497697933,0.46296296296296297
14,1,0.931,0.880003896398597,0.6666666666666666
14,0,0.6610666666666666,2.886342534612223e-05,0.22972972972972974
14,0,0.436,0.003232535722427572,0.8311688311688312
14,0,0.5388999999999999,0.03873554803876203,0.18120805369127516
14,1,0.866,0.8771596626896081,0.40425531914893614
14,1,0.952,0.44643519927368075,0.7966101694915254
14,1,0.8346666666666667,0.8099819077684876,0.5507246376811594
14,0,0.5545,0.185381067076203,0.2289156626506024
14,0,0.05,0.16406997312244415,0.5
14,1,0.8987333333333334,0.597486204483406,0.5964912280701754
14,1,0.994,0.9002407531983524,0.65
14,1,0.95,0.86863105497856,0.4418604651162791
14,1,0.956,0.7944418594040591,0.4523809523809524
14,1,0.962,0.8991422121260167,0.631578947368421
14,1,0.942,0.8292582563714653,0.3404255319148936
14,1,0.99,0.8218448315811554,0.6111111111111112
14,1,0.972,0.8572549712001343,0.5
14,1,0.994,0.9002407531983524,0.65
14,1,0.9846666666666666,0.8980572164709719,0.6170212765957447
14,1,0.7555,0.3482804321745175,0.5138888888888888
14,1,0.7437999999999999,0.6035055735474694,0.39655172413793105
14,0,0.6884,0.3934554020949378,0.2236842105263158
14,0,0.038,0.20940437346752486,0.676923076923077
14,1,0.8637999999999999,0.9003228697087479,0.4583333333333333
14,1,0.3349,0.33557861831430047,0.3142857142857143
14,1,0.8972857142857144,0.6947316267907746,0.42857142857142855
14,1,0.8346190476190477,0.7356437548183683,0.25925925925925924
14,1,0.9691666666666666,0.8030196032291006,1.0
14,0,0.04,0.12621528947223587,0.5942028985507246
14,1,0.797,0.6344675857318327,0.42168674698795183
14,0,0.88,0.5470171521485965,0.28125
14,1,0.8163666666666667,0.5335010385365205,0.5294117647058824
14,1,0.899,0.8068411804865928,0.45454545454545453
14,1,0.9461666666666667,0.4975679190195345,0.967741935483871
14,1,0.9221666666666667,0.6584670177913002,0.4318181818181818
14,1,0.506704761904762,0.40902680682731507,0.5555555555555556
14,0,0.3095,0.014475460437954588,0.4444444444444444
14,0,0.3505,0.0110318242983123,0.46835443037974683
14,0,0.126,0.006429899259654101,0.6567164179104478
14,0,0.154,0.007221504303694628,0.5512820512820513
14,0,0.148,0.01151413353344067,0.746268656716418
14,0,0.186,0.011475099364421325,0.5616438356164384
14,0,0.14,0.011243260318166904,0.5657894736842105
14,0,0.146,0.005210402587854706,0.6533333333333333
14,0,0.204,0.011751491674039136,0.5571428571428572
14,0,0.122,0.0013721139983963848,0.6567164179104478
14,0,0.154,0.007221504303694628,0.5512820512820513
14,1,0.8726666666666667,0.6268916327498901,0.23076923076923078
14,0,0.8425,0.8839778150497357,0.3055555555555556
14,0,0.6291666666666668,0.7538197923444908,0.2558139534883721
14,0,0.008,0.33582229816571174,0.7777777777777778
14,0,0.022,0.41952237942395393,0.5964912280701754
14,0,0.024,0.33689536737922343,0.6271186440677966
14,0,0.012,0.33689536737922343,0.7368421052631579
14,1,0.9176,0.8474168441356243,0.6896551724137931
14,1,0.7896666666666666,0.825915695529307,0.37209302325581395
14,1,0.42945000000000005,0.06862899913911918,0.3025210084033613
14,1,0.7033333333333334,0.7733177718071306,0.4375
14,1,0.8025666666666667,0.7435721858357114,0.53125
14,1,0.7583333333333333,0.6918417131561285,0.4
14,1,0.545,0.41455211527435387,0.4444444444444444
14,1,0.43033333333333335,0.08852049282114698,0.46153846153846156
14,1,0.7463333333333333,0.6955347206615587,0.2898550724637681
14,0,0.154,0.0031612734787456616,0.5585585585585585
14,1,0.9291666666666666,0.8677477149158139,0.4
14,0,0.6941333333333334,0.7437586356670939,0.26
14,0,0.7233333333333334,0.8380591171751465,0.2631578947368421
14,1,0.906,0.8117704108444616,0.43137254901960786
14,1,0.9480666666666666,0.7806654574623892,0.39285714285714285
14,1,0.958,0.6671697851562106,0.3953488372093023
14,1,0.8835,0.9106778903566441,0.3111111111111111
14,1,0.888,0.7385489743174206,0.6551724137931034
14,1,0.888,0.8453287433903613,0.45
14,1,0.771,0.7260009980604524,0.6415094339622641
14,0,0.132,2.6384516433668863e-05,0.5060240963855421
14,1,0.17666666666666667,8.225907291021514e-06,0.26881720430107525
14,0,0.324,7.417507458143436e-05,0.3333333333333333
14,0,0.229,1.1335980074683779e-05,0.28735632183908044
14,0,0.216,5.543751256246189e-05,0.24489795918367346
14,0,0.328,6.856569419090646e-05,0.2916666666666667
14,0,0.214,0.0019285151732424738,0.5441176470588235
14,0,0.33,0.00018511995757893688,0.2876712328767123
14,0,0.25,1.1390604926354755e-05,0.29213483146067415
14,0,0.33,0.0004997048479462283,0.28
14,0,0.03,0.04159193822019755,0.5416666666666666
14,1,0.836,0.8067374144483292,0.3333333333333333
14,1,0.8785,0.8181119315749823,0.45454545454545453
14,1,0.8491666666666666,0.7854436154410211,0.3617021276595745
14,1,0.8374666666666666,0.7776394121930299,0.265625
14,1,0.932,0.7131938398796842,0.7547169811320755
14,1,0.6947666666666666,0.7964280689316074,0.5
14,1,0.77,0.38457767031498846,0.45098039215686275
14,1,0.7558333333333332,0.3970655709357288,0.3225806451612903
14,1,0.7441333333333333,0.508724076261066,0.31666666666666665
14,1,0.6585,0.7695952131352917,0.6956521739130435
14,1,0.552,0.770446512670583,0.5
14,1,0.6824,0.6750013898681897,0.3880597014925373
14,1,0.652,0.8332760722135283,0.26666666666666666
14,1,0.9748333333333332,0.8963145562205233,0.54
14,1,0.9085,0.7566527840855835,0.5185185185185185
14,1,0.36939999999999995,0.007927903362480773,0.4805194805194805
14,1,0.8895,0.7466784855220998,0.46774193548387094
14,1,0.8707999999999999,0.751184294054457,0.3472222222222222
14,1,0.7755,0.5505670041734406,0.5507246376811594
14,1,0.8787999999999999,0.8060193415453857,0.3333333333333333
14,1,0.7948,0.4416041347853398,0.4583333333333333
14,1,0.8015,0.40990137781997665,0.3225806451612903
14,1,0.7577999999999999,0.6023752225921553,0.4583333333333333
14,1,0.98,0.903169088294664,0.59375
14,1,0.927,0.647516592978326,0.5967741935483871
14,1,0.9296666666666668,0.642001182519986,0.5833333333333334
14,0,0.35033333333333333,0.01084307485721848,0.375
14,1,0.94,0.9030156535602906,0.40384615384615385
14,1,0.9158333333333333,0.7664603495937293,0.3695652173913043
14,0,0.258,0.00014145373962340762,0.20930232558139536
14,0,0.064,0.012572382646931293,0.6395348837209303
14,1,0.8425,0.6652112802907902,0.4647887323943662
14,0,0.46622380952380954,0.05039573543791413,0.22641509433962265
14,1,0.8173333333333332,0.6249719612993605,0.3333333333333333
14,0,0.5264,0.0610378890288971,0.7530864197530864
14,1,0.9194,0.7238884344671014,0.7450980392156863
14,1,0.9194,0.7238884344671014,0.7450980392156863
14,1,0.868,0.8547440034603173,0.7142857142857143
14,1,0.842,0.8156237055128902,0.34615384615384615
14,0,0.874,0.46505744984217134,0.43333333333333335
14,1,0.7915,0.5199604657511736,0.6447368421052632
14,1,0.7915,0.5199604657511736,0.6447368421052632
14,1,0.8805,0.7333970738906438,0.6621621621621622
14,1,0.964,0.7760991480113871,0.5531914893617021
14,0,0.632,0.20903009038066658,0.4067796610169492
14,0,0.5705,0.26010276318132564,0.4727272727272727
14,1,0.688,0.40980074983204334,0.5625
14,1,0.398,0.09214577987049237,0.44
14,0,0.3466666666666667,0.5604589397627291,0.6458333333333334
14,1,0.8654,0.8777752555025088,0.2777777777777778
14,1,0.846,0.8642950797261717,0.34375
14,1,0.9656666666666667,0.9090642945173425,0.3333333333333333
14,1,0.908,0.5026407561542535,0.9333333333333333
14,1,0.9393333333333334,0.8093916464196418,0.5853658536585366
14,0,0.186,0.11811171744777539,0.4186046511627907
14,1,0.8706333333333333,0.8334888279183159,0.4626865671641791
14,1,0.9533333333333334,0.7546946679760692,0.5384615384615384
14,1,0.818,0.7186686783132,0.4745762711864407
14,1,0.848,0.7259688752289709,0.5
14,1,0.88,0.9050952509000536,0.42592592592592593
14,1,0.834,0.5369073788814607,0.24324324324324326
14,0,0.595,0.02988455575832687,0.2636363636363636
14,0,0.84,0.0003005205372207436,0.1956521739130435
14,1,0.826,0.5085949160443612,0.4027777777777778
14,0,0.6486333333333332,0.3416136163169579,0.3235294117647059
14,1,0.9165,0.738929543768088,0.4117647058823529
14,1,0.9165,0.738929543768088,0.4117647058823529
14,1,0.92,0.8264779808677765,0.32727272727272727
14,1,0.8566666666666666,0.5641625914271574,0.46511627906976744
14,0,0.7296666666666668,0.5078981631006206,0.2558139534883721
14,1,0.94,0.902358676509665,0.25
14,1,0.998,0.9350731200150277,1.0
14,1,0.7078888888888888,0.3606656677999596,0.425
14,1,0.958,0.8985959550844389,0.4897959183673469
14,1,0.912,0.6798559388573259,0.49056603773584906
14,0,0.5744666666666667,0.03576440702137138,0.26744186046511625
14,0,0.5113333333333334,0.0009143875567397039,0.18888888888888888
14,1,0.8744,0.8354021251653723,0.2413793103448276
14,1,0.9028333333333334,0.7485229808130405,0.3448275862068966
14,0,0.5143333333333334,0.04077379008013998,0.2077922077922078
14,1,0.7322000000000001,0.7746517160323418,0.4230769230769231
14,0,0.0445,0.003723684714658866,0.88
14,1,0.8465,0.7506501000229586,0.4470588235294118
14,0,0.8173333333333334,0.02154397446846,0.46153846153846156
14,1,0.8226190476190476,0.7762275256615382,0.38271604938271603
14,1,0.948,0.7656642307374972,0.4594594594594595
14,1,0.992,0.9047546801793909,0.7368421052631579
14,1,0.8448,0.8460614697716419,0.6779661016949152
14,1,0.7896,0.7296791354949069,0.2911392405063291
14,1,0.934,0.8236935541022476,0.2222222222222222
14,1,0.922,0.7474759607720772,0.24242424242424243
14,0,0.4187333333333333,0.14032196026252347,0.2857142857142857
14,1,0.986,0.8161524748054247,0.4418604651162791
14,1,0.6623333333333332,0.6091402747434449,0.2222222222222222
14,1,0.8963333333333332,0.43972648241124257,0.6363636363636364
14,1,0.8626857142857143,0.7596303066836826,0.43859649122807015
14,1,0.864,0.7810249219676997,0.5949367088607594
14,1,0.8945,0.7780251807155806,0.38181818181818183
14,1,0.6461190476190476,0.09783572155620585,0.15384615384615385
14,0,0.39,0.41930506936289863,0.5161290322580645
15,1,0.846,0.8436502438560867,0.34210526315789475
15,1,0.878,0.8406975416936422,0.30952380952380953
15,1,0.6550000000000001,0.6499714930044561,0.3225806451612903
15,0,0.3977,0.01253871996761828,0.3150684931506849
15,1,0.8867999999999999,0.7676603633276026,0.62
15,1,0.8867999999999999,0.7676603633276026,0.62
15,1,0.948,0.7423020029375599,0.7450980392156863
15,1,0.7848333333333334,0.7478950782354786,0.22807017543859648
15,0,0.034,0.07840498644481073,0.72
15,1,0.9463333333333334,0.8555118865175767,0.5333333333333333
15,1,0.809,0.7227551868319715,0.21428571428571427
15,1,0.9126666666666666,0.7984995519382082,0.38333333333333336
15,1,0.8307857142857142,0.8622442830379343,0.37777777777777777
15,0,0.195,0.02611256192597555,0.625
15,0,0.16686666666666666,0.04112521650499161,0.5494505494505495
15,1,0.568,0.4994924981592629,0.3333333333333333
15,1,0.6217999999999999,0.7976448567449603,0.32
15,1,0.7139666666666666,0.798632998042372,0.40816326530612246
15,1,0.6782999999999999,0.7996175262442362,0.33962264150943394
15,1,0.742,0.8626003082021585,0.3142857142857143
15,1,0.7453,0.8010693426746652,0.30612244897959184
15,1,0.8503999999999999,0.5763367106365148,0.34
15,1,0.8866666666666666,0.8243453516607222,0.6785714285714286
15,1,0.8512000000000001,0.4136056999468784,0.6379310344827587
15,1,0.953,0.744989885942582,0.6166666666666667
15,1,0.936,0.7715120216969232,0.6607142857142857
15,1,0.898,0.7463452793356256,0.6610169491525424
15,1,0.894,0.6071531683194408,0.6491228070175439
15,0,0.2043333333333333,0.03415953615340387,0.6206896551724138
15,1,0.8388,0.8061096837715752,0.44
15,1,0.862,0.573926534619807,0.45588235294117646
15,1,0.95,0.7977992983554761,0.6481481481481481
15,1,0.95,0.7977992983554761,0.6481481481481481
15,1,0.934,0.898151922931597,0.4915254237288136
15,1,0.964,0.8001767908005839,0.6666666666666666
15,1,0.808,0.6842242753373989,0.4745762711864407
15,1,0.952,0.8825133640364575,0.46774193548387094
15,1,0.6798761904761904,0.8245086469600206,0.34615384615384615
15,1,0.7906666666666666,0.701665925982042,0.3829787234042553
15,1,0.947,0.6239064382152675,0.5531914893617021
15,1,0.8516666666666668,0.6583775400522058,0.2714285714285714
15,0,0.41973333333333335,0.03084564556273141,0.20192307692307693
15,0,0.058444444444444445,0.21200327456929619,0.6164383561643836
15,1,0.914,0.7514849215984308,0.717391304347826
15,1,0.9024,0.7185649607825544,0.48936170212765956
15,1,0.564,0.44756058921583286,0.3076923076923077
15,1,0.5635333333333333,0.45967261797671755,0.20833333333333334
15,0,0.4010714285714286,0.5675276625013732,0.5384615384615384
15,0,0.824,0.5108923593575125,0.2682926829268293
15,0,0.81075,0.3263468279220519,0.25882352941176473
15,0,0.824,0.5108923593575125,0.2682926829268293
15,0,0.8,0.3234496103721451,0.2558139534883721
15,0,0.8,0.3234496103721451,0.2558139534883721
15,1,0.823,0.6958885094397875,0.2911392405063291
15,1,0.823,0.6958885094397875,0.2911392405063291
15,1,0.799,0.7620481778038158,0.3382352941176471
15,1,0.8923333333333334,0.7728031206266301,0.5
15,1,0.912,0.7712073034945929,0.5094339622641509
15,1,0.766,0.5789886852326827,0.19718309859154928
15,1,0.916,0.644352716045535,0.4714285714285714
15,1,0.8913333333333334,0.7719639393987123,0.46774193548387094
15,1,0.7166666666666668,0.5842193414229295,0.23529411764705882
15,1,0.8223761904761905,0.844035230837396,0.2647058823529412
15,0,0.11,0.016831137334123617,0.7692307692307693
15,1,0.3962333333333334,0.4218062364867635,0.3902439024390244
15,1,0.7505000000000002,0.7558025126821386,0.2153846153846154
15,1,0.904,0.6675780822619791,0.49056603773584906
15,1,0.7772523809523809,0.650416120649498,0.37209302325581395
15,0,0.2895,4.491578868701448e-09,0.41621621621621624
15,1,0.8553333333333333,0.7728810572247288,0.265625
15,1,0.798,0.6286715945339115,0.2926829268292683
15,1,0.8,0.6938404480130008,0.33962264150943394
15,1,0.852,0.8039780292508084,0.3023255813953488
15,1,0.808,0.2888278173069572,0.2909090909090909
15,1,0.862,0.8870555977597465,0.5789473684210527
15,0,0.7784,0.7169092365174112,0.3023255813953488
15,0,0.7784,0.7169092365174112,0.3023255813953488
15,0,0.7784,0.7169092365174112,0.3023255813953488
15,1,0.882,0.8171684769500094,0.25862068965517243
15,1,0.4585,0.4549778813560786,0.4852941176470588
15,1,0.83,0.7004447738109287,0.25862068965517243
15,1,0.753,0.7985509822879249,0.25862068965517243
15,1,0.9298333333333333,0.7689475770645297,0.6296296296296297
15,1,0.912,0.6956406876045282,0.6458333333333334
15,1,0.745,0.7527909639810458,0.2753623188405797
15,0,0.494,0.7614580614677897,0.6041666666666666
15,1,0.7525,0.8706263188411314,0.7017543859649122
15,1,0.934,0.88279695512397,0.4339622641509434
15,1,0.8972857142857142,0.8053140545632768,0.32142857142857145
15,1,0.812,0.7723282084229096,0.27692307692307694
15,1,0.79,0.6507100468351037,0.2786885245901639
15,1,0.812,0.7723282084229096,0.27692307692307694
15,1,0.812,0.7723282084229096,0.27692307692307694
15,1,0.79,0.6507100468351037,0.2786885245901639
15,1,0.8373333333333333,0.756221459021297,0.4838709677419355
15,0,0.7603333333333334,0.7311489999557746,0.40789473684210525
15,1,0.7603333333333334,0.7311489999557746,0.40789473684210525
15,1,0.992,0.8992624619573976,0.6842105263157895
15,1,0.89,0.8597030751846677,0.4418604651162791
15,1,0.992,0.8992624619573976,0.6842105263157895
15,1,0.964,0.8678596093510638,0.3958333333333333
15,1,0.984,0.8305758157906573,0.6052631578947368
15,1,0.7425,0.8375379508142193,0.6896551724137931
15,1,0.5775,0.7023502582337712,0.6231884057971014
15,0,0.09,0.2843774655867375,0.625
15,0,0.034,0.19730004020288633,0.5625
15,1,0.838,0.6868826414196832,0.5774647887323944
15,0,0.7584999999999998,0.002578723657478435,0.19767441860465115
15,1,0.966,0.7438914376333925,0.8461538461538461
15,1,0.886,0.759587422176968,0.45161290322580644
15,0,0.886,0.759587422176968,0.45161290322580644
15,0,0.133,0.11406000097336405,0.47
15,0,0.123,0.027188124820473995,0.6145833333333334
15,1,0.7813333333333332,0.5768624369552363,0.425
15,1,0.6549333333333334,0.572525313480929,0.3018867924528302
15,1,0.9147333333333333,0.8799352169193893,0.5660377358490566
15,1,0.234,0.0001967161969574564,0.24786324786324787
15,0,0.8845,0.8465012736703715,0.423728813559322
15,1,0.8503333333333334,0.42272356941177947,0.6923076923076923
15,1,0.8172333333333334,0.3449504213409569,0.6617647058823529
15,1,0.8627857142857144,0.7414420760478891,0.25862068965517243
15,1,0.907,0.8460802065220605,0.3392857142857143
15,1,0.7031190476190476,0.4266649306397147,0.2
15,1,0.8655,0.7971261395829241,0.5869565217391305
15,1,0.58,0.7116210936248241,0.18181818181818182
15,1,0.7251666666666666,0.7157573461863541,0.29310344827586204
15,0,0.054,0.002783576280464981,0.5164835164835165
15,1,0.8635,0.5696262378412964,0.46511627906976744
15,0,0.6633333333333332,0.6683223570956615,0.453125
15,0,0.5795904761904761,0.39977199972083033,0.5
15,1,0.866,0.5846635451941764,0.6842105263157895
15,1,0.9,0.5882537173027663,0.6962025316455697
15,1,0.823,0.6632847615484435,0.6309523809523809
15,0,0.094,0.22499105078705228,0.5072463768115942
15,0,0.5965,0.6867708342262796,0.6231884057971014
15,1,0.7451666666666668,0.8272945041641581,0.7241379310344828
15,1,0.778,0.5011313194358518,0.30612244897959184
15,1,0.82,0.8095712762838062,0.25
15,1,0.772,0.8128412874767785,0.2972972972972973
15,0,0.4148,0.7561361243604755,0.6458333333333334
15,1,0.812,0.33298188774396226,0.3968253968253968
15,0,0.194,0.3893556685668857,0.66
15,1,0.8951999999999999,0.887723577724515,0.10810810810810811
15,1,0.978,0.7935186173582037,0.5652173913043478
15,1,0.972,0.8928744642781734,0.3611111111111111
15,1,0.8181523809523809,0.7905163798465511,0.37209302325581395
15,1,0.888,0.7012093851276192,0.23255813953488372
15,1,0.92,0.807973273518998,0.56
15,1,0.966,0.8124410691352472,0.6666666666666666
15,1,0.946,0.8091799210029939,0.58
15,1,0.942,0.8067209512468851,0.5272727272727272
15,0,0.7173333333333333,0.44797789567033675,0.2682926829268293
15,1,0.862,0.7513735740710467,0.32941176470588235
15,0,0.064,0.04219166476263691,0.6836734693877551
15,1,0.7562857142857142,0.7213642957604726,0.3050847457627119
15,1,0.8795,0.5482176999183023,0.5294117647058824
15,1,0.9236666666666667,0.6019725248850332,0.4666666666666667
15,1,0.8198714285714284,0.9035344598820615,0.44642857142857145
15,0,0.6484,0.6110024429997525,0.28125
15,0,0.6894666666666667,0.8483558768467419,0.29411764705882354
15,1,0.7166666666666667,0.5666504597768734,0.6507936507936508
15,0,0.4715,0.14123557810719398,0.23170731707317074
15,0,0.47128571428571425,0.11612652803885985,0.2125
15,0,0.5292857142857142,0.22829053271615485,0.1927710843373494
15,0,0.5022857142857142,0.07735563045166664,0.1919191919191919
15,1,0.9113333333333333,0.7876748687507398,0.410958904109589
15,1,0.882,0.823062694852512,0.45652173913043476
15,0,0.5878142857142858,0.599612246198668,0.25
15,1,0.904,0.6803574428191618,0.4696969696969697
15,1,0.965,0.7562663531406095,0.6792452830188679
15,1,0.987,0.8067550157204174,0.625
15,1,0.987,0.8067550157204174,0.625
15,1,0.956,0.7844655659910411,0.5254237288135594
15,1,0.979,0.8108108947351398,0.6451612903225806
15,1,0.88,0.8272998091300139,0.5806451612903226
15,1,0.75,0.752742491385992,0.5
15,1,0.9241666666666666,0.8965447421266486,0.6666666666666666
15,1,0.8458333333333333,0.8754285022425842,0.3
15,0,0.654,0.6365419748332004,0.3875
15,0,0.5664,0.47670036592684306,0.379746835443038
15,0,0.5724,0.6365419748332004,0.38961038961038963
15,1,0.7414,0.8230319212349989,0.6923076923076923
15,1,0.8248333333333334,0.7967393864787625,0.6545454545454545
15,1,0.906,0.8635224158429755,0.72
15,0,0.7301666666666666,0.5714930626244435,0.559322033898305
15,0,0.598,0.47670036592684306,0.3780487804878049
15,0,0.6426666666666666,0.6710633336715924,0.3918918918918919
15,0,0.5619000000000001,0.6089763731139771,0.38461538461538464
15,0,0.5624,0.5320130302253522,0.38461538461538464
15,1,0.826,0.7977308281301434,0.6428571428571429
15,1,0.8288333333333334,0.7987186555500283,0.6101694915254238
15,0,0.5989,0.6803799098440272,0.5652173913043478
15,0,0.6464,0.681458966842343,0.559322033898305
15,0,0.5844,0.6779904402131333,0.38961038961038963
15,0,0.6544,0.6777467401474526,0.3815789473684211
15,1,0.97,0.8514167652499925,0.36666666666666664
15,1,0.4473333333333333,0.7698659706732753,0.410958904109589
15,1,0.9378333333333334,0.7949758700185401,0.7222222222222222
15,1,0.9843999999999999,0.7826105116736183,0.71875
15,1,0.6888380952380954,0.7815111429474554,0.26
15,1,0.868,0.4419723593486954,0.3409090909090909
15,1,0.9065,0.6337518125286044,0.6333333333333333
15,1,0.78,0.7011992470848403,0.55
15,1,0.78,0.6366018178370859,0.358974358974359
15,1,0.835,0.521391503397718,0.1891891891891892
15,1,0.958,0.8998196993093864,0.38596491228070173
15,1,0.864,0.8076866999503592,0.328125
15,1,0.8576666666666666,0.8229496472203742,0.3181818181818182
15,1,0.8592000000000001,0.5869720508147778,0.68
15,1,0.8432000000000001,0.5921341466532944,0.620253164556962
15,1,0.6757000000000001,0.4704982840012685,0.2826086956521739
15,0,0.43339999999999995,0.5285402644679074,0.43209876543209874
15,0,0.43339999999999995,0.5285402644679074,0.43209876543209874
15,1,0.842,0.877119211047949,0.2857142857142857
15,1,0.5466666666666666,0.7876457393007876,0.18666666666666668
15,1,0.912,0.4521727958630205,0.7857142857142857
15,1,0.92,0.7591278959728175,0.6727272727272727
15,1,0.92,0.7591278959728175,0.6727272727272727
15,1,0.924,0.844879438081984,0.41379310344827586
15,1,0.23963333333333334,0.6148418203166109,0.6595744680851063
15,1,0.888,0.8154128412785059,0.34615384615384615
15,0,0.8708333333333333,0.7334441494835605,0.453125
15,0,0.091,0.0358168434029633,0.7040816326530612
15,1,0.7058333333333333,0.39243741739261295,0.5064935064935064
15,1,0.623,0.6253187809351569,0.23423423423423423
15,1,0.4736666666666666,0.6288731626151001,0.22727272727272727
15,1,0.786,0.8021270556077519,0.3125
15,1,0.875,0.6460459747992051,0.32857142857142857
15,1,0.8665714285714285,0.806473225906203,0.3333333333333333
15,1,0.832,0.8111794886454621,0.2054794520547945
15,0,0.036,0.030032463532645232,0.7857142857142857
15,0,0.094,0.5746995194129851,0.5483870967741935
15,0,0.042,0.09935176413811601,0.5789473684210527
15,1,0.65,0.5091548748515774,0.4166666666666667
15,1,0.77,0.15382238098435685,0.7777777777777778
15,0,0.4893333333333334,0.38969651953666834,0.2571428571428571
15,1,0.934,0.7158020022492516,0.55
15,1,0.713,0.5961132042339226,0.2765957446808511
15,0,0.1695,0.14502061146424988,0.3382352941176471
15,1,0.872,0.31653520752768255,0.6741573033707865
15,0,0.6413333333333334,0.26662881587420195,0.2289156626506024
15,1,0.8622857142857143,0.7016576892366253,0.3333333333333333
15,1,0.8,0.4858107973473275,0.23255813953488372
15,0,0.144,0.07574898591669532,0.6
15,0,0.126,0.07511666743554692,0.6330275229357798
15,1,0.944,0.896209572029594,0.3584905660377358
15,1,0.7266666666666667,0.7043471738448609,0.3382352941176471
15,1,0.894,0.6981799122045805,0.5106382978723404
15,1,0.968,0.8012187801410773,0.9148936170212766
15,1,0.974,0.7992579168108177,0.6862745098039216
15,1,0.932,0.6478241346782229,0.6981132075471698
15,0,0.7575,0.40359053795111083,0.27906976744186046
15,1,0.937,0.5717138111372007,0.4838709677419355
15,1,0.917,0.23843707149943916,0.32075471698113206
15,1,0.937,0.5717138111372007,0.4838709677419355
15,1,0.794,0.6744313798640139,0.352112676056338
15,1,0.925,0.8659682091393859,0.2978723404255319
15,1,0.891,0.8994326681423445,0.3611111111111111
15,0,0.198,0.00014115057594725483,0.3176470588235294
15,0,0.2,8.781497581319961e-05,0.3333333333333333
15,1,0.7384761904761905,0.6463203504408953,0.3246753246753247
15,1,0.994,0.8809182298200304,0.59375
15,1,0.422,0.7573084178720895,0.42857142857142855
15,1,0.992,0.8321462111175306,0.7380952380952381
15,1,0.98,0.8329883427229026,0.6595744680851063
15,1,0.8395,0.8827260095321516,0.1111111111111111
15,1,0.982,0.8887519156202219,1.0
15,0,0.028,0.10802337042330536,0.7294117647058823
15,1,0.92,0.48644108072464937,0.967741935483871
15,1,0.88,0.6315705847549692,0.4318181818181818
15,0,0.5533333333333333,0.27085294402912474,0.4117647058823529
15,1,0.932,0.6142981897052572,0.7966101694915254
15,0,0.532,0.10134054497915412,0.2077922077922078
15,1,0.998,0.8031858839556306,0.9375
15,1,0.996,0.8315825518475163,0.8076923076923077
15,0,0.5446666666666667,0.1549970210019302,0.2077922077922078
15,0,0.6238333333333334,0.1043124810455458,0.44
15,0,0.204,0.1293265155098592,0.5633802816901409
15,0,0.272,0.057952304076704,0.4444444444444444
15,0,0.306,0.0351795245921298,0.5061728395061729
15,0,0.301,0.15538950125617373,0.48148148148148145
15,0,0.23366666666666666,0.010690209994699587,0.5121951219512195
15,1,0.82,0.6296155468363996,0.14893617021276595
15,1,0.6160000000000001,0.7980155431338747,0.2857142857142857
15,1,0.723,0.5556760342991457,0.2631578947368421
15,1,0.7630000000000001,0.7341392237249669,0.2826086956521739
15,1,0.676,0.6806314975717421,0.2465753424657534
15,1,0.952,0.8071807758022944,0.5111111111111111
15,1,0.888,0.8306620997760653,0.375
15,1,0.9261333333333335,0.8222231794711671,0.43478260869565216
15,1,0.913,0.8821608807977037,0.4489795918367347
15,1,0.9032857142857142,0.8043506666275891,0.35294117647058826
15,1,0.913,0.8821608807977037,0.4489795918367347
15,1,0.9032857142857142,0.8043506666275891,0.35294117647058826
15,1,0.602,0.2648598147083007,0.39759036144578314
15,0,0.3747,0.09057072353374138,0.26506024096385544
15,1,0.74,0.2856787856252155,0.4
15,1,0.776,0.7845496755419952,0.20930232558139536
15,1,0.4025,0.0564635332351204,0.2876712328767123
15,1,0.564,0.2205202176544216,0.4426229508196721
15,1,0.6345,0.11250505107587039,0.46153846153846156
15,1,0.7808333333333333,0.5882539974480078,0.36585365853658536
15,1,0.896,0.8492793109919946,0.5319148936170213
15,1,0.878,0.8610739891537674,0.5102040816326531
15,1,0.7833333333333332,0.6028515912352316,0.3815789473684211
15,1,0.8890666666666666,0.8746878202723265,0.2909090909090909
15,1,0.676,0.297947456746097,0.27450980392156865
15,1,0.785,0.6399182733431554,0.1891891891891892
15,1,0.763,0.5016562071811419,0.35135135135135137
15,1,0.926,0.905788757463181,0.09523809523809523
15,1,0.722,0.7162984358191969,0.2222222222222222
15,1,0.72,0.794469787722173,0.1388888888888889
15,1,0.956,0.8924426162473013,0.13043478260869565
15,1,0.8085,0.8998543744479393,0.13157894736842105
15,1,0.6704904761904762,0.6036531077718823,0.2222222222222222
15,1,0.878,0.8905531362381125,0.2857142857142857
15,1,0.846,0.7817433612453561,0.24242424242424243
15,1,0.738,0.6132292969235978,0.2978723404255319
15,1,0.884,0.8947834474395447,0.13793103448275862
15,1,0.918,0.8946363084981381,0.08571428571428572
15,1,0.918,0.8946363084981381,0.08571428571428572
15,1,0.8053333333333332,0.7847497055041938,0.2631578947368421
15,1,0.8966666666666666,0.8325496528178226,0.21052631578947367
15,1,0.934,0.8157568372116375,0.17857142857142858
15,1,0.914,0.5256651838680538,0.2
15,1,0.822,0.48520485071773606,0.3076923076923077
15,1,0.796,0.6722361745158959,0.32432432432432434
15,1,0.836,0.8111173584914245,0.18181818181818182
15,1,0.8690666666666667,0.7950157729650588,0.15555555555555556
15,1,0.92,0.8949331265630045,0.14814814814814814
15,1,0.931,0.6668008279126838,0.39285714285714285
15,1,0.83,0.714376773505295,0.2571428571428571
15,1,0.754,0.7705569626013561,0.25396825396825395
15,1,0.6424999999999998,0.5231464166963177,0.21621621621621623
15,1,0.9466666666666667,0.8722676662034518,0.12
15,1,0.778,0.6100966001430164,0.1935483870967742
15,1,0.768,0.34347732684292676,0.39473684210526316
15,0,0.762,0.21681401284573512,0.1590909090909091
15,1,0.966,0.8908100339118767,0.17647058823529413
15,1,0.97,0.888099567799804,0.047619047619047616
15,1,0.8396666666666667,0.7898015870820583,0.18181818181818182
15,0,0.8125,0.23871289886081967,0.14705882352941177
15,1,0.7445,0.5678234597955579,0.3333333333333333
15,1,0.932,0.4840269042361753,0.25
15,1,0.8893333333333333,0.502456180988351,0.34210526315789475
15,1,0.805,0.7896347906264652,0.21875
15,1,0.83,0.8961648003996062,0.25
15,0,0.7338333333333333,0.47447855548871076,0.3333333333333333
15,0,0.7318666666666666,0.3364736536610466,0.1794871794871795
15,0,0.7486666666666666,0.702902747437936,0.3157894736842105
15,1,0.81,0.8120552123257901,0.2
15,1,0.793,0.6449346602147203,0.17073170731707318
15,1,0.8845,0.8811410698465293,0.11904761904761904
15,1,0.706,0.41484879482550235,0.30612244897959184
15,1,0.7365,0.7313824247140668,0.24242424242424243
15,1,0.47163333333333335,0.18540948140496427,0.24074074074074073
15,1,0.838,0.3566192934658547,0.25925925925925924
15,1,0.786,0.7238747276659621,0.275
15,1,0.7186666666666667,0.6481072037149722,0.5277777777777778
15,0,0.694,0.06941961872264243,0.2
15,1,0.815,0.34552471859924316,0.375
15,1,0.6485,0.45036193935547153,0.1956521739130435
15,1,0.846,0.8837560303312678,0.14545454545454545
15,1,0.8213333333333332,0.5676457319782411,0.27906976744186046
15,0,0.657,0.6784344123820976,0.16666666666666666
15,1,0.7445,0.41556893197012645,0.3125
15,1,0.938,0.8938916298112719,0.10810810810810811
15,1,0.89,0.8952130416693819,0.2
15,1,0.92,0.8949331265630045,0.14814814814814814
15,1,0.7868666666666666,0.7862717687040537,0.2222222222222222
15,1,0.9,0.8905531362381125,0.16666666666666666
15,1,0.8226666666666667,0.6406608816637387,0.3125
15,1,0.86,0.8911495002689295,0.26666666666666666
15,1,0.92,0.8905531362381125,0.23076923076923078
15,1,0.754,0.34211027268762934,0.3333333333333333
15,1,0.95,0.898184577103672,0.11538461538461539
15,1,0.762,0.21180421542879063,0.34146341463414637
15,1,0.7524666666666667,0.49686784726294214,0.25
15,1,0.6635,0.24072577267942863,0.28
15,1,0.896,0.8549931513016092,0.2692307692307692
15,1,0.956,0.8924426162473013,0.13043478260869565
15,1,0.952,0.8732756358744782,0.18518518518518517
15,1,0.9466666666666667,0.8722676662034518,0.12
15,1,0.8235,0.8822912383621001,0.11363636363636363
15,1,0.734,0.8840851519374511,0.13043478260869565
15,1,0.6498333333333334,0.5191893935742177,0.25
15,1,0.7,0.7175431433048514,0.20689655172413793
15,1,0.7161666666666667,0.5270274709683527,0.23684210526315788
15,1,0.8559,0.7837063663141268,0.2
15,1,0.924,0.8774830306142302,0.16363636363636364
15,1,0.91,0.9008438366008873,0.10256410256410256
15,1,0.954,0.8908646401922911,0.24242424242424243
15,1,0.958,0.8902669076622381,0.2413793103448276
15,1,0.934,0.889004489529531,0.1
15,1,0.89,0.7868144859528677,0.2692307692307692
15,1,0.867,0.7123874071112368,0.23809523809523808
15,1,0.788,0.7112105352999116,0.2777777777777778
15,1,0.8905,0.8822912383621001,0.11363636363636363
15,1,0.806,0.7106076972014772,0.2571428571428571
15,1,0.8475,0.8809338589223749,0.13333333333333333
15,1,0.908,0.7406671903913755,0.08888888888888889
15,1,0.675,0.4891012681775616,0.43243243243243246
15,1,0.958,0.8896663068181065,0.20689655172413793
15,1,0.838,0.7847442039261803,0.1935483870967742
15,1,0.9378333333333333,0.8542310984907692,0.23809523809523808
15,0,0.6305714285714286,0.0005862567135557946,0.28888888888888886
16,0,0.214,0.10887611369285637,0.6944444444444444
16,0,0.814,0.8546261456736958,0.5531914893617021
16,1,0.7716000000000001,0.8516791914516002,0.2413793103448276
16,1,0.5972380952380952,0.8449698237065817,0.32
16,1,0.6618880952380951,0.8443460190814037,0.40816326530612246
16,1,0.6438880952380952,0.8437201686546306,0.33962264150943394
16,1,0.7577,0.8870451276897605,0.3142857142857143
16,1,0.7270666666666667,0.841074374136781,0.3283582089552239
16,1,0.92,0.8816357392995215,0.43636363636363634
16,1,0.946,0.7883350313690787,0.4
16,1,0.8044,0.7573786954650173,0.27692307692307694
16,1,0.7684,0.6095135481309141,0.2786885245901639
16,1,0.8044,0.7573786954650173,0.27692307692307694
16,1,0.8044,0.7573786954650173,0.27692307692307694
16,1,0.7684,0.6095135481309141,0.2786885245901639
16,1,0.834,0.887027968467933,0.2857142857142857
16,1,0.5708333333333333,0.7703789958463851,0.18666666666666668
16,0,0.7019333333333334,0.0016668231228376183,0.19767441860465115
16,1,0.8777333333333334,0.8819217861246597,0.8787878787878788
16,0,0.615,0.06422040677353544,0.2077922077922078
16,1,0.8254285714285714,0.8802875742207001,0.24561403508771928
16,1,0.9356666666666666,0.8877375616683892,0.45098039215686275
16,1,0.946,0.7981454011385632,0.3409090909090909
16,1,0.9707404761904762,0.8920877042563948,0.55
16,0,0.8236190476190476,0.6613179706796377,0.453125
16,1,0.48606666666666665,0.6352740929174546,0.6507936507936508
16,0,0.2809,0.0007907324837939222,0.21678321678321677
16,0,0.044,0.09827026853394859,0.72
16,1,0.7442000000000001,0.7623653340280001,0.24390243902439024
16,1,0.6591,0.7623690797740825,0.24074074074074073
16,1,0.7382000000000001,0.7606422129308025,0.3137254901960784
16,1,0.7382000000000001,0.7597755608774228,0.3076923076923077
16,1,0.7382000000000001,0.7597755608774228,0.3076923076923077
16,0,0.7362000000000001,0.5661472004490452,0.22916666666666666
16,1,0.6807000000000001,0.7602323895493153,0.23636363636363636
16,0,0.7302000000000001,0.5644260890981867,0.22916666666666666
16,0,0.7342000000000001,0.5620870315747888,0.22807017543859648
16,1,0.7172999999999999,0.5851566666647325,0.2631578947368421
16,1,0.7673,0.7706719061250621,0.2826086956521739
16,1,0.2759523809523809,0.01548127798576278,0.4805194805194805
16,0,0.6230500000000001,0.2585958676097716,0.2711864406779661
16,1,0.3764666666666666,5.522588126146774e-05,0.23741007194244604
16,0,0.6381666666666667,0.791944723150555,0.40625
16,1,0.4428,0.35777668369265797,0.2903225806451613
16,0,0.5072666666666666,0.07593831755521303,0.40789473684210525
16,1,0.6459,0.3161471403748159,0.27450980392156865
16,1,0.7607999999999999,0.6311841017257409,0.1794871794871795
16,1,0.7425714285714285,0.5293530664527492,0.35135135135135137
16,1,0.9285,0.8910920529504082,0.09523809523809523
16,1,0.848,0.7978648887105138,0.2222222222222222
16,1,0.818,0.8035673309657194,0.13636363636363635
16,1,0.9705,0.9125971880206929,0.125
16,1,0.8396666666666667,0.9018493144777961,0.13157894736842105
16,1,0.5908,0.6068923899060502,0.2222222222222222
16,1,0.852,0.9165292526004868,0.2857142857142857
16,1,0.944,0.8015199284230267,0.2222222222222222
16,1,0.709,0.5865171719849679,0.2978723404255319
16,1,0.8422,0.9104486447284815,0.13793103448275862
16,1,0.9080666666666666,0.9100191978299658,0.08571428571428572
16,1,0.9080666666666666,0.9100191978299658,0.08571428571428572
16,1,0.7387999999999999,0.8209626962276793,0.21739130434782608
16,1,0.8583333333333334,0.8449880707435892,0.21052631578947367
16,1,0.9365,0.7689481617253128,0.17857142857142858
16,1,0.8998333333333333,0.5509890095104821,0.2
16,1,0.836,0.5579076763405824,0.3076923076923077
16,1,0.8364,0.7539773701990723,0.32432432432432434
16,1,0.7906666666666666,0.8436732543548496,0.18181818181818182
16,1,0.8436666666666667,0.8070976720205469,0.15555555555555556
16,1,0.9565,0.9093080848379166,0.14285714285714285
16,1,0.9007333333333334,0.757502976481526,0.39285714285714285
16,1,0.818,0.7688820273681238,0.23684210526315788
16,1,0.7074857142857143,0.8339850281127896,0.2537313432835821
16,1,0.5285380952380953,0.5889080721214739,0.21621621621621623
16,1,0.9725,0.9066882060017386,0.13333333333333333
16,1,0.8083333333333333,0.6119681829236749,0.1935483870967742
16,1,0.7484,0.45620288926057506,0.39473684210526316
16,0,0.7085,0.20282806715774832,0.1590909090909091
16,1,0.98,0.9147317248775669,0.17647058823529413
16,1,0.99,0.9179317313763381,0.047619047619047616
16,1,0.856,0.8139355210650868,0.18181818181818182
16,0,0.8885,0.22729798458135064,0.14705882352941177
16,1,0.6231666666666668,0.5673418188664486,0.3333333333333333
16,1,0.949,0.5879331707757534,0.25
16,1,0.894,0.530015783704868,0.34210526315789475
16,1,0.7784,0.8155243523716692,0.21875
16,1,0.874,0.8829044218341975,0.18604651162790697
16,0,0.5477380952380951,0.5551489244952382,0.32432432432432434
16,0,0.8,0.2600393354454098,0.1794871794871795
16,0,0.7545,0.6896149459352944,0.25
16,1,0.7670666666666666,0.8430452017265752,0.2
16,1,0.895,0.7527712114781876,0.17073170731707318
16,1,0.8866666666666666,0.8948556756188427,0.11904761904761904
16,1,0.7014,0.4843173921077759,0.30612244897959184
16,1,0.6954190476190477,0.7862912146907094,0.2564102564102564
16,1,0.39053333333333334,0.17727659492112557,0.24074074074074073
16,1,0.84,0.41413173465298564,0.25925925925925924
16,1,0.788,0.7503728007147534,0.275
16,1,0.663,0.7065286001173529,0.23255813953488372
16,0,0.7533333333333333,0.04900104205608988,0.16666666666666666
16,1,0.7845,0.453185705723223,0.375
16,1,0.5560380952380952,0.4048140407466554,0.1956521739130435
16,1,0.8684,0.8911110690894265,0.14545454545454545
16,1,0.804,0.6006567338847337,0.27906976744186046
16,0,0.8715,0.6836743728450201,0.16666666666666666
16,1,0.7151666666666666,0.4824452673011082,0.3125
16,1,0.962,0.9105592730346135,0.16
16,1,0.936,0.9096291425906659,0.2
16,1,0.9565,0.9093080848379166,0.14285714285714285
16,1,0.8128333333333333,0.8191793113863179,0.2222222222222222
16,1,0.952,0.9165292526004868,0.16666666666666666
16,1,0.864,0.6586560511124488,0.3125
16,1,0.884,0.9161648178334993,0.26666666666666666
16,1,0.938,0.9165292526004868,0.23076923076923078
16,1,0.7185714285714285,0.4573417042089243,0.29411764705882354
16,1,0.9596666666666668,0.9052328726334099,0.15789473684210525
16,1,0.7123999999999999,0.09665485918302671,0.34146341463414637
16,1,0.7123999999999999,0.5061069630583045,0.25
16,1,0.5991333333333332,0.29029926634720576,0.28
16,1,0.861,0.8981614173360968,0.2692307692307692
16,1,0.9705,0.9125971880206929,0.125
16,1,0.972,0.9049947151888752,0.18518518518518517
16,1,0.9725,0.9066882060017386,0.13333333333333333
16,1,0.8500666666666666,0.893410524827992,0.14814814814814814
16,1,0.8205,0.8897901012079507,0.19230769230769232
16,1,0.5520380952380951,0.5645246311566344,0.25
16,1,0.79,0.7970970591035118,0.20689655172413793
16,1,0.5314000000000001,0.5849568772462388,0.23684210526315788
16,1,0.936,0.8216724825031461,0.2
16,1,0.9245,0.8999178145311818,0.16363636363636364
16,1,0.9160666666666666,0.9004895981786913,0.13043478260869565
16,1,0.974,0.9167325450233409,0.24242424242424243
16,1,0.976,0.9170947351855924,0.21212121212121213
16,1,0.976,0.9169965682858593,0.1
16,1,0.9223333333333333,0.819560850536881,0.2692307692307692
16,1,0.8864,0.7691575166554434,0.23809523809523808
16,1,0.8182857142857142,0.7700967262200148,0.3055555555555556
16,1,0.8652333333333332,0.893410524827992,0.14814814814814814
16,1,0.8542857142857142,0.771406810866048,0.2857142857142857
16,1,0.8625666666666666,0.8951042607339285,0.25
16,1,0.953,0.8590366156784439,0.08888888888888889
16,1,0.688,0.5538638929284155,0.43243243243243246
16,1,0.972,0.917455491776482,0.17647058823529413
16,1,0.914,0.8209747963914013,0.18181818181818182
16,1,0.9219047619047618,0.8985954513058677,0.23809523809523808
16,1,0.932,0.7783736422102812,0.3191489361702128
16,1,0.7974,0.632097851635667,0.7272727272727273
16,0,0.6734,0.11499588623476878,0.4339622641509434
16,1,0.754,0.8472383142597075,0.7017543859649122
16,1,0.463,0.6457468571604263,0.4810126582278481
16,1,0.4422333333333334,0.641866131698219,0.3855421686746988
16,1,0.6526666666666667,0.7380111407244592,0.3492063492063492
16,1,0.954,0.7650534159489712,0.5555555555555556
16,1,0.854,0.688486059416737,0.3793103448275862
16,0,0.162,0.38304617602704494,0.5846153846153846
16,0,0.077,0.07110166840997316,0.6461538461538462
16,1,0.8405,0.749354166859256,0.5
16,1,0.8868,0.898244770896101,0.35185185185185186
16,1,0.6998333333333334,0.759699335839397,0.3448275862068966
16,1,0.9035666666666667,0.8047497961468267,0.3877551020408163
16,1,0.612,0.627465305643499,0.26
16,1,0.91,0.8062395056448967,0.28888888888888886
16,1,0.8775666666666666,0.7493243154521746,0.5185185185185185
16,1,0.732,0.526234865983865,0.417910447761194
16,1,0.9513333333333334,0.7809543789729496,1.0
16,1,0.8442571428571428,0.29990085126890886,0.2909090909090909
16,1,0.85,0.6337407954400095,0.27058823529411763
16,1,0.934,0.7607086437511731,0.375
16,0,0.4423333333333333,0.0535168278288471,0.26744186046511625
16,0,0.8241428571428571,0.5762790938459508,0.3246753246753247
16,0,0.8364761904761905,0.35207483324051786,0.3125
16,0,0.8241428571428571,0.5762790938459508,0.3246753246753247
16,0,0.8244761904761905,0.3572564434530221,0.30864197530864196
16,0,0.8244761904761905,0.3572564434530221,0.30864197530864196
16,1,0.8411666666666666,0.7677330705766962,0.2911392405063291
16,1,0.8411666666666666,0.7677330705766962,0.2911392405063291
16,0,0.12356666666666667,0.009169122962958035,0.88
16,0,0.8288333333333334,0.8762438882222061,0.35294117647058826
16,0,0.5655999999999999,0.7486248332808821,0.2857142857142857
16,1,0.3279166666666667,0.0019303254760672552,0.24050632911392406
16,0,0.03,0.31527762106049123,0.676923076923077
16,1,0.769,0.7578103265633206,0.34615384615384615
16,1,0.5806666666666668,0.158912054022686,0.4426229508196721
16,1,0.9557404761904762,0.8811594401273438,0.54
16,1,0.8816333333333332,0.722588263042835,0.7547169811320755
16,0,0.8201666666666667,0.5492538257886692,0.18421052631578946
16,1,0.9201666666666666,0.728940170328088,0.49230769230769234
16,1,0.9378333333333333,0.7407294391677328,0.4915254237288136
16,1,0.9384,0.5966177392458603,0.2641509433962264
16,1,0.96,0.8261203511639784,0.7272727272727273
16,1,0.6870857142857142,0.711114534135511,0.2465753424657534
16,1,0.986,0.7388361653236901,0.5652173913043478
16,1,0.724,0.5650100692823965,0.43243243243243246
16,1,0.8273666666666667,0.7418696938182954,0.45
16,1,0.904,0.8777597314326515,0.3584905660377358
16,1,0.6090285714285715,0.6072668224721608,0.42857142857142855
16,1,0.6136952380952381,0.6932192046763905,0.4925373134328358
16,1,0.699,0.7911830559601826,0.7241379310344828
16,1,0.8314166666666667,0.8683810035878369,0.38181818181818183
16,0,0.178,0.23625907577621227,0.4368932038834951
16,0,0.24566666666666667,0.34170862310525313,0.36538461538461536
16,0,0.162,0.10156137445255638,0.4489795918367347
16,1,0.902,0.7569401704009889,0.6842105263157895
16,1,0.979,0.810809293806671,0.5671641791044776
16,1,0.24,0.4575916965391584,0.5333333333333333
16,1,0.8553333333333334,0.6863210084789114,0.6071428571428571
16,1,0.9753333333333334,0.874002432585789,0.7380952380952381
16,1,0.998,0.7312405146215585,0.6792452830188679
16,1,0.9906666666666667,0.6879324454696504,0.639344262295082
16,1,0.996,0.8699468407884337,0.6521739130434783
16,1,0.998,0.7312405146215585,0.6792452830188679
16,1,0.9883333333333334,0.8189170380078717,0.71875
16,1,0.99,0.7907440549900046,0.7333333333333333
16,1,0.9886666666666666,0.8436024262038901,0.578125
16,1,0.996,0.8652860575170628,0.7692307692307693
16,1,1.0,0.7231905340911825,0.9375
16,1,0.9836666666666666,0.8091774279517533,0.6125
16,1,0.996,0.8652860575170628,0.7692307692307693
16,1,0.9386666666666666,0.8674550325952634,0.5
16,1,0.996,0.6889521746607535,0.7818181818181819
16,1,0.9906666666666667,0.6879324454696504,0.639344262295082
16,1,0.96,0.7000568321372587,0.5245901639344263
16,0,0.008,0.34887603231113096,0.7777777777777778
16,0,0.014666666666666666,0.24160313305341874,0.6551724137931034
16,0,0.7798333333333334,0.5038867900452342,0.2558139534883721
16,1,0.8945,0.3348750789953689,0.6949152542372882
16,0,0.38543809523809525,0.007185316241175242,0.288135593220339
16,1,0.7541333333333332,0.8420483937943277,0.23636363636363636
16,1,0.5627857142857143,0.8419082384046146,0.28169014084507044
16,1,0.7309,0.8344856370003503,0.2542372881355932
16,1,0.45053333333333334,0.5533191573983361,0.3333333333333333
16,1,0.926,0.6923061870697403,0.6458333333333334
16,1,0.7331666666666666,0.7050369161513843,0.55
16,1,0.8874,0.7209405182383323,0.38333333333333336
16,1,0.9165,0.8889574902447954,0.3684210526315789
16,0,0.3222857142857143,0.5922125873127302,0.36507936507936506
16,0,0.916,0.49751061990158846,0.43333333333333335
16,1,0.955,0.724939543741479,0.6721311475409836
16,1,0.956,0.8130511771394439,0.44642857142857145
16,1,0.5983333333333334,0.6371984652312161,0.30612244897959184
16,1,0.8344,0.274909320088923,0.6741573033707865
16,1,0.837,0.7074183478322947,0.5
16,1,0.8986,0.713045554196297,0.6153846153846154
16,1,0.992,0.5298828606907549,0.7215189873417721
16,1,0.754,0.7306357000107364,0.49206349206349204
16,1,0.7156190476190476,0.5369170594261331,0.2857142857142857
16,1,0.939,0.6106435248641044,0.5
16,0,0.025,0.16688018294471682,0.6071428571428571
16,1,0.7713000000000001,0.34400447776153814,0.35555555555555557
16,1,0.8187666666666666,0.8693166614577948,0.39473684210526316
16,1,0.739,0.8870759903915872,0.28169014084507044
16,1,0.7100666666666666,0.774884228076807,0.40540540540540543
16,1,0.8683333333333334,0.7497999667547816,0.3541666666666667
16,1,0.8114,0.8721005811764501,0.5
16,1,0.783,0.8794805781238993,0.42857142857142855
16,1,0.7504,0.851219855878269,0.3448275862068966
16,1,0.8935,0.878345211283388,0.3829787234042553
16,1,0.7215333333333332,0.8684814344338657,0.5319148936170213
16,1,0.863,0.8828876875831723,0.5789473684210527
16,1,0.855,0.8819583849758486,0.45652173913043476
16,1,0.784,0.7888510925408638,0.45454545454545453
16,1,0.7100666666666666,0.774884228076807,0.40540540540540543
16,1,0.663,0.775384306027194,0.37209302325581395
16,0,0.843,0.8778274564291323,0.35714285714285715
16,1,0.68025,0.6612357109602729,0.48936170212765956
16,1,0.7279,0.6970852033847502,0.45714285714285713
16,1,0.8187666666666666,0.8693166614577948,0.39473684210526316
16,1,0.7517333333333334,0.6067860832775381,0.3409090909090909
16,1,0.8415333333333332,0.8698651372598359,0.40816326530612246
16,1,0.8635666666666666,0.7720294113334116,0.48484848484848486
16,1,0.9494,0.806122524094321,0.6052631578947368
16,1,0.579,0.49553000967860766,0.5471698113207547
16,1,0.7290000000000001,0.7061853503322134,0.6956521739130435
16,1,0.9082857142857143,0.6945255407237312,0.6
16,0,0.3867333333333333,0.6493204822606972,0.6458333333333334
16,1,0.9218571428571429,0.7439331156952439,0.6727272727272727
16,1,0.9218571428571429,0.7439331156952439,0.6727272727272727
16,0,0.024,0.0897691740570508,0.5616438356164384
16,0,0.1,0.30170621331200564,0.6666666666666666
16,0,0.3103333333333333,0.64617347280965,0.603448275862069
16,1,0.9338833333333333,0.7732863155856082,0.6805555555555556
16,1,0.976,0.7194607504701798,0.6610169491525424
16,1,0.8615166666666666,0.7702096738851189,0.5421686746987951
16,1,0.8651666666666666,0.5618551856336207,0.44776119402985076
16,1,0.846,0.5526434170763392,0.48484848484848486
16,1,0.948,0.5569574224763887,0.6428571428571429
16,1,0.766,0.3859731724155542,0.40625
16,1,0.898,0.49434234325693943,0.7966101694915254
16,1,0.848,0.8264807141825278,0.43243243243243246
16,0,0.016666666666666663,0.24345719689918324,0.6779661016949152
16,1,0.7282380952380951,0.6674195622452969,0.2765957446808511
16,1,0.9499,0.8815007890190121,0.10810810810810811
16,0,0.0165,0.039603865013608464,0.6883116883116883
16,1,0.7406761904761905,0.46828569937363473,0.3614457831325301
16,1,0.7963000000000002,0.8416152073076099,0.2535211267605634
16,1,0.8057523809523809,0.8946676723099221,0.3333333333333333
16,1,0.9519523809523811,0.7828090286368904,0.6551724137931034
16,0,0.6173333333333334,0.12104726725407194,0.7530864197530864
16,1,0.978,0.9158312383678228,0.2
16,1,0.9104,0.7689072774341497,0.775
16,1,0.912,0.8130175750610219,0.4418604651162791
16,1,0.8253,0.45330488335865016,0.45098039215686275
16,1,0.7603,0.5145669741890264,0.3225806451612903
16,1,0.6435333333333333,0.5880495364988745,0.31666666666666665
16,1,0.6680666666666667,0.6789920576459934,0.2545454545454545
16,1,0.6658,0.6494673951730557,0.2545454545454545
16,1,0.6689666666666667,0.6809411927238752,0.2545454545454545
16,1,0.9226666666666666,0.8493426789069349,0.6296296296296297
16,1,0.8411666666666666,0.5731693264285269,0.2
16,1,0.778,0.5630385935073962,0.2631578947368421
16,1,0.8895,0.1608996030783587,0.7910447761194029
16,0,0.012,0.020941354190719626,0.8452380952380952
16,0,0.018,0.01537843486208406,0.7634408602150538
16,1,0.708,0.7668281808018358,0.5
16,1,0.8596,0.8966128452984745,0.6666666666666666
16,1,0.7734,0.747754851044954,0.21428571428571427
16,0,0.4223190476190476,0.6806756029992691,0.6595744680851063
16,1,0.7866666666666667,0.7039420908726521,0.4025974025974026
16,0,0.22490000000000002,0.059075739016517984,0.2900763358778626
16,0,0.2309,0.05975578528784441,0.31451612903225806
16,0,0.6224,0.489742932695806,0.5
16,0,0.056,0.23457059701196478,0.5254237288135594
16,1,0.9040190476190477,0.8464076231074256,0.3770491803278688
16,1,0.839,0.487408702382518,0.582089552238806
16,0,0.87,0.8808661047350599,0.3469387755102041
16,1,0.884,0.8633798877422015,0.3269230769230769
16,1,0.6910499999999999,0.4172605131540591,0.3333333333333333
16,1,0.8755,0.8555035378426936,0.25806451612903225
16,1,0.4965,0.8272451411671939,0.24752475247524752
16,1,0.746,0.5149551166153661,0.3220338983050847
16,1,0.9167666666666665,0.8680270901777424,0.37777777777777777
16,0,0.1689,0.03430080539753755,0.328
16,0,0.01,0.44068082540702413,0.7115384615384616
16,1,0.954,0.7257805482010384,0.7450980392156863
16,1,0.954,0.7257805482010384,0.7450980392156863
16,1,0.884,0.7342189435021788,0.4745762711864407
16,1,0.9124,0.7390077222843926,0.5
16,1,0.6752666666666667,0.7552266490552078,0.40789473684210525
16,1,0.6752666666666667,0.7552266490552078,0.40789473684210525
16,1,0.878,0.8340063315503636,0.26666666666666666
16,1,0.78,0.5943119910083488,0.4262295081967213
16,1,0.8484,0.8073480315333363,0.5362318840579711
16,1,0.9317404761904762,0.7768164413087955,0.5238095238095238
16,1,0.8824,0.8853678228860153,0.25862068965517243
16,1,0.4746666666666666,0.20478023191076053,0.5535714285714286
16,1,0.5227333333333334,0.8520021343698556,0.6833333333333333
16,1,0.6419,0.8541233326359235,0.6101694915254238
16,1,0.6715666666666666,0.8524661619873912,0.39705882352941174
16,1,0.8648333333333332,0.6082628370065898,0.45161290322580644
16,1,0.907,0.8540990238311632,0.21621621621621623
16,0,0.2979666666666667,6.124590657339448e-05,0.1984732824427481
16,1,0.8403333333333334,0.752599065396994,0.36
16,0,0.892,0.7888564289700511,0.4782608695652174
16,0,0.3383333333333334,0.21973347872880178,0.5227272727272727
16,1,0.903,0.7966072604308263,0.3018867924528302
16,1,0.96,0.8867852785114093,0.3953488372093023
16,1,0.96,0.8867852785114093,0.3953488372093023
16,1,0.817,0.7677839762343514,0.22448979591836735
16,0,0.8684,0.5655984382538085,0.40476190476190477
16,1,0.933,0.7404642305995272,0.4722222222222222
16,1,0.9376666666666666,0.8651941396478969,0.40476190476190477
16,0,0.4648333333333334,0.4938511276236096,0.42424242424242425
16,1,0.903,0.7966072604308263,0.3018867924528302
16,1,0.7792380952380953,0.5942286714654279,0.4722222222222222
16,1,0.669,0.6118427730132144,0.5121951219512195
16,1,0.903,0.7966072604308263,0.3018867924528302
16,1,0.96,0.8867852785114093,0.3953488372093023
16,0,0.158,0.42871671737926603,0.66
16,1,0.9626666666666667,0.7559114424436159,0.3541666666666667
16,1,0.8207809523809523,0.5446251468558418,0.2619047619047619
16,1,0.9328333333333334,0.8711099146489764,0.6511627906976745
16,0,0.940952380952381,0.8572672109289181,0.423728813559322
16,1,0.7833333333333333,0.548573405291136,0.40425531914893614
16,0,0.338,0.4268792809934646,0.4666666666666667
16,1,0.9268,0.8470298340116865,0.2830188679245283
16,1,0.9084,0.8595036837248545,0.2545454545454545
16,1,0.8366666666666667,0.5166654535259606,0.417910447761194
16,1,0.956,0.7824850531616552,0.6481481481481481
16,1,0.956,0.7824850531616552,0.6481481481481481
16,1,0.966,0.8936267049611106,0.4915254237288136
16,1,0.9265,0.7794976479609882,0.6666666666666666
16,1,0.7385,0.6427025926969869,0.4745762711864407
16,1,0.955,0.8800783858187063,0.46774193548387094
16,1,0.994,0.8907811593604591,0.5769230769230769
16,1,0.998,0.8934131834417129,0.6341463414634146
16,0,0.6846666666666668,0.2739487942564123,0.38333333333333336
16,0,0.6176666666666667,0.35326252622919885,0.4727272727272727
16,1,0.7276666666666668,0.47537551463856903,0.5625
16,1,0.7211666666666666,0.13647427404221152,0.5652173913043478
16,0,0.6865,0.821645457971873,0.3148148148148148
16,1,0.922,0.7085905023508964,0.7142857142857143
16,0,0.27563333333333334,0.10931953790130304,0.33
16,0,0.8183333333333334,0.2486181365959071,0.29545454545454547
16,1,0.9132333333333332,0.7271685095425173,0.5641025641025641
16,1,0.9414,0.8462661483185081,0.4791666666666667
16,1,0.848952380952381,0.6888495083128807,0.45714285714285713
16,0,0.0,0.40536272754242675,0.7777777777777778
16,1,0.0585,0.020501008452456858,0.8311688311688312
16,0,0.078,0.008943874126591195,0.7692307692307693
16,0,0.12116666666666666,0.019993165805463366,0.6545454545454545
16,0,0.0765,0.014191788556364358,0.7040816326530612
16,0,0.824,0.8415393414908233,0.36585365853658536
16,0,0.499,0.2553160810018907,0.25742574257425743
16,0,0.24633333333333335,0.4495210802764645,0.6491228070175439
16,1,0.6885,0.7838703543735207,0.25862068965517243
16,0,0.2554666666666667,0.010162143544204439,0.5841584158415841
16,1,0.8537714285714286,0.7483523349680438,0.3157894736842105
17,1,0.938,0.8539286628860139,0.6511627906976745
17,1,0.9483095238095238,0.7966865638522492,0.3404255319148936
17,1,0.7923333333333333,0.4488730338276432,0.2
17,0,0.2733333333333334,0.12309072325532293,0.4827586206896552
17,0,0.3976333333333334,0.05814819237771176,0.4444444444444444
17,0,0.35533333333333333,0.03731951895705406,0.39361702127659576
17,0,0.3618,0.16125832734231543,0.425531914893617
17,0,0.2753333333333333,0.011431703049975159,0.3888888888888889
17,1,0.906,0.5552390494487351,0.3888888888888889
17,1,0.8251666666666666,0.2499634351447528,0.3333333333333333
17,1,0.906,0.5552390494487351,0.3888888888888889
17,1,0.894,0.7208617221665434,0.38333333333333336
17,1,0.7503333333333334,0.4535633602839856,0.23255813953488372
17,1,0.924,0.7596014891566613,0.2608695652173913
17,1,0.7400714285714286,0.8754463965290211,0.391304347826087
17,1,0.6302380952380952,0.790327282385713,0.3617021276595745
17,1,0.7400714285714286,0.8754463965290211,0.391304347826087
17,1,0.964,0.8442699272251931,0.5689655172413793
17,1,0.8693333333333334,0.6765532736539679,0.34210526315789475
17,1,0.5214,0.4574876632068145,0.5142857142857142
17,1,0.6066666666666667,0.7034598111259426,0.3611111111111111
17,1,0.42906666666666665,0.06656814065675673,0.33962264150943394
17,1,0.726,0.8652618255698763,0.20930232558139536
17,1,0.234,0.11617767825159113,0.4918032786885246
17,1,0.6066666666666667,0.7034598111259426,0.3611111111111111
17,0,0.21566666666666665,0.05563800084743492,0.33783783783783783
17,0,0.23366666666666666,0.08650949173098414,0.32051282051282054
17,1,0.863,0.5329578532612423,0.8548387096774194
17,1,0.6303333333333333,0.6807501294966883,0.3469387755102041
17,1,0.858,0.6686979916297844,0.32727272727272727
17,1,0.9,0.904880388071063,0.3611111111111111
17,1,0.832,0.7563579544842686,0.45454545454545453
17,1,0.8024,0.8686353124317087,0.3333333333333333
17,0,0.03,0.09121240165331138,0.5301204819277109
17,1,0.806,0.6315853906796237,0.23636363636363636
17,1,0.832,0.6445208392232565,0.32608695652173914
17,1,0.5995,0.6466699599145953,0.17543859649122806
17,1,0.842,0.6612994968103748,0.6081081081081081
17,1,0.408,0.8203549402132425,0.6166666666666667
17,1,0.7705380952380951,0.44279450879078014,0.5733333333333334
17,1,0.778,0.4539857406225925,0.5217391304347826
17,1,0.41733333333333333,0.7684808033056942,0.42857142857142855
17,1,0.5568,0.38545192883333484,0.4444444444444444
17,1,0.466,0.09945177828308616,0.46153846153846156
17,1,0.627452380952381,0.438081333495502,0.4222222222222222
17,0,0.4736666666666666,0.1499736168966321,0.18120805369127516
17,1,0.777,0.6658517922609859,0.3382352941176471
17,1,0.948,0.7582380177739672,0.6153846153846154
17,1,0.7651666666666667,0.7733331521013153,0.4745762711864407
17,1,0.982,0.8410620406561913,0.5849056603773585
17,1,0.83,0.5758144675910868,0.6458333333333334
17,1,0.9546666666666667,0.8386865544059166,0.6101694915254238
17,1,0.792,0.6119953150150766,0.4714285714285714
17,1,0.8402000000000001,0.7092952787742187,0.4393939393939394
17,1,0.968,0.8508748428241716,0.6101694915254238
17,1,0.71,0.6215236831271128,0.4166666666666667
17,1,0.852,0.6302672340696097,0.4264705882352941
17,1,0.7456666666666666,0.6865027466278637,0.31343283582089554
17,1,0.984,0.8396959552952986,0.7272727272727273
17,1,0.784,0.5966349088739443,0.45454545454545453
17,1,0.886,0.7445243166938843,0.6041666666666666
17,1,0.9325333333333333,0.7286920142006306,0.6140350877192983
17,1,0.8617,0.502618181123252,0.5483870967741935
17,1,0.836,0.6958726092852573,0.5294117647058824
17,1,0.834,0.6980235623962879,0.4262295081967213
17,1,0.8228380952380953,0.6982660592612258,0.46153846153846156
17,1,0.9486666666666667,0.8187691934819492,0.6101694915254238
17,1,0.892,0.7565509492242118,0.5918367346938775
17,1,0.816,0.5600513975041118,0.5
17,1,0.972,0.8424204514061967,0.5483870967741935
17,1,0.9285333333333333,0.7266739716211271,0.6481481481481481
17,1,0.824,0.502539230387876,0.453125
17,0,0.025,0.15604041326582022,0.603448275862069
17,1,0.7748666666666667,0.48720525699137546,0.30612244897959184
17,1,0.8403333333333334,0.6853513560936545,0.29411764705882354
17,0,0.05,0.00014220507296426848,0.746268656716418
17,1,0.956,0.8694269803939458,0.4318181818181818
17,0,0.6266666666666666,0.8154555715053601,0.3090909090909091
17,1,0.9224,0.8604094994393733,0.5370370370370371
17,0,0.12066666666666667,0.22199815855417424,0.5846153846153846
17,0,0.082,0.06210399585848374,0.6461538461538462
17,1,0.8711333333333333,0.8980386582266875,0.4222222222222222
17,1,0.922,0.6397597238042052,0.3409090909090909
17,1,0.9133,0.9101161711932176,0.44642857142857145
17,1,0.964,0.7500590531195185,0.5370370370370371
17,1,0.958,0.7437858290595474,0.4
17,1,0.782,0.6942961082686775,0.3050847457627119
17,1,0.863,0.6970324366861368,0.3333333333333333
17,1,0.5411190476190476,0.113969313080197,0.2903225806451613
17,1,0.5292857142857142,0.11156563861990713,0.28
17,0,0.49119999999999997,0.09499605351397335,0.265625
17,1,0.5032,0.1936958100753295,0.2698412698412698
17,1,0.5758,0.13767850135546272,0.25
17,1,0.5277999999999999,0.06521428877701113,0.23863636363636365
17,1,0.5032,0.1936958100753295,0.2698412698412698
17,1,0.5882000000000001,0.560481133155721,0.28888888888888886
17,0,0.8818282051282051,0.8916626056980582,0.43333333333333335
17,0,0.8493666666666667,0.7335670245958509,0.4225352112676056
17,1,0.9615,0.6992623957948476,0.5967741935483871
17,1,0.9614,0.7125972467913089,0.5833333333333334
17,0,0.546,0.5720969157724219,0.2777777777777778
17,1,0.8165999999999999,0.6275662775791295,0.5918367346938775
17,1,0.856,0.7545601515118043,0.3442622950819672
17,1,0.808,0.747017783212309,0.3684210526315789
17,1,0.806,0.7362860020402963,0.34545454545454546
17,1,0.856,0.6872539241731729,0.35135135135135137
17,1,0.842,0.7424686491886692,0.38235294117647056
17,1,0.8623999999999999,0.6774476416484868,0.2127659574468085
17,0,0.092,0.4153616276011982,0.5671641791044776
17,1,0.5815380952380953,0.3720852824117227,0.24324324324324326
17,1,0.844,0.45934452412444304,0.4716981132075472
17,1,0.8723333333333334,0.6518598126741247,0.41818181818181815
17,0,0.26707142857142857,0.0022515406019094075,0.18128654970760233
17,1,0.9,0.8173782384940717,0.4375
17,1,0.906,0.7963652580702903,0.5238095238095238
17,1,0.888,0.3521316189885145,0.6949152542372882
17,1,0.9503333333333333,0.7173580666680851,0.6166666666666667
17,1,0.93,0.7522259883571716,0.6607142857142857
17,1,0.858,0.7090567258333943,0.6610169491525424
17,1,0.864,0.560228540804784,0.6491228070175439
17,1,0.8803333333333334,0.7959575152456032,0.3333333333333333
17,1,0.9726666666666667,0.8083791725824507,0.71875
17,0,0.016666666666666663,0.2875167145007479,0.676923076923077
17,1,0.7765714285714287,0.7303369764265815,0.3466666666666667
17,0,0.794,0.46568813978560525,0.1794871794871795
17,1,0.908,0.7697703320523248,0.5789473684210527
17,1,0.908,0.7697703320523248,0.5789473684210527
17,1,0.878,0.8607933934811542,0.2857142857142857
17,1,0.608,0.8630736680850882,0.18666666666666668
17,1,0.9025,0.8904937489502444,0.28125
17,1,0.8986666666666666,0.788371558902096,0.4117647058823529
17,1,0.8986666666666666,0.788371558902096,0.4117647058823529
17,1,0.932,0.8115768908653679,0.42
17,1,0.8706666666666667,0.8416018220717171,0.24096385542168675
17,1,0.906,0.8051167204639625,0.5714285714285714
17,1,0.967,0.7920933256067583,0.6862745098039216
17,1,0.872,0.6380277632617277,0.41935483870967744
17,1,0.8806666666666666,0.6608495192065968,0.5263157894736842
17,1,0.7873333333333332,0.5982357228884145,0.2916666666666667
17,1,0.876,0.6083883506436223,0.38461538461538464
17,1,0.916,0.8148667671765354,0.38461538461538464
17,1,0.7328,0.6875062881268654,0.3484848484848485
17,1,0.9586666666666667,0.8497992799249932,0.7272727272727273
17,1,0.948,0.8510945345174783,0.576271186440678
17,1,0.952,0.8448649250124313,0.41379310344827586
17,1,0.9163333333333333,0.7287792255392408,0.36363636363636365
17,1,0.6918,0.661100524375076,0.3225806451612903
17,1,0.5599380952380952,0.5106334297591492,0.2608695652173913
17,0,0.8315238095238096,0.6757617613476835,0.32653061224489793
17,0,0.19266666666666668,0.07484324650233362,0.5384615384615384
17,1,0.909,0.8033415874024715,0.5079365079365079
17,1,0.946,0.8031946955497913,0.5357142857142857
17,1,0.8613333333333334,0.8160407348850426,0.2826086956521739
17,1,0.8070666666666666,0.8661150172701789,0.45161290322580644
17,1,0.948,0.7761268513633343,0.5306122448979592
17,0,0.5343666666666667,0.03044950237650724,0.2125984251968504
17,0,0.678,0.7974180949409839,0.2727272727272727
17,1,0.922,0.822625542401985,0.6
17,1,0.918,0.6374904791160703,0.5094339622641509
17,1,0.898,0.8113926438921611,0.5517241379310345
17,1,0.9445,0.8138085876410035,0.5882352941176471
17,1,0.9205,0.8511626995561983,0.6153846153846154
17,1,0.7613333333333333,0.7501654553333365,0.53125
17,1,0.706,0.722295529937882,0.4
17,1,0.953,0.8756185592315586,0.42857142857142855
17,1,0.6953333333333335,0.7858544456654275,0.4
17,0,0.012,0.027481374864672295,0.6461538461538462
17,0,0.002,0.2332718434115514,0.7627118644067796
17,0,0.028,0.4836038399180777,0.6285714285714286
17,0,0.008,0.4132314647599718,0.6981132075471698
17,0,0.008,0.16711447337833718,0.65
17,0,0.084,0.08766309027815522,0.5757575757575758
17,0,0.01,0.388523496117435,0.65
17,0,0.02,0.019737910359078147,0.5316455696202531
17,0,0.02,0.29909069814550565,0.6666666666666666
17,0,0.034,0.4281062761087075,0.5625
17,0,0.008,0.42578545846647387,0.7115384615384616
17,0,0.018,0.20852251339595465,0.7777777777777778
17,0,0.63,0.4814821768522364,0.5
17,0,0.45466666666666666,0.4079206082009681,0.6153846153846154
17,1,0.972,0.8976776505201444,0.391304347826087
17,0,0.972,0.8976776505201444,0.391304347826087
17,1,0.872,0.8331397200181153,0.5692307692307692
17,1,0.876,0.7621715191947936,0.45098039215686275
17,1,0.876,0.7621715191947936,0.45098039215686275
17,1,0.6866666666666666,0.59414668875637,0.7272727272727273
17,1,0.807,0.8150952716100281,0.35714285714285715
17,1,0.896,0.8051867114713072,0.45454545454545453
17,1,0.8558,0.7778544566983188,0.44
17,1,0.791,0.7802392928650604,0.2727272727272727
17,1,0.795,0.7773916396319114,0.2972972972972973
17,1,0.8485833333333332,0.61607585978685,0.3972602739726027
17,1,0.9268,0.8143432017233899,0.45454545454545453
17,0,0.5985,0.2957238617584985,0.22018348623853212
17,0,0.454,0.5639010750554944,0.5333333333333333
17,0,0.454,0.5639010750554944,0.5333333333333333
17,1,0.748,0.7104029044951989,0.2894736842105263
17,1,0.937,0.7136464301632881,0.48936170212765956
17,1,0.6389615384615385,0.7664200953639477,0.34545454545454546
17,0,0.8376666666666668,0.5470245080719515,0.2839506172839506
17,0,0.7893333333333332,0.33642341883051863,0.2891566265060241
17,0,0.8376666666666668,0.5470245080719515,0.2839506172839506
17,0,0.7936666666666667,0.3363529198956057,0.2857142857142857
17,0,0.7936666666666667,0.3363529198956057,0.2857142857142857
17,1,0.7926666666666667,0.7391755340211373,0.2911392405063291
17,1,0.7926666666666667,0.7391755340211373,0.2911392405063291
17,0,0.515,0.40916102996158216,0.45901639344262296
17,0,0.43639999999999995,0.6566017312859281,0.6607142857142857
17,1,0.852,0.49014231421984256,0.582089552238806
17,1,0.6494380952380953,0.354670901529725,0.24615384615384617
17,1,0.7470714285714286,0.41386844248412585,0.24615384615384617
17,1,0.7081999999999998,0.5284020180563707,0.23728813559322035
17,1,0.7780000000000001,0.690968053694761,0.26666666666666666
17,1,0.8136666666666668,0.739362321633866,0.3333333333333333
17,1,0.8066666666666668,0.6035968926824521,0.5507246376811594
17,1,0.7980000000000002,0.8165652194773775,0.3333333333333333
17,1,0.8056666666666666,0.5186419433908002,0.4583333333333333
17,1,0.7823333333333333,0.5342645036280892,0.3225806451612903
17,1,0.7443333333333333,0.6471623037988112,0.3466666666666667
17,1,0.854,0.7791707635534866,0.3023255813953488
17,0,0.6231666666666666,0.817127656429417,0.21333333333333335
17,0,0.815,0.47230870192193447,0.6833333333333333
17,1,0.7,0.7220753587314892,0.21428571428571427
17,0,0.858,0.8443684480023139,0.352112676056338
17,1,0.858,0.8443684480023139,0.352112676056338
17,1,0.8966666666666666,0.7964972784664092,0.4588235294117647
17,1,0.6156666666666666,0.7795325639943443,0.25609756097560976
17,1,0.902,0.8332808224231621,0.37777777777777777
17,1,0.8993333333333333,0.7348692821671843,0.5666666666666667
17,1,0.978,0.5557331233627486,0.8732394366197183
17,1,0.7126666666666667,0.7167395930172059,0.3090909090909091
17,1,0.8832333333333333,0.5581669388684708,0.4935064935064935
17,1,0.7713333333333332,0.7934193266626012,0.36363636363636365
17,1,0.872,0.8429166906329841,0.38181818181818183
17,1,0.955,0.8049372838924861,0.6530612244897959
17,1,0.912,0.7045513958173029,0.45161290322580644
17,1,0.912,0.7045513958173029,0.45161290322580644
17,1,0.9805,0.8282741715289272,0.6111111111111112
17,1,0.903,0.8689620358173147,0.4117647058823529
17,1,0.992,0.8981824436899317,0.6842105263157895
17,1,0.864,0.8702310062236991,0.5106382978723404
17,1,0.992,0.8981824436899317,0.6842105263157895
17,1,0.942,0.8635174585315879,0.3958333333333333
17,1,0.97,0.8255039912579943,0.6052631578947368
17,0,0.4246666666666667,0.5056113289349888,0.4647887323943662
17,0,0.4823333333333333,0.30268712013090776,0.3888888888888889
17,0,0.34406666666666674,0.48777165737748157,0.6727272727272727
17,1,0.8587333333333333,0.7494645630604931,0.5633802816901409
17,1,0.8587333333333333,0.7494645630604931,0.5633802816901409
17,0,0.092,0.3980999247293846,0.5483870967741935
17,0,0.072,0.0911631795957687,0.55
17,1,0.658,0.5993559216091413,0.2222222222222222
17,1,0.929,0.6816249395221232,0.47692307692307695
17,1,0.6806666666666666,0.1375405137593426,0.15384615384615385
17,0,0.39,0.454956567199651,0.5161290322580645
17,1,0.966,0.7254234659738003,0.5166666666666667
17,1,0.976,0.7380328952342537,0.4492753623188406
17,0,0.6050666666666666,0.1686621089957917,0.4810126582278481
17,0,0.3918285714285714,0.07701664797098322,0.40789473684210525
17,0,0.016,0.2311692372224086,0.5606060606060606
17,1,0.5101333333333333,0.7842414012568854,0.2857142857142857
17,1,0.012,0.03086653793412841,0.863013698630137
17,1,0.7104047619047619,0.42534611730140826,0.296875
17,1,0.6826666666666666,0.7707320188064976,0.25
17,0,0.108,0.2011974752591074,0.6125
17,0,0.18,0.17178458500336985,0.6352941176470588
17,0,0.1605,0.03942917522302238,0.6395348837209303
17,0,0.178,0.2530778598288074,0.5555555555555556
17,1,0.634,0.5528647553141551,0.42857142857142855
17,1,0.612,0.6516755316608827,0.4925373134328358
17,1,0.133,0.09614104420870315,0.627906976744186
17,0,0.0885,0.14523195009112,0.6428571428571429
17,0,0.068,0.07279432643456132,0.6363636363636364
17,0,0.038,0.08703936623295,0.6125
17,0,0.032,0.15033196694083784,0.72
17,0,0.036,0.05889613581370434,0.6265060240963856
17,0,0.164,0.12034528643983976,0.6506024096385542
17,1,0.948,0.8545640624205024,0.55
17,1,0.896,0.8227495921386141,0.2631578947368421
17,1,0.811,0.8141679393855794,0.5106382978723404
17,1,0.722,0.7621082073581767,0.34615384615384615
17,1,0.8453333333333334,0.695658173215634,0.53125
17,1,0.8453333333333334,0.695658173215634,0.53125
17,1,0.6879571428571429,0.5324969940563083,0.4666666666666667
17,0,0.15,0.2012239430378355,0.7123287671232876
17,0,0.006,0.09580732925096562,0.6883116883116883
17,0,0.689,0.5288943626614669,0.26666666666666666
17,1,0.5491666666666667,0.4513661026420249,0.29545454545454547
17,0,0.8315,0.7085476056726132,0.4032258064516129
17,0,0.7741666666666668,0.4485080502865243,0.3787878787878788
17,1,0.8962,0.7129750894895605,0.4057971014492754
17,1,0.886,0.8469522230001296,0.58
17,1,0.7724,0.7092444901319082,0.49056603773584906
17,0,0.702,0.5175942924760921,0.3018867924528302
17,0,0.7326380952380953,0.692706939672538,0.32653061224489793
17,0,0.784,0.5074764367538473,0.3148148148148148
17,1,0.7815,0.04902517840481212,0.559322033898305
17,1,0.9843333333333334,0.8552026951920867,0.62
17,1,0.9446666666666667,0.7600411648852241,0.44642857142857145
17,0,0.938,0.8646291725578689,0.3728813559322034
17,1,0.954,0.8387635728310817,0.35714285714285715
17,1,0.8946666666666666,0.8584159852357488,0.3770491803278688
17,1,0.795,0.46843203799559824,0.671875
17,1,0.779,0.436116957028947,0.6417910447761194
17,1,0.894,0.8993728408754504,0.43902439024390244
17,1,0.88,0.8924256886290933,0.5094339622641509
17,1,0.98,0.8080347843056744,0.4418604651162791
17,1,0.926,0.6690822200981299,0.5142857142857142
17,1,0.825,0.6204162662205824,0.5405405405405406
17,1,0.872,0.6787899795464896,0.5897435897435898
17,1,0.89,0.79097570542293,0.5
17,0,0.022,0.43221874405819294,0.7777777777777778
17,1,0.978,0.5008585885225797,0.7966101694915254
17,1,0.8296999999999999,0.8275358046330455,0.5507246376811594
17,1,0.8010714285714285,0.7380847505184378,0.3541666666666667
17,1,0.8010714285714285,0.7380847505184378,0.3541666666666667
17,1,0.6015,0.4250192260740297,0.2571428571428571
17,1,0.86,0.8782532714409748,0.3
17,1,0.634,0.5336309589736343,0.4222222222222222
17,1,0.982,0.9029907872442219,0.55
17,0,0.5749999999999998,0.620960307583737,0.25882352941176473
17,1,0.922,0.6982429931994162,0.5961538461538461
17,1,0.984,0.8669197063495283,0.7380952380952381
17,1,0.891,0.49735360620455027,0.34782608695652173
17,1,0.98,0.7038785732234101,0.5
17,0,0.586,0.7042155847573601,0.3125
17,1,0.9126666666666665,0.657225431727438,0.42857142857142855
17,1,0.851,0.700113015411729,0.32
17,1,0.8715714285714284,0.7932090825074374,0.45454545454545453
17,1,0.76,0.8928603426187156,0.34615384615384615
17,1,0.8017000000000001,0.6876257654091844,0.3076923076923077
17,1,0.888,0.8221377501670102,0.3888888888888889
17,1,0.9,0.8351962532163404,0.6785714285714286
17,1,0.894,0.8343039524473026,0.6296296296296297
17,1,0.932,0.8606994740159908,0.4
17,1,0.7426333333333334,0.4043898206733158,0.32926829268292684
17,1,0.96,0.8906911874453609,0.5535714285714286
17,1,0.9342857142857144,0.9089544683838068,0.6271186440677966
17,1,0.938,0.875337642944821,0.42857142857142855
17,1,0.952,0.8418789532125047,0.5692307692307692
17,0,0.5886666666666668,0.6355135094011828,0.6041666666666666
17,1,0.973,0.7301500922264738,0.5490196078431373
17,1,0.854,0.703562014093492,0.40425531914893614
17,1,0.856,0.7102215916023578,0.6153846153846154
17,1,0.832,0.573973298905339,0.68
17,1,0.834,0.5993884735962851,0.620253164556962
17,0,0.6512,0.6931628469449573,0.3023255813953488
17,0,0.6512,0.6931628469449573,0.3023255813953488
17,0,0.6512,0.6931628469449573,0.3023255813953488
17,1,0.9426666666666667,0.8135135672316687,0.5853658536585366
17,0,0.4288,8.053047811767955e-07,0.28888888888888886
17,0,0.038,0.0388533568940233,0.6886792452830188
17,1,0.8583999999999999,0.8526289967474235,0.35714285714285715
17,1,0.916,0.8682410355449561,0.38181818181818183
17,1,0.8966666666666667,0.7468124825610057,0.32727272727272727
17,1,0.928,0.6692625280376576,0.4838709677419355
17,1,0.823,0.6753430841583827,0.3620689655172414
17,1,0.811,0.7208848002622578,0.3333333333333333
17,0,0.4514666666666666,0.6599507797908867,0.6231884057971014
17,1,0.7667999999999999,0.8222264016488904,0.7241379310344828
17,1,0.7776666666666667,0.7207519491632096,0.44594594594594594
17,1,0.746,0.67633955768328,0.42168674698795183
17,1,0.8953333333333334,0.7804472746486796,0.48484848484848486
17,1,0.8191666666666667,0.7817887646132355,0.3333333333333333
17,1,0.9035,0.7470023535616345,0.49333333333333335
17,0,0.21766666666666665,0.1378239516956226,0.3382352941176471
17,1,0.912,0.7869071426900445,0.45714285714285713
17,1,0.859,0.830352963808629,0.2830188679245283
17,1,0.834,0.8570798939350747,0.2545454545454545
17,0,0.116,0.2874821057202964,0.5945945945945946
17,0,0.7484,0.8256739464708962,0.43548387096774194
17,1,0.7135714285714285,0.6272188967902153,0.40816326530612246
17,1,0.734,0.4862994067003969,0.7941176470588235
17,1,0.773,0.48248698033331894,0.3333333333333333
17,1,0.8415714285714285,0.610206619568261,0.5
17,1,0.784,0.4926049183531727,0.7419354838709677
17,1,0.803,0.47618943395145746,0.5945945945945946
17,1,0.7763333333333333,0.48034602118298014,0.3023255813953488
17,1,0.712,0.47618943395145746,0.475
17,1,0.821,0.47618943395145746,0.38095238095238093
17,1,0.7034,0.47833528118043933,0.28888888888888886
17,1,0.851,0.4563817506207063,0.4
17,1,0.567,0.47238338241484185,0.5151515151515151
17,1,0.685,0.27138939147420743,0.36363636363636365
17,1,0.8083333333333333,0.4862994067003969,0.3181818181818182
17,1,0.7706666666666667,0.19747375596386416,0.3333333333333333
17,1,0.326,0.48248698033331894,0.7333333333333333
17,1,0.811,0.4660989375817315,0.5135135135135135
17,1,0.875,0.46396550276299436,0.34210526315789475
17,1,0.9651333333333333,0.05357876649620353,0.7971014492753623
17,1,0.97,0.6524662465592981,0.5535714285714286
17,1,0.982,0.8350033365591976,0.5614035087719298
17,1,0.7794666666666668,0.7400073157355418,0.4393939393939394
17,1,0.8406666666666668,0.78391659114549,0.328125
17,1,0.948,0.7876299179512695,0.775
17,1,0.792,0.5919394905380844,0.2857142857142857
17,1,0.724,0.79074514690429,0.45588235294117646
17,1,0.7211666666666667,0.8340278647501549,0.34615384615384615
17,1,0.642,0.8600031572783077,0.35294117647058826
17,0,0.792,0.49174737739940394,0.2727272727272727
17,1,0.8338333333333334,0.9134620796221935,0.5681818181818182
17,0,0.073,0.00028299594843897793,0.45
17,1,0.967,0.759006100971904,0.6458333333333334
17,1,0.7512047619047619,0.7658618595394509,0.4230769230769231
17,1,0.842,0.5487904192432407,0.3333333333333333
17,1,0.9725,0.7800758406144485,0.8035714285714286
18,1,0.5968666666666665,0.25672345368747196,0.27450980392156865
18,1,0.7326666666666666,0.6023854272269582,0.1794871794871795
18,1,0.698,0.468581038801844,0.35135135135135137
18,1,0.934,0.8816404780559246,0.09523809523809523
18,1,0.852,0.6814497621589332,0.2222222222222222
18,1,0.756,0.7370166885873274,0.1388888888888889
18,1,0.96,0.8892613279009424,0.13043478260869565
18,1,0.8893333333333334,0.8891669247474823,0.13157894736842105
18,1,0.5906666666666668,0.6171987510071647,0.2222222222222222
18,1,0.93,0.9064151175591124,0.2857142857142857
18,1,0.828,0.7276948863457958,0.2413793103448276
18,1,0.7153333333333333,0.6036976287751628,0.2978723404255319
18,1,0.8428333333333333,0.9011190101436227,0.13793103448275862
18,1,0.9344,0.8940915779506635,0.08571428571428572
18,1,0.9344,0.8940915779506635,0.08571428571428572
18,1,0.7546666666666667,0.7739691844682364,0.2631578947368421
18,1,0.8246666666666667,0.8413432614187555,0.21052631578947367
18,1,0.9086666666666666,0.7580624440679008,0.17857142857142858
18,1,0.8246666666666667,0.5248331949393513,0.23255813953488372
18,1,0.808,0.4921976695453991,0.3076923076923077
18,1,0.798,0.7087951378279922,0.32432432432432434
18,1,0.765,0.7810882495156881,0.18181818181818182
18,1,0.8576666666666666,0.7867383569155724,0.15555555555555556
18,1,0.936,0.8906851227325728,0.14814814814814814
18,1,0.892,0.6658794875336582,0.39285714285714285
18,1,0.818,0.7640783555301477,0.2571428571428571
18,1,0.6955,0.8068653535493968,0.2537313432835821
18,1,0.6216666666666667,0.5254473187539712,0.21621621621621623
18,1,0.9646666666666667,0.8760169258576234,0.13333333333333333
18,1,0.766,0.12423816045360529,0.1935483870967742
18,1,0.73,0.3788674381199615,0.39473684210526316
18,0,0.7186666666666668,0.19244483002658255,0.1590909090909091
18,1,0.972,0.8892362287616886,0.17647058823529413
18,1,0.974,0.8868321643538942,0.047619047619047616
18,1,0.8313333333333334,0.7761468758212016,0.18181818181818182
18,0,0.852,0.17485242918352176,0.14705882352941177
18,1,0.6361333333333333,0.5480533876837372,0.3333333333333333
18,1,0.9,0.4708532757588474,0.25
18,1,0.84,0.4877388294266195,0.34210526315789475
18,1,0.7630666666666666,0.791044059340127,0.21875
18,1,0.882,0.8875011174967292,0.25
18,0,0.661,0.5336522933569612,0.32432432432432434
18,0,0.7514666666666666,0.26924066107008404,0.1794871794871795
18,0,0.7646666666666666,0.49416815431998057,0.3157894736842105
18,1,0.733,0.7895270236612076,0.2
18,1,0.904,0.5782462155636487,0.17073170731707318
18,1,0.896,0.8750851883459371,0.11904761904761904
18,1,0.696,0.46870198111699224,0.30612244897959184
18,1,0.6682999999999999,0.771073821221964,0.2564102564102564
18,1,0.45,0.1551420989643859,0.24074074074074073
18,1,0.832,0.3439751364859988,0.25925925925925924
18,1,0.774,0.7147880301511427,0.275
18,1,0.7112857142857142,0.635634716675759,0.5277777777777778
18,0,0.6934666666666666,0.03916566116614315,0.2
18,1,0.788,0.38437234222109123,0.375
18,1,0.5568000000000001,0.40258941975593976,0.1956521739130435
18,1,0.934,0.8764021545574633,0.14545454545454545
18,1,0.774,0.5423888864876346,0.27906976744186046
18,0,0.839,0.4572219720994057,0.16666666666666666
18,1,0.688,0.4619779054548375,0.3125
18,1,0.956,0.8883473021633137,0.16
18,1,0.9626666666666667,0.8987389490312679,0.2
18,1,0.936,0.8906851227325728,0.14814814814814814
18,1,0.8074666666666666,0.7780752794541136,0.21428571428571427
18,1,0.974,0.9064151175591124,0.16666666666666666
18,1,0.8666666666666667,0.6668437820604419,0.3125
18,1,0.94,0.9105758050388474,0.26666666666666666
18,1,0.942,0.9064151175591124,0.23076923076923078
18,1,0.744,0.36702311608902116,0.3333333333333333
18,1,0.9246666666666666,0.8979175309453475,0.15789473684210525
18,1,0.7386666666666666,0.1653719928660729,0.34146341463414637
18,1,0.7666666666666667,0.46868322489030184,0.25
18,1,0.5238666666666667,0.20883596685800693,0.28
18,1,0.8646666666666667,0.8566206667217799,0.2692307692307692
18,1,0.96,0.8892613279009424,0.13043478260869565
18,1,0.976,0.8702278452024143,0.18518518518518517
18,1,0.9646666666666667,0.8760169258576234,0.13333333333333333
18,1,0.888,0.8776624541608443,0.14814814814814814
18,1,0.8433333333333334,0.8671513330919379,0.19230769230769232
18,1,0.6396666666666667,0.5218535851070616,0.25
18,1,0.802,0.6922159719920186,0.20689655172413793
18,1,0.5989333333333334,0.546657458661883,0.23684210526315788
18,1,0.877,0.7651455595787796,0.18181818181818182
18,1,0.924,0.8747802888263563,0.16363636363636364
18,1,0.954,0.8914896800470756,0.13043478260869565
18,1,0.97,0.9127285916002597,0.24242424242424243
18,1,0.972,0.9086580203059025,0.23333333333333334
18,1,0.972,0.889087924689552,0.1
18,1,0.912,0.7910019309721776,0.2692307692307692
18,1,0.862,0.738214838782,0.23809523809523808
18,1,0.7706666666666666,0.7307180667960386,0.3055555555555556
18,1,0.902,0.8776624541608443,0.14814814814814814
18,1,0.8041666666666666,0.7359451200623465,0.2857142857142857
18,1,0.899,0.8745187068172846,0.25
18,1,0.906,0.7536971890932892,0.08888888888888889
18,1,0.656,0.5134438689774765,0.43243243243243246
18,1,0.966,0.9044174694193782,0.20689655172413793
18,1,0.84,0.7740211012376977,0.1935483870967742
18,1,0.9006666666666667,0.8503621217098846,0.23809523809523808
18,0,0.496,0.18563791029111948,0.5111111111111111
18,0,0.6286666666666667,0.18782915845523648,0.3148148148148148
18,0,0.48646666666666666,0.19892975264228938,0.46938775510204084
18,0,0.5995,0.2974430695427988,0.4423076923076923
18,0,0.5996333333333334,0.3121395853301679,0.3770491803278688
18,1,0.9713333333333334,0.8941480143130927,0.5535714285714286
18,1,0.948,0.9143370339518012,0.6271186440677966
18,1,0.9293333333333333,0.8726396672594843,0.42857142857142855
18,1,0.9254,0.832285026951155,0.5692307692307692
18,0,0.012,0.2638542415711491,0.5797101449275363
18,1,0.855,0.2794427711473874,0.6619718309859155
18,1,0.9171666666666666,0.8381572065224425,0.43636363636363634
18,1,0.8126666666666666,0.7643779570452399,0.4166666666666667
18,1,0.92,0.8952911576631566,0.5116279069767442
18,0,0.275,0.0010183629312632274,0.20930232558139536
18,1,0.8811666666666668,0.5257083968756139,0.5211267605633803
18,0,0.18780000000000002,0.03418435938842923,0.33783783783783783
18,0,0.2258666666666667,0.07251897447757052,0.32051282051282054
18,0,0.6733333333333332,0.3513790392734128,0.26666666666666666
18,1,0.8466666666666667,0.8904973567638126,0.27586206896551724
18,1,0.8357,0.719964745202524,0.2804878048780488
18,1,0.8105,0.46882845721666083,0.4583333333333333
18,1,0.6862857142857144,0.07378124873399984,0.18604651162790697
18,1,0.723,0.8114594852624952,0.3
18,1,0.597,0.5768535987849709,0.43333333333333335
18,1,0.7906666666666666,0.4103716011426045,0.5466666666666666
18,1,0.8055714285714286,0.8540023543656885,0.4375
18,1,0.9146666666666666,0.8111037594198222,0.39215686274509803
18,1,0.798,0.8994488432832447,0.34615384615384615
18,1,0.8276666666666667,0.6364150009920976,0.3076923076923077
18,1,0.912,0.8436013701156266,0.3888888888888889
18,1,0.9312333333333334,0.7721468421793076,0.47368421052631576
18,1,0.932,0.7382417500825804,0.48936170212765956
18,1,0.5404,0.02393935030725243,0.375
18,0,0.0245,0.31736953774165716,0.603448275862069
18,1,0.8345,0.5186064971271219,0.6363636363636364
18,1,0.886,0.5060245337318917,0.3333333333333333
18,1,0.916,0.8270223453717216,0.2631578947368421
18,1,0.902,0.7717655308165191,0.6666666666666666
18,0,0.3466666666666666,0.23612448372497286,0.26865671641791045
18,1,0.8642714285714285,0.8217376970392454,0.6190476190476191
18,0,0.5845,0.6880472570090942,0.625
18,0,0.6401,0.7957807402436915,0.43333333333333335
18,0,0.5285,0.6799276624689795,0.5769230769230769
18,0,0.214,0.024426223830700783,0.31007751937984496
18,0,0.224,0.016935609299834297,0.2898550724637681
18,1,0.768,0.5066433019910472,0.4666666666666667
18,1,0.7360714285714286,0.45705830735389624,0.2391304347826087
18,1,0.35200000000000004,0.0030127383760434456,0.20270270270270271
18,1,0.9630714285714286,0.7297507535759021,0.5116279069767442
18,0,0.31533333333333335,0.038833749517861386,0.2037037037037037
18,0,0.6671666666666668,0.7356750648067092,0.41379310344827586
18,0,0.41,0.3383762357999185,0.66
18,1,0.8388,0.6121353318171877,0.3382352941176471
18,1,0.8666666666666667,0.7677681261181306,0.5
18,1,0.906,0.763582866959967,0.5094339622641509
18,1,0.912,0.5834156960564508,0.46774193548387094
18,1,0.8446666666666668,0.8802740694617418,0.2463768115942029
18,1,0.9419,0.8657752734382171,0.45098039215686275
18,1,0.939,0.7825521015106068,0.5142857142857142
18,1,0.99,0.7814524740630597,0.9375
18,1,0.9842857142857143,0.522098109792115,0.8076923076923077
18,0,0.305,0.3862680283127541,0.7
18,0,0.7114,0.8925916887691058,0.2857142857142857
18,1,0.7114,0.8925916887691058,0.2857142857142857
18,0,0.6847333333333332,0.886054680979901,0.29411764705882354
18,0,0.39100476190476186,0.0470455321925527,0.6575342465753424
18,1,0.8746666666666667,0.45933621053238194,0.35384615384615387
18,1,0.8703333333333333,0.7032948602660308,0.4098360655737705
18,0,0.4622,0.0049710812584723265,0.23308270676691728
18,1,0.902,0.3615026212030143,0.6949152542372882
18,1,0.9655,0.8005056300067531,0.2222222222222222
18,1,0.9665,0.667409652603158,0.21568627450980393
18,1,0.9213333333333332,0.8515464603490172,0.37777777777777777
18,1,0.8378,0.7469805734231728,0.4375
18,0,0.5585,0.37436137984082835,0.24390243902439024
18,0,0.3893333333333333,0.016795943745144645,0.6842105263157895
18,0,0.10933333333333334,7.45552342837499e-05,0.5060240963855421
18,1,0.14366666666666666,2.5191111343922685e-05,0.421875
18,0,0.158,0.00016723787191916524,0.6222222222222222
18,0,0.1633333333333333,3.3841555184696756e-05,0.5454545454545454
18,0,0.16099999999999998,0.00014468679026754066,0.3380281690140845
18,0,0.122,0.000153696392582784,0.7209302325581395
18,0,0.1505,0.0038956943969620304,0.5441176470588235
18,0,0.182,0.00038416580360968434,0.5306122448979592
18,0,0.18466666666666665,3.557862701519482e-05,0.4426229508196721
18,0,0.176,0.0009598948188028077,0.4807692307692308
18,0,0.8107333333333333,0.7385498630569229,0.43661971830985913
18,1,0.9105,0.7922790877575958,0.5079365079365079
18,1,0.9215,0.7985328666930089,0.5357142857142857
18,0,0.246,0.1850346375226653,0.3442622950819672
18,0,0.2988,0.23039061753444887,0.28125
18,0,0.218,0.08819000538987601,0.2975206611570248
18,1,0.8938333333333334,0.7927561029827661,0.5555555555555556
18,0,0.4369095238095238,0.23928708008254032,0.47
18,1,0.7846666666666667,0.9103368204129182,0.4186046511627907
18,1,0.6984,0.7693717884536752,0.28888888888888886
18,1,0.9341333333333334,0.7684187541660124,0.6307692307692307
18,1,0.948,0.753564027002746,0.6666666666666666
18,1,0.9477,0.6632312939481817,0.7692307692307693
18,1,0.782,0.42953917782559137,0.8048780487804879
18,1,0.5164666666666667,0.47242859837715945,0.6781609195402298
18,1,0.6996666666666667,0.4890102933329844,0.6373626373626373
18,1,0.9473333333333332,0.8787396066017216,0.3469387755102041
18,1,0.912,0.8490898321464079,0.45
18,1,0.84325,0.6277790745861829,0.5166666666666667
18,1,0.5765666666666666,0.6680477776167708,0.2465753424657534
18,1,0.89,0.8252069276385426,0.6226415094339622
18,1,0.942,0.8314245484059551,0.6296296296296297
18,1,0.8785,0.5866076372972514,0.2549019607843137
18,1,0.7309,0.3314284540575841,0.24615384615384617
18,1,0.7278333333333333,0.36323196606990366,0.23684210526315788
18,1,0.7302047619047619,0.4938179829455882,0.23728813559322035
18,1,0.9645,0.6847722713540129,0.6896551724137931
18,1,0.898,0.6841668251769238,0.6101694915254238
18,0,0.21466666666666664,0.12824472609442736,0.5846153846153846
18,0,0.05,0.04608307763741207,0.6461538461538462
18,1,0.912,0.4744411747076693,0.6438356164383562
18,1,0.95,0.47156917301435536,0.6756756756756757
18,1,0.974,0.7365205631042578,0.5818181818181818
18,1,0.926,0.8609056256255471,0.5925925925925926
18,1,0.936,0.8689910617998496,0.6666666666666666
18,1,0.912,0.7316445640007053,0.6071428571428571
18,1,0.9130666666666666,0.4290875517403425,0.532258064516129
18,1,0.926,0.8609056256255471,0.5925925925925926
18,1,0.9328,0.7203164547876125,0.5344827586206896
18,1,0.5905,0.30967644174737574,0.20930232558139536
18,1,0.868,0.6850978120422317,0.21875
18,0,0.15066666666666667,0.08822829054705728,0.625
18,0,0.06,0.12849733020633242,0.5625
18,1,0.5589,0.7181464433029083,0.29850746268656714
18,1,0.856,0.8262894651110326,0.34210526315789475
18,1,0.8986666666666666,0.8113289011263235,0.30952380952380953
18,1,0.7135,0.7045804153105554,0.5862068965517241
18,1,0.9656666666666668,0.858050713921192,0.4
18,1,0.9673333333333333,0.7881062541170613,0.625
18,1,0.9673333333333333,0.7881062541170613,0.625
18,1,0.9203333333333332,0.7600073212413295,0.5254237288135594
18,1,0.977,0.7905058285134825,0.559322033898305
18,1,0.954,0.7839084987551562,0.5806451612903226
18,1,0.982,0.49400684988229276,0.8732394366197183
18,1,0.7096666666666667,0.4131857514638553,0.5952380952380952
18,1,0.9035,0.6165689603526138,0.5679012345679012
18,1,0.739,0.4225594471272199,0.6617647058823529
18,1,0.916,0.5102849336803582,0.7066666666666667
18,1,0.7316666666666666,0.4011037120449278,0.6268656716417911
18,1,0.984,0.4815006762035243,0.8450704225352113
18,1,0.9025,0.7946334584610779,0.5679012345679012
18,1,0.717,0.38918596869535227,0.6428571428571429
18,1,0.739,0.3983391738729314,0.6818181818181818
18,1,0.942,0.5343756572924631,0.6741573033707865
18,1,0.8146666666666668,0.4498433947396727,0.5268817204301075
18,1,0.9125,0.7984883844839388,0.5679012345679012
18,1,0.934,0.4843777203592115,0.684931506849315
18,1,0.974,0.38920826491278543,0.7746478873239436
18,1,0.7710666666666666,0.8199879194774202,0.4393939393939394
18,1,0.7710666666666666,0.8199879194774202,0.4393939393939394
18,1,0.9364,0.5054770096304816,0.6578947368421053
18,0,0.8880666666666667,0.7709489579798837,0.31645569620253167
18,0,0.0815,0.009262254261181588,0.7738095238095238
18,1,0.52,0.24881635108148206,0.2619047619047619
18,1,0.9194857142857141,0.8116595982281131,0.4791666666666667
18,1,0.7646666666666667,0.5000584635595761,0.2972972972972973
18,1,0.9097333333333333,0.767969351708183,0.5892857142857143
18,1,0.7313,0.032423395931407854,0.559322033898305
18,1,0.8280666666666666,0.912441951728685,0.2698412698412698
18,1,0.85,0.7844693029445199,0.40425531914893614
18,1,0.9388,0.7994555896382062,0.7222222222222222
18,1,0.969,0.6487596325548252,0.9347826086956522
18,0,0.6487714285714284,0.20696982056265265,0.2727272727272727
18,1,0.709,0.7233259637892928,0.2558139534883721
18,1,0.62,0.6733147343053851,0.3148148148148148
18,1,0.9606666666666668,0.7568748643164582,0.6458333333333334
18,1,0.7495,0.8118024755546212,0.45588235294117646
18,1,0.562,0.13176964969031113,0.4426229508196721
18,1,0.7906666666666666,0.7961204613898135,0.3611111111111111
18,1,0.936,0.9015603941390665,0.7368421052631579
18,1,0.667,0.452150699274673,0.352112676056338
18,0,0.2925,0.0024373944377131607,0.23026315789473684
18,1,0.9753333333333334,0.8802567793026369,0.7272727272727273
18,1,0.982,0.8866443072598981,0.5789473684210527
18,0,0.5106666666666667,0.008235962621816433,0.3402061855670103
18,1,0.9244,0.8561158904221232,0.4117647058823529
18,1,0.882,0.6491284045554301,0.42857142857142855
18,1,0.838,0.7023171477941126,0.25925925925925924
18,1,0.77,0.5045046604908461,0.17777777777777778
18,0,0.258,3.813112971901578e-05,0.25333333333333335
18,0,0.262,2.2983110164876035e-05,0.25
18,0,0.6865,0.3579147066407718,0.4444444444444444
18,0,0.14933333333333332,0.17755746876706074,0.4186046511627907
18,1,0.8226666666666667,0.8418957298092391,0.7142857142857143
18,1,0.844,0.717549227093627,0.4745762711864407
18,1,0.856,0.7181170457168883,0.5
18,1,0.956,0.7041075790728977,0.7142857142857143
18,1,0.8866333333333333,0.7447631604673745,0.3448275862068966
18,1,0.8952380952380952,0.9071194636708949,0.5121951219512195
18,1,0.7993333333333332,0.8362408656297388,0.3541666666666667
18,1,0.8636333333333334,0.7326118551922883,0.35135135135135137
18,1,0.7381333333333333,0.4658610819906261,0.27692307692307694
18,0,0.234,0.058984513045169315,0.3252032520325203
18,0,0.236,0.047995469544992606,0.3064516129032258
18,0,0.232,0.025104566063296824,0.3225806451612903
18,0,0.25,0.024824119679749977,0.328
18,1,0.8335857142857143,0.774540055655211,0.37209302325581395
18,1,0.9166666666666666,0.8927390980334253,0.8787878787878788
18,1,0.644,0.6775219249307803,0.3469387755102041
18,1,0.5635,0.4691861787381631,0.42857142857142855
18,1,0.5775,0.596180082891804,0.4925373134328358
18,1,0.4618333333333333,0.14174458061104847,0.3025210084033613
18,1,0.28490476190476194,0.46512455685036036,0.6444444444444445
18,1,0.714,0.6486697067742794,0.3968253968253968
18,1,0.435957142857143,0.21488282341057136,0.4090909090909091
18,1,0.8165,0.6661226159118078,0.4
18,1,0.7764,0.34983200464784475,0.25675675675675674
18,1,0.5920238095238095,0.37385450411071586,0.40476190476190477
18,1,0.8953333333333334,0.7277691048282658,0.6727272727272727
18,1,0.6798666666666665,0.7406252634085858,0.4
18,1,0.952,0.5766734032472539,0.7966101694915254
18,1,0.9455111111111111,0.8562653311560844,0.35714285714285715
18,1,0.6396333333333333,0.2718532467015504,0.2631578947368421
18,1,0.6396333333333333,0.2718532467015504,0.2631578947368421
18,1,0.88,0.7462775990992059,0.3076923076923077
18,1,0.7830666666666666,0.7137202207650772,0.45454545454545453
18,1,0.7326666666666667,0.5492510616920563,0.20833333333333334
18,1,0.9251666666666667,0.6954481084094906,0.6309523809523809
18,1,0.928,0.5421416562785446,0.6962025316455697
18,1,0.45039999999999997,0.445804454058416,0.3902439024390244
18,1,0.934,0.8853365010859787,0.5178571428571429
18,1,0.962,0.8788853455422729,0.6086956521739131
18,1,0.834,0.7624141238969694,0.3728813559322034
18,1,0.9303333333333332,0.8585688672331349,0.36923076923076925
18,1,0.6948666666666666,0.7296238179283197,0.23728813559322035
18,1,0.7944,0.755062850029239,0.26666666666666666
18,1,0.7694,0.7145158642882661,0.3382352941176471
18,1,0.864,0.781236244655937,0.43548387096774194
18,0,0.2825,0.00014459427224608882,0.24778761061946902
18,0,0.006,0.20099585271046352,0.6551724137931034
18,0,0.4086666666666667,0.43273336967508846,0.6097560975609756
18,1,0.7450666666666667,0.8204982092281925,0.2542372881355932
18,0,0.7253333333333333,0.8946884279531557,0.484375
18,0,0.686,0.7277414252466153,0.5
18,1,0.886,0.5413033328059247,0.48717948717948717
18,0,0.954,0.5436984668979733,0.7333333333333333
18,1,0.951,0.5466026146215547,0.7941176470588235
18,1,0.924,0.5560875273657133,0.7419354838709677
18,1,0.9324,0.6316313235729077,0.6805555555555556
18,0,0.2868,0.15352408274610418,0.44776119402985076
18,1,0.04,0.08020201762927527,0.5757575757575758
18,1,0.864,0.8585013992434467,0.26666666666666666
18,1,0.937,0.7449278308423757,0.45901639344262296
18,1,0.929,0.7388915387118313,0.4
18,1,0.9216666666666667,0.8758329145951959,0.3877551020408163
18,1,0.8223333333333334,0.7767903644641476,0.25925925925925924
18,1,0.92,0.8370973953527476,0.5306122448979592
18,1,0.7455,0.5088198393441745,0.6458333333333334
18,1,0.865,0.8598221664002473,0.41379310344827586
18,0,0.39333333333333337,0.291696968458162,0.45
18,1,0.772,0.686653568838738,0.38
18,1,0.6432857142857142,0.5567683896792117,0.29411764705882354
18,0,0.15866666666666665,0.00016095200669433388,0.45
18,1,0.7328333333333332,0.7169106594249964,0.2911392405063291
18,0,0.6453333333333332,0.49820117171332773,0.26136363636363635
18,0,0.6423,0.1181596117670398,0.25555555555555554
18,0,0.28,0.14176472038468257,0.33
18,1,0.7763333333333332,0.8743211594073844,0.391304347826087
18,1,0.701,0.7951429207304632,0.3617021276595745
18,1,0.7763333333333332,0.8743211594073844,0.391304347826087
18,1,0.967,0.8261421047249016,0.10810810810810811
18,1,0.9175,0.8932888550764625,0.3392857142857143
18,1,0.8437523809523809,0.6970672914905588,0.43859649122807015
18,1,0.9126666666666667,0.8708281198067567,0.717948717948718
18,1,0.7714666666666667,0.43062658545590493,0.4716981132075472
18,0,0.834,0.49058260158914935,0.2727272727272727
18,1,0.7823333333333332,0.756283485129047,0.4025974025974026
18,1,0.6545714285714286,0.6624180519952675,0.36923076923076925
18,1,0.8627047619047619,0.822046081900307,0.5094339622641509
18,1,0.948,0.7962008047153302,0.6363636363636364
18,1,0.862,0.7759386529303126,0.24
18,1,0.8046190476190476,0.5528882964295959,0.28205128205128205
18,0,0.17856666666666665,0.32944265622035396,0.7714285714285715
18,1,0.8200857142857143,0.7971068819583876,0.38596491228070173
18,1,0.9265,0.8527215124699746,0.42105263157894735
18,1,0.8023047619047619,0.8234223699784518,0.3392857142857143
18,1,0.624,0.8679376198346699,0.6833333333333333
18,1,0.7585,0.8592966672956214,0.72
18,1,0.6934666666666666,0.8528910105440065,0.559322033898305
18,1,0.662295238095238,0.5280966085062215,0.2542372881355932
18,0,0.7613333333333333,0.6971848389490748,0.6129032258064516
18,0,0.428,0.4794122435025108,0.6231884057971014
18,1,0.9229523809523811,0.7146855331699076,0.6792452830188679
18,0,0.032,0.027575915016644196,0.7627118644067796
18,1,0.872,0.676056597470367,0.6923076923076923
18,1,0.869,0.6126654139479181,0.39655172413793105
18,0,0.8368,0.6759691418756637,0.2708333333333333
18,1,0.7300333333333333,0.7778249580057212,0.4583333333333333
18,1,0.8512000000000001,0.759163638784315,0.48214285714285715
18,1,0.6347333333333333,0.5939953693366536,0.2765957446808511
18,1,0.8795,0.8743476850696984,0.6666666666666666
18,0,0.799,0.831992605257047,0.5531914893617021
18,0,0.624,0.06552251638643128,0.44
18,1,0.742,0.2858996545343961,0.15254237288135594
18,0,0.071,0.01613282118147229,0.7692307692307693
18,1,0.9466666666666667,0.7682657711724259,0.775
18,0,0.888,0.4606178147109664,0.43333333333333335
18,0,0.2836666666666666,0.6185343474085648,0.5
18,0,0.196,0.5665888829912689,0.47368421052631576
18,0,0.2636666666666666,0.5861016545472014,0.3409090909090909
19,1,0.7638071428571427,0.8117863859837269,0.40789473684210525
19,1,0.7638071428571427,0.8117863859837269,0.40789473684210525
19,1,0.8649523809523807,0.7684251520123032,0.3442622950819672
19,1,0.8154,0.7643480328012041,0.3684210526315789
19,1,0.8047333333333333,0.7395283024230145,0.34545454545454546
19,1,0.846,0.6825887250626063,0.35135135135135137
19,1,0.8973333333333332,0.7665612353818375,0.38235294117647056
19,1,0.7946666666666667,0.7870459201129979,0.3763440860215054
19,1,0.762,0.6169866036800471,0.5507246376811594
19,1,0.8126666666666668,0.848095725416835,0.336734693877551
19,1,0.7435,0.4997034852160648,0.4583333333333333
19,1,0.7606666666666666,0.4825424495870832,0.32456140350877194
19,1,0.718452380952381,0.6396029285284406,0.3466666666666667
19,1,0.9162857142857144,0.8246246015803466,0.4
19,1,0.8087523809523809,0.911980064614342,0.35714285714285715
19,0,0.026,0.11628409578800628,0.6071428571428571
19,0,0.058,0.014545780516733005,0.5694444444444444
19,0,0.046,0.014396813176186568,0.6567164179104478
19,0,0.004,0.2953813534724662,0.7777777777777778
19,1,0.752,0.732003137707436,0.3157894736842105
19,0,0.3607380952380953,0.24292288675636603,0.6329113924050633
19,1,0.9171666666666668,0.7164671038198106,0.34
19,1,0.84,0.7614956310607652,0.32
19,0,0.084,0.15341987292266263,0.47619047619047616
19,1,0.8706666666666666,0.7278930533169068,0.35384615384615387
19,1,0.858,0.6311283866905907,0.3114754098360656
19,1,0.878,0.6878116931725918,0.559322033898305
19,1,0.8810666666666666,0.8346142613471532,0.4722222222222222
19,1,0.9248,0.6745978147451097,0.47692307692307695
19,1,0.8091666666666667,0.7001241623509521,0.5675675675675675
19,1,0.926,0.6275317194860188,0.704225352112676
19,1,0.826,0.5480123301521906,0.4262295081967213
19,1,0.2716,1.8227891523898874e-05,0.24786324786324787
19,1,0.9786666666666666,0.8991274530146863,0.717948717948718
19,1,0.8,0.7829406407688678,0.4838709677419355
19,0,0.0165,0.20738028793201835,0.6779661016949152
19,0,0.9364,0.9072096122592451,0.4594594594594595
19,1,0.8341000000000001,0.8838657940440988,0.6097560975609756
19,1,0.74,0.40669858789834024,0.5208333333333334
19,1,0.6294666666666666,0.47403405275576205,0.31343283582089554
19,1,0.984,0.47293964586622267,0.8732394366197183
19,1,0.7393333333333334,0.4001436894007843,0.5833333333333334
19,1,0.9277142857142857,0.6034254836273281,0.5679012345679012
19,1,0.8488,0.3979320546923929,0.7638888888888888
19,1,0.918,0.49702959945051817,0.7066666666666667
19,1,0.7799333333333334,0.39463237413224467,0.6268656716417911
19,1,0.988,0.4672066102347561,0.8450704225352113
19,1,0.9234285714285715,0.7952155198885874,0.5679012345679012
19,1,0.782,0.3801688708475506,0.6753246753246753
19,1,0.836,0.3869576587314956,0.7857142857142857
19,1,0.93,0.4982336828562164,0.7215189873417721
19,1,0.816,0.40241905603209244,0.5268817204301075
19,1,0.9334285714285715,0.7949725881722819,0.5679012345679012
19,1,0.9671666666666667,0.4752390983092759,0.684931506849315
19,1,0.971,0.3742198549465106,0.7746478873239436
19,1,0.772,0.3121563900860732,0.30357142857142855
19,1,0.9046666666666667,0.7778023482485404,0.36065573770491804
19,1,0.8930666666666666,0.6852833871356565,0.4794520547945205
19,1,0.7653333333333333,0.3818442662574093,0.5
19,1,0.7656666666666666,0.6108222051706175,0.3972602739726027
19,1,0.976,0.8681750849394179,0.4
19,1,0.7258571428571429,0.7230043036070364,0.23214285714285715
19,1,0.8186666666666668,0.8181232285385206,0.28
19,1,0.5258333333333333,0.009856008755766825,0.24615384615384617
19,1,0.9527666666666668,0.9028357788914646,0.7692307692307693
19,1,0.7123999999999999,0.5890321717744861,0.4
19,1,0.7702380952380952,0.9272137927339185,0.4745762711864407
19,1,0.8272666666666667,0.6336644060208163,0.41975308641975306
19,1,0.9533333333333334,0.9114776188179031,0.45454545454545453
19,1,0.9493333333333334,0.9098887891299456,0.41935483870967744
19,1,0.8251666666666666,0.8410914123205019,0.39215686274509803
19,1,0.976,0.8365933221919072,0.7241379310344828
19,1,0.806,0.4901341637669888,0.43103448275862066
19,1,0.8016666666666666,0.5469753773506743,0.24324324324324326
19,1,0.716,0.66585999417852,0.21052631578947367
19,0,0.0465,0.016009391301907067,0.7816091954022989
19,1,0.79,0.8849984139037524,0.2926829268292683
19,1,0.7427380952380953,0.46712339135327263,0.4222222222222222
19,1,0.5801666666666666,0.7962589934803498,0.3508771929824561
19,1,0.863,0.3698929601382877,0.7671232876712328
19,1,0.9270714285714285,0.8806957941277798,0.5263157894736842
19,0,0.47433333333333333,0.5866714621632928,0.6458333333333334
19,1,0.996,0.926066456343203,0.6842105263157895
19,1,0.8906666666666666,0.8997844249193496,0.4418604651162791
19,1,0.996,0.926066456343203,0.6842105263157895
19,1,0.9808,0.8923200925385154,0.3958333333333333
19,1,0.978,0.868460107597597,0.5945945945945946
19,1,0.856,0.8808833728761862,0.31645569620253167
19,1,0.82,0.3952893479008794,0.575
19,1,0.8546666666666666,0.533798528538428,0.32558139534883723
19,1,0.8475666666666666,0.6797784062167562,0.27419354838709675
19,1,0.8156666666666668,0.3324832261069182,0.3783783783783784
19,1,0.916,0.8007326673873307,0.2698412698412698
19,1,0.916,0.8007326673873307,0.2698412698412698
19,0,0.8278,0.774406607685444,0.3023255813953488
19,0,0.8278,0.774406607685444,0.3023255813953488
19,0,0.8278,0.774406607685444,0.3023255813953488
19,0,0.533,0.6363760250048197,0.6176470588235294
19,1,0.8452857142857142,0.8250007620420504,0.7241379310344828
19,1,0.934,0.8366026465635014,0.32727272727272727
19,0,0.7933333333333332,0.71213441462786,0.6129032258064516
19,0,0.5063333333333334,0.4787227721803476,0.6231884057971014
19,0,0.6313333333333333,0.7465542959000054,0.25
19,1,0.6394,0.8836504551862693,0.6833333333333333
19,1,0.7841999999999999,0.8811360375230735,0.72
19,1,0.6879,0.876744429451201,0.559322033898305
19,0,0.8297333333333333,0.8022910961249949,0.3090909090909091
19,1,0.732,0.788900221115763,0.2558139534883721
19,1,0.6805,0.7075377390542024,0.2926829268292683
19,1,0.996,0.9191180033399614,0.5428571428571428
19,1,0.938,0.8483944643962795,0.3333333333333333
19,1,0.828,0.8418168798004237,0.2054794520547945
19,0,0.04,0.0258024599378638,0.5795454545454546
19,0,0.026,0.020060508643438127,0.6455696202531646
19,1,0.022,0.09292922655962084,0.7123287671232876
19,1,0.8965428571428571,0.7912031389123559,0.30434782608695654
19,1,0.904,0.8977545870326459,0.26666666666666666
19,1,0.9286666666666666,0.8625224091169792,0.5306122448979592
19,1,0.9426666666666668,0.7658066015198342,0.6170212765957447
19,0,0.159,0.21093833699528933,0.5945945945945946
19,1,0.6948,0.07827381616321771,0.18604651162790697
19,1,0.704,0.8800578446193356,0.3
19,1,0.6509999999999999,0.681740913345131,0.43333333333333335
19,1,0.94,0.7563210335636829,0.5555555555555556
19,1,0.846,0.6415308409063146,0.3793103448275862
19,1,0.8904666666666667,0.5682197116071548,0.578125
19,1,0.8985,0.7469718504288217,0.5344827586206896
19,1,0.8526857142857143,0.7870787802153424,0.625
19,1,0.9089333333333334,0.7708245404381873,0.7818181818181819
19,1,0.8601,0.7868070948048826,0.6125
19,1,0.9382666666666667,0.7774755262448482,0.7368421052631579
19,1,0.8947666666666666,0.6458357245085056,0.7333333333333333
19,1,0.835,0.8383209978300394,0.3333333333333333
19,0,0.4570714285714286,0.008731407173808598,0.2916666666666667
19,0,0.45207142857142857,0.0085344453926681,0.3
19,0,0.042,0.2820170200021212,0.7666666666666667
19,1,0.208,0.10855574605615258,0.43333333333333335
19,1,0.888,0.9154907990997094,0.40350877192982454
19,1,0.8747714285714285,0.7851036206479205,0.29411764705882354
19,0,0.064,0.005106851105244918,0.7738095238095238
19,1,0.944,0.8232176113882956,0.6071428571428571
19,1,0.877,0.7318986146915508,0.34
19,1,0.8603999999999999,0.8157300644122926,0.6956521739130435
19,1,0.7794666666666665,0.8191644231488457,0.46296296296296297
19,1,0.8163333333333332,0.7333995832260553,0.3880597014925373
19,1,0.76,0.8895442678878973,0.2441860465116279
19,1,0.864,0.66059694905691,0.546875
19,0,0.6216666666666666,0.20766077987498613,0.22018348623853212
19,0,0.3413333333333333,0.48328872744001095,0.5230769230769231
19,0,0.3101666666666667,0.6401124782929449,0.6607142857142857
19,0,0.5730333333333333,0.6217376539016995,0.5737704918032787
19,0,0.14373333333333335,0.48387671188480913,0.6727272727272727
19,0,0.6351666666666667,0.10803481874972133,0.22641509433962265
19,1,0.908,0.7322644923201826,0.38181818181818183
19,0,0.7901666666666667,0.7522296724922841,0.41379310344827586
19,0,0.092,0.3316343741441175,0.5671641791044776
19,1,0.911,0.48017486072909193,0.6455696202531646
19,0,0.3172666666666667,0.2906613457690228,0.6833333333333333
19,0,0.778,0.8110026320978002,0.5
19,0,0.7426666666666666,0.5192304268430837,0.4411764705882353
19,0,0.7113333333333334,0.4167430969653063,0.4225352112676056
19,1,0.774,0.5246093700586428,0.6166666666666667
19,1,0.864,0.37533870691043886,0.7076923076923077
19,1,0.868,0.4856182952970896,0.6282051282051282
19,1,0.7661333333333333,0.3861911660998414,0.6666666666666666
19,1,0.8730666666666667,0.74438127156113,0.6440677966101694
19,1,0.6574666666666665,0.3794894167198135,0.5692307692307692
19,1,0.6633,0.43581878507718014,0.5211267605633803
19,0,0.7766666666666666,0.8074497029427452,0.4444444444444444
19,0,0.6716666666666667,0.7977654682801889,0.5
19,1,0.6720714285714285,0.28405983853415656,0.6885245901639344
19,1,0.88,0.3678112335688013,0.7121212121212122
19,1,0.3221333333333334,0.5246697351490669,0.7407407407407407
19,1,0.6934666666666666,0.5303456417482418,0.578125
19,0,0.726,0.8145050634800611,0.5614035087719298
19,0,0.8,0.8868121502021168,0.5245901639344263
19,1,0.854,0.3337564685045919,0.7361111111111112
19,1,0.89,0.47413002499452483,0.6025641025641025
19,1,0.7863333333333333,0.08573041770000736,0.6103896103896104
19,1,0.7781333333333333,0.3916608648045599,0.7285714285714285
19,1,0.7575,0.8835520603230954,0.2777777777777778
19,1,0.824,0.868149590687171,0.34375
19,1,0.898,0.6005095652595662,0.717391304347826
19,0,0.352,0.00454338538997414,0.8311688311688312
19,0,0.86,0.6105827938215327,0.23255813953488372
19,0,0.7241666666666666,0.7318644788948868,0.4339622641509434
19,1,0.692,0.7260220417319276,0.6458333333333334
19,1,0.692,0.7260220417319276,0.6458333333333334
19,0,0.692,0.7260220417319276,0.6458333333333334
19,1,0.62,0.7240960123253583,0.36666666666666664
19,1,0.7915,0.6677712255223007,0.288135593220339
19,1,0.846,0.39544220936473434,0.5466666666666666
19,1,0.511,0.6938172014217296,0.43333333333333335
19,0,0.7605,0.7011741977140078,0.28125
19,1,0.6985,0.5843007034139219,0.25806451612903225
19,0,0.6985,0.5843007034139219,0.25806451612903225
19,1,0.5124,0.34948329177746784,0.5576923076923077
19,1,0.7904,0.44056978296085014,0.5
19,0,0.21280000000000002,0.0828963453988803,0.5
19,1,0.43833333333333335,0.1393962610118298,0.4426229508196721
19,0,0.146,0.027943413373999255,0.6
19,0,0.156,0.027910419289607812,0.6330275229357798
19,1,0.816,0.8471714058218579,0.5106382978723404
19,1,0.9018333333333333,0.8018625903362843,0.5185185185185185
19,1,0.8492380952380952,0.8741775208213592,0.36507936507936506
19,0,0.7595666666666666,0.7725280670327225,0.2857142857142857
19,1,0.782,0.6718720060275326,0.4
19,1,0.928,0.747641460182227,0.6896551724137931
19,1,0.7480999999999999,0.7792866110324747,0.4745762711864407
19,1,0.986,0.8692183315227445,0.660377358490566
19,1,0.8221809523809525,0.5984505530268716,0.3870967741935484
19,1,0.984,0.8650701461281523,0.6923076923076923
19,1,0.87,0.6360079616536485,0.4714285714285714
19,1,0.8058571428571429,0.7293424812357695,0.4666666666666667
19,1,0.9708,0.8682702448739003,0.6923076923076923
19,1,0.8086666666666668,0.6412634019627617,0.3815789473684211
19,1,0.847,0.6331686896569635,0.5076923076923077
19,1,0.7059333333333333,0.6939404737428643,0.3142857142857143
19,1,0.998,0.8720483414624093,0.7272727272727273
19,1,0.852,0.6335864530888925,0.45454545454545453
19,1,0.974,0.790330112509827,0.6041666666666666
19,1,0.914,0.7530196454951403,0.6140350877192983
19,1,0.823,0.48961900993708796,0.6724137931034483
19,1,0.8044,0.7272756387571162,0.5294117647058824
19,1,0.838,0.7222633890521223,0.6071428571428571
19,1,0.88,0.715472771563281,0.4838709677419355
19,1,0.9474666666666666,0.8340766575073775,0.6923076923076923
19,1,0.972,0.792055726829023,0.5918367346938775
19,1,0.8223238095238096,0.5959379244295643,0.3898305084745763
19,1,0.976,0.8500785116620544,0.6724137931034483
19,1,0.92,0.7576630771737295,0.6481481481481481
19,1,0.849,0.49701008213923475,0.5409836065573771
19,1,0.4978,0.6445046322985364,0.5352112676056338
19,1,0.49,0.8153869585132669,0.5352112676056338
19,1,0.5426666666666666,0.7465514237313595,0.6216216216216216
19,0,0.42866666666666664,0.504884015048812,0.6197183098591549
19,0,0.44466666666666665,0.5163857248566286,0.6388888888888888
19,1,0.49,0.8153869585132669,0.5352112676056338
19,1,0.914,0.7890471513522693,0.5614035087719298
19,1,0.7848238095238096,0.5284401860289659,0.26666666666666666
19,0,0.3736666666666667,0.40350225192989375,0.6153846153846154
19,0,0.38966666666666666,0.35084984658860924,0.66
19,0,0.05666666666666667,0.014503849805334106,0.7857142857142857
19,0,0.4853,0.3421964399296152,0.2571428571428571
19,0,0.6083047619047618,0.09255297155670644,0.47058823529411764
19,1,0.7276666666666667,0.5708958701157912,0.3815789473684211
19,1,0.7725,0.6973093961589542,0.25757575757575757
19,1,0.6245,0.6415555990078735,0.25757575757575757
19,1,0.7388333333333333,0.6950550420432076,0.25757575757575757
19,0,0.254,0.0002488692684416384,0.18128654970760233
19,0,0.04,0.006341849386518603,0.88
19,1,0.8662,0.8843816020757232,0.6792452830188679
19,0,0.763,0.5102557564784737,0.6545454545454545
19,1,0.866,0.5422784114471605,0.6842105263157895
19,1,0.856,0.5465734329227575,0.6962025316455697
19,1,0.8047095238095238,0.6222707188235114,0.6309523809523809
19,0,0.9332333333333332,0.47860017002746524,0.55
19,1,0.938,0.9123256486397716,0.25
19,1,1.0,0.9385541595879092,1.0
19,1,0.896,0.8037380495875519,0.5652173913043478
19,1,0.8546666666666666,0.5395212457061253,0.3181818181818182
19,1,0.9085333333333334,0.828869013546661,0.5660377358490566
19,1,0.9284,0.5862760586452128,0.453125
19,0,0.3872,0.13451429326263192,0.3
19,0,0.08933333333333335,0.06436701122140252,0.5934065934065934
19,0,0.49906666666666666,0.04923672462236852,0.19540229885057472
19,1,0.064,0.04120485162734591,0.6944444444444444
19,0,0.736,0.40963630246390503,0.5535714285714286
19,0,0.787,0.8063011094528657,0.3918918918918919
19,1,0.8745,0.8031876966618389,0.62
19,1,0.8745,0.8031876966618389,0.62
19,1,0.904,0.7669647438605912,0.7450980392156863
19,1,0.7305,0.7259444409720031,0.3188405797101449
19,0,0.7843333333333333,0.7261678109176379,0.32653061224489793
19,1,0.8837999999999999,0.7246719913726626,0.5142857142857142
19,1,0.333,0.0008483300684812005,0.24050632911392406
19,1,0.932,0.6995420041206544,0.5636363636363636
19,1,0.907,0.7017328281484221,0.5833333333333334
19,0,0.7655,0.6656044808946688,0.2222222222222222
19,0,0.782,0.9015223121500573,0.4
19,1,0.972,0.5810437276345919,0.5
19,1,0.7588333333333334,0.8353604997988568,0.37209302325581395
19,1,0.841,0.8556141073630036,0.25
19,1,0.7913333333333333,0.855352944826863,0.2972972972972973
19,1,0.832,0.7516742685190024,0.3188405797101449
19,1,0.894,0.7698734460631217,0.3389830508474576
19,0,0.6969,0.24944009955575838,0.39285714285714285
19,1,0.6969,0.24944009955575838,0.39285714285714285
19,1,0.8695,0.8428854950462669,0.44642857142857145
19,1,0.8181999999999999,0.644994593410957,0.3898305084745763
19,1,0.973,0.8837471613586393,0.6341463414634146
19,0,0.5046666666666667,0.49091494130561736,0.3013698630136986
19,1,0.7576666666666667,0.7733139335240641,0.4090909090909091
19,1,0.9479,0.8857286654204017,0.4375
19,0,0.034,0.019481750366350418,0.7627118644067796
19,1,0.6782523809523812,0.8781680669413311,0.2833333333333333
19,1,0.831,0.5043402473527568,0.5517241379310345
19,0,0.830252380952381,0.9106302584061071,0.24489795918367346
19,1,0.673,0.7859837478942814,0.33980582524271846
19,1,0.6875,0.5212930041809954,0.30612244897959184
19,1,0.9402333333333334,0.6716085932530224,0.6
19,0,0.656,0.7929077446361374,0.2727272727272727
19,1,0.29,0.03227729383257081,0.4268292682926829
19,0,0.138,0.010957527471201831,0.6145833333333334
19,1,0.6185,0.4265397722498396,0.5
19,1,0.882,0.7024657612083176,0.32786885245901637
19,1,0.7485,0.8654009075937256,0.3877551020408163
19,1,0.952,0.7261786071335139,0.4594594594594595
19,1,0.976,0.8893658717269155,0.65
19,1,0.9826666666666666,0.9117887623056051,0.3469387755102041
19,1,0.942,0.8463121128724294,0.3541666666666667
19,1,0.8305,0.8008914541798942,0.30612244897959184
19,1,0.8425,0.8025518626605629,0.2909090909090909
19,1,0.7123333333333333,0.7863115079190593,0.39344262295081966
19,1,0.898,0.743069669159641,0.2631578947368421
19,0,0.32280000000000003,0.03976016353585811,0.2857142857142857
19,0,0.269,0.00028282820290772567,0.21794871794871795
19,1,0.9322857142857143,0.7758329325344167,0.7547169811320755
19,1,0.7949952380952381,0.7660512039702628,0.40425531914893614
19,0,0.6425,0.5791772015330021,0.45454545454545453
19,1,0.609,0.4851098182764788,0.2235294117647059
19,1,0.8252999999999999,0.7470519054288495,0.32941176470588235
19,1,0.8686666666666667,0.8995076575564632,0.40425531914893614
19,1,0.7915666666666666,0.8074991384049489,0.43103448275862066
19,1,0.8534444444444444,0.5797348182194025,0.22727272727272727
19,0,0.9134444444444445,0.595820024687853,0.2972972972972973
19,1,0.9034444444444445,0.5944471089365851,0.34
19,1,0.9034444444444445,0.6013499872385839,0.2894736842105263
19,1,0.8905,0.7912068307709409,0.4588235294117647
19,0,0.11,0.04473261754442948,0.4594594594594595
19,0,0.038,0.20903783997613679,0.5636363636363636
19,1,0.844,0.8712803061661883,0.6382978723404256
19,1,0.8499,0.7903618102459149,0.43859649122807015
19,0,0.03,0.012392504261158493,0.8452380952380952
19,0,0.032,0.007818959635170996,0.7634408602150538
19,1,0.9295,0.8732597039579625,0.55
19,1,0.7948,0.3937376470811041,0.24615384615384617
19,1,0.8492999999999999,0.40331004550485866,0.24615384615384617
19,1,0.8586666666666667,0.5331142246954922,0.23728813559322035
19,1,0.8205238095238097,0.7682369211020574,0.6451612903225806
19,1,0.8435238095238097,0.7427466196859812,0.7547169811320755
19,1,0.5136666666666667,0.22677436941618084,0.39759036144578314
19,0,0.016,0.1599941801005994,0.6268656716417911
19,1,0.9556666666666668,0.7125643752413258,0.43902439024390244
19,1,0.968,0.5156763562851973,0.6774193548387096
19,1,0.7881999999999999,0.266264711122457,0.4666666666666667
19,1,0.944,0.6688733655789999,0.6097560975609756
19,1,0.8081999999999999,0.11006858857802132,0.3709677419354839
19,1,0.8844444444444445,0.8903142185562367,0.2647058823529412
19,0,0.6956,0.8049657530599954,0.29411764705882354
19,1,0.8412999999999999,0.8157720562729506,0.5774647887323944
19,1,0.8092,0.4393833149620787,0.3387096774193548
19,0,0.04,0.04457934270151255,0.72
19,0,0.596,0.2159361693386098,0.2289156626506024
19,1,0.7046333333333333,0.3213924863612836,0.49295774647887325
19,1,0.941,0.8420186361295456,1.0
19,1,0.9278333333333334,0.9128644897306403,0.6511627906976745
19,1,0.8482666666666666,0.7471985230458493,0.38571428571428573
19,0,0.7870666666666667,0.5386913466337145,0.18421052631578946
19,1,0.9485,0.8582351285234695,0.43478260869565216
19,0,0.2104,0.2627714961362862,0.4868421052631579
19,1,0.7897523809523809,0.7487751186504444,0.6153846153846154
19,1,0.8443333333333334,0.5865492045831932,0.3333333333333333
19,1,0.7355666666666666,0.8584179221182996,0.23636363636363636
19,1,0.7048833333333334,0.8687503741970686,0.28169014084507044
19,1,0.7529666666666667,0.8691932846133014,0.2542372881355932
19,1,0.751,0.33841939876899496,0.3968253968253968
19,1,0.844,0.8038768618080961,0.3191489361702128
19,0,0.482,0.4461985054466177,0.6493506493506493
19,1,0.9466666666666667,0.7036672217807052,0.7692307692307693
19,1,0.806,0.5551683623519701,0.3389830508474576
19,1,0.7758333333333333,0.875819547220656,0.425
19,1,0.7287857142857143,0.7755875132806493,0.225
19,1,0.7852523809523809,0.7819708421824351,0.24074074074074073
19,1,0.7726333333333333,0.7897166569259501,0.3137254901960784
19,1,0.7706333333333333,0.7935131190830808,0.3076923076923077
19,1,0.7706333333333333,0.7935131190830808,0.3076923076923077
19,0,0.7269190476190476,0.5767661851294295,0.22916666666666666
19,1,0.7952523809523809,0.78238359522588,0.23636363636363636
19,0,0.7742523809523809,0.5717316938668969,0.22916666666666666
19,0,0.7435857142857142,0.5829632081154571,0.22807017543859648
19,1,0.826,0.9044004690237215,0.37777777777777777
19,0,0.5332,0.7392515586921398,0.4634146341463415
19,0,0.022,0.16399040583849714,0.6875
19,0,0.7417333333333332,0.000437686291457608,0.1956521739130435
19,1,0.8639,0.7801566404602956,0.6363636363636364
19,1,0.8885,0.7783599136200855,0.5862068965517241
19,0,0.7269523809523808,0.788006694038226,0.2714285714285714
19,1,0.821,0.8563058001077624,0.44
19,1,0.7115,0.8529145149319747,0.453125
19,1,0.7115,0.8529145149319747,0.453125
19,1,0.6515714285714286,0.6202074979783258,0.21739130434782608
19,1,0.7046666666666667,0.9198122347546087,0.5681818181818182
19,1,0.92,0.08953583633570719,0.8548387096774194
19,1,0.7834666666666666,0.6582939895924511,0.2602739726027397
19,0,0.154,0.16657488378138544,0.5846153846153846
19,0,0.056,0.04027580818496761,0.6461538461538462
19,0,0.5335,0.016940831344970354,0.2647058823529412
19,1,0.934,0.9178034562171948,0.3584905660377358
19,1,0.357,0.3504111712950002,0.44285714285714284
19,1,0.936,0.9246363029437753,0.3111111111111111
19,1,0.946,0.9302947876824029,0.6285714285714286
19,1,0.7486666666666666,0.906253426260296,0.2786885245901639
19,1,0.95,0.9155476399040552,0.3333333333333333
19,1,0.7637,0.8277404019618776,0.26
19,0,0.48683333333333334,0.6708437312055949,0.6595744680851063
20,0,0.6508523809523808,0.6155777747694797,0.25
20,1,0.874,0.82824016716929,0.38333333333333336
20,1,0.714,0.6571640420295835,0.2765957446808511
20,1,0.908,0.7231096309912964,0.4393939393939394
20,1,0.918,0.8046596940498266,0.328125
20,1,0.8746666666666667,0.8355576546168552,0.23333333333333334
20,1,0.8226666666666668,0.8634896903064162,0.20833333333333334
20,1,0.8981333333333332,0.7630753943722915,0.45161290322580644
20,0,0.8981333333333332,0.7630753943722915,0.45161290322580644
20,1,0.844,0.7104915468132904,0.35
20,1,0.5045190476190476,0.5182316359263319,0.2857142857142857
20,1,0.8990666666666666,0.8564771272275528,0.42
20,1,0.83,0.5427792132945066,0.5952380952380952
20,1,0.716,0.4362582335378848,0.4222222222222222
20,1,0.8555666666666666,0.5782087793357578,0.6447368421052632
20,1,0.8555666666666666,0.5782087793357578,0.6447368421052632
20,1,0.8825,0.7597717636092856,0.6621621621621622
20,1,0.8375,0.13117595462846285,0.6714285714285714
20,1,0.86,0.8757992148303865,0.45161290322580644
20,1,0.9270666666666667,0.8079120527939873,0.7222222222222222
20,0,0.6285666666666666,0.2165703491202933,0.38333333333333336
20,0,0.5886666666666668,0.23634599018552743,0.4727272727272727
20,1,0.7051666666666667,0.40374734902911363,0.5625
20,1,0.5505,0.10143835472140442,0.39622641509433965
20,1,0.926,0.8661869425620489,0.6511627906976745
20,0,0.216,0.010786716235825859,0.5841584158415841
20,1,0.876,0.6771840517696491,0.6808510638297872
20,1,0.7427,0.5823330056727878,0.26666666666666666
20,0,0.7427,0.5823330056727878,0.26666666666666666
20,1,0.9256666666666666,0.6861923745966026,0.3333333333333333
20,0,0.312,1.3255370777123292e-09,0.21710526315789475
20,0,0.054,0.21900108653171343,0.6363636363636364
20,1,0.974,0.9071372279099024,0.2
20,1,0.7764,0.5837947022547786,0.3815789473684211
20,0,0.026,0.03657810361371489,0.6883116883116883
20,0,0.068,0.18340032048625687,0.5072463768115942
20,0,0.7513333333333333,0.7167019623479727,0.2558139534883721
20,0,0.7513333333333333,0.7167019623479727,0.2558139534883721
20,0,0.7513333333333333,0.7167019623479727,0.2558139534883721
20,1,0.958,0.8322110756631478,0.6111111111111112
20,1,0.186,0.021061377425535585,0.6842105263157895
20,1,0.863,0.7956061895364397,0.582089552238806
20,1,0.849,0.7829750956046557,0.2714285714285714
20,1,0.977,0.8475643345109435,0.5660377358490566
20,0,0.4471333333333333,0.008098884440775023,0.3150684931506849
20,1,0.9693333333333334,0.7342075965078966,0.6363636363636364
20,1,0.984,0.8306499310136153,0.5106382978723404
20,1,0.964,0.8330358540603509,0.4230769230769231
20,1,0.8259999999999998,0.8406058529248847,0.27450980392156865
20,0,0.376,0.001120702111864611,0.7777777777777778
20,0,0.45,0.009139012470253548,0.863013698630137
20,0,0.2973333333333334,0.0029390711734700874,0.6785714285714286
20,1,0.9833333333333333,0.913268635117004,0.5
20,1,0.98,0.9164041005751851,0.5769230769230769
20,1,0.9805,0.9126684866704677,0.6285714285714286
20,1,0.954,0.870614700076353,0.48936170212765956
20,1,0.932,0.8709478410892165,0.375
20,1,0.7981666666666666,0.6995997251694059,0.3695652173913043
20,1,0.658,0.36201598102731924,0.39436619718309857
20,1,0.9070666666666667,0.5830599095339952,0.578125
20,1,0.9290666666666667,0.734327049185846,0.5344827586206896
20,1,0.9009238095238095,0.7834167371823963,0.625
20,1,0.9720666666666667,0.7689636333110677,0.7818181818181819
20,1,0.9028333333333333,0.8250144901225043,0.6125
20,1,0.981,0.7899529644685634,0.7368421052631579
20,1,0.9170666666666667,0.672531362083445,0.7333333333333333
20,1,0.8331428571428571,0.6598731207259423,0.23636363636363636
20,1,0.8591428571428571,0.6738808620651846,0.32608695652173914
20,1,0.932,0.8239079090830472,0.56
20,1,0.982,0.8340944327865344,0.6666666666666666
20,1,0.972,0.8273735465505294,0.58
20,1,0.958,0.811172189209381,0.5272727272727272
20,0,0.028,0.331715944146943,0.5967741935483871
20,0,0.082,0.34306345789683645,0.5588235294117647
20,1,0.036,0.3423965135652956,0.5522388059701493
20,0,0.026,0.3532392019245171,0.59375
20,1,0.8206666666666667,0.6881920519196365,0.2553191489361702
20,0,0.148,0.014255186199503134,0.7692307692307693
20,1,0.8386666666666667,0.8012901450469359,0.46
20,1,0.758,0.8180545164506952,0.45
20,1,0.8456666666666667,0.782048404948775,0.36619718309859156
20,1,0.6025,0.6902074358295414,0.29850746268656714
20,0,0.4357,0.2215160989580309,0.4117647058823529
20,0,0.11,0.017397626586972456,0.6145833333333334
20,1,0.854,0.5544735350386721,0.4626865671641791
20,1,0.6436428571428572,0.7215429372281786,0.3382352941176471
20,1,0.872,0.8538243628715184,0.6382978723404256
20,1,0.914,0.9129617410652855,0.3888888888888889
20,0,0.89,0.8949408391567346,0.40476190476190477
20,0,0.824,0.8483033158116602,0.5531914893617021
20,0,0.5605,0.07507709587549279,0.4339622641509434
20,1,0.6931666666666667,0.38608245203056596,0.30357142857142855
20,1,0.5785,0.09543189912633851,0.46153846153846156
20,1,0.844,0.7551432215614987,0.6451612903225806
20,1,0.852,0.7167588284355435,0.7547169811320755
20,0,0.086,0.05661560606446501,0.6590909090909091
20,1,0.674,0.7550408695986759,0.37209302325581395
20,1,0.799,0.8427513582694414,0.21739130434782608
20,1,0.858,0.8249840066221577,0.34375
20,0,0.16066666666666668,0.11976336740010496,0.3382352941176471
20,0,0.5875,0.7112483186107941,0.41379310344827586
20,1,0.884,0.3624196819915997,0.6949152542372882
20,1,0.918,0.7293316471894125,0.6166666666666667
20,1,0.924,0.7693548993574382,0.6607142857142857
20,1,0.872,0.7217214492106535,0.6610169491525424
20,1,0.8546666666666666,0.5773867090019685,0.6491228070175439
20,0,0.6286666666666667,0.7498609276269025,0.265625
20,1,0.7404,0.6070880762736052,0.2222222222222222
20,1,0.9073333333333332,0.8207554126780975,0.39285714285714285
20,1,0.698,0.528664613932545,0.40425531914893614
20,1,0.9150666666666666,0.7597731594033861,0.5
20,1,0.726,0.700368762530296,0.38461538461538464
20,1,0.952,0.7023488807735333,0.5263157894736842
20,1,0.954,0.7023488807735333,0.5526315789473685
20,1,0.8670666666666667,0.769083757503885,0.6415094339622641
20,1,0.603,0.6338679540205321,0.21875
20,1,0.936,0.8571131568204956,0.6170212765957447
20,1,0.7405,0.5074532390454651,0.352112676056338
20,1,0.992,0.8989491582408768,0.5428571428571428
20,1,0.6635,0.7511936681617366,0.32
20,1,0.952,0.9061918184783222,0.7368421052631579
20,1,0.838,0.7681491678715897,0.4025974025974026
20,1,0.92,0.81464743997597,0.775
20,1,0.892,0.8485728384150422,0.4418604651162791
20,1,0.954,0.9084930205549584,0.35294117647058826
20,0,0.214,0.3354635383318594,0.66
20,1,0.641,0.5502043326455812,0.3157894736842105
20,1,0.858,0.7646077198297007,0.6170212765957447
20,0,0.116,0.38579710389131905,0.5671641791044776
20,1,0.678,0.4914543366767788,0.2631578947368421
20,0,0.6933333333333334,0.34644739470359753,0.2
20,1,0.8236666666666668,0.801188713762611,0.3023255813953488
20,0,0.008,0.2521789716048835,0.676923076923077
20,1,0.95,0.7679650413725999,0.625
20,1,0.8906666666666666,0.8189014426125857,0.6206896551724138
20,1,0.9198999999999999,0.9088574723162776,0.40384615384615385
20,0,0.8786666666666667,0.028360225342790528,0.46153846153846156
20,0,0.4343333333333333,0.049660957977957616,0.47
20,1,0.4343333333333333,0.049660957977957616,0.47
20,1,0.722,0.48578749530425624,0.5084745762711864
20,1,0.5684523809523809,0.5354746130203,0.20833333333333334
20,1,0.95,0.7182445114637697,0.5344827586206896
20,1,0.948,0.7278164125741579,0.6
20,0,0.573,0.24780842399199998,0.2
20,1,0.8058333333333333,0.8444239674791868,0.2926829268292683
20,1,0.8086666666666666,0.801317874362789,0.4067796610169492
20,1,0.8053666666666666,0.7892566398052137,0.25316455696202533
20,1,0.8053666666666666,0.7892566398052137,0.25316455696202533
20,1,0.95,0.7635862051607296,0.5370370370370371
20,1,0.93,0.7592761936207427,0.4
20,1,0.901,0.779194068991562,0.45098039215686275
20,1,0.901,0.779194068991562,0.45098039215686275
20,1,0.7195,0.6102450123976374,0.7272727272727273
20,1,0.8389571428571428,0.9176746567620134,0.4745762711864407
20,1,0.906,0.8792588309970707,0.2765957446808511
20,1,0.9107857142857143,0.8866978241982195,0.3877551020408163
20,1,0.788,0.7700612064569475,0.3939393939393939
20,0,0.082,0.36978432624318014,0.47540983606557374
20,0,0.046,0.025387937112087006,0.6886792452830188
20,1,0.8976666666666666,0.8895215764433135,0.2463768115942029
20,1,0.9559666666666666,0.8795355426284863,0.45098039215686275
20,1,0.928,0.7988739360745903,0.3409090909090909
20,1,0.885,0.8323805138908446,0.36
20,1,0.85,0.6125714719039793,0.3484848484848485
20,1,0.7038333333333333,0.7636443139930122,0.4375
20,1,0.9556428571428571,0.533180546371564,0.6363636363636364
20,1,0.944,0.8628068156062341,0.5370370370370371
20,1,0.896,0.7716507906125339,0.62
20,1,0.896,0.7716507906125339,0.62
20,1,0.938,0.7425327070788778,0.7450980392156863
20,1,0.6679666666666667,0.6589533558617784,0.25757575757575757
20,1,0.6284,0.5956395392787317,0.25757575757575757
20,1,0.6535666666666666,0.6535224608283012,0.25757575757575757
20,1,0.944,0.8446198909071568,0.5689655172413793
20,1,0.964,0.7607314492135971,0.5818181818181818
20,1,0.328,0.4708699720427818,0.6444444444444445
20,1,0.5735,0.6579802858955681,0.3
20,1,0.4190285714285715,0.20671402767058986,0.4090909090909091
20,1,0.801,0.6624518205000166,0.4
20,1,0.8346666666666667,0.34774085307514613,0.2549019607843137
20,1,0.6063095238095237,0.37000072244110516,0.40476190476190477
20,1,0.8602142857142856,0.9075472480074063,0.5333333333333333
20,1,0.924,0.625892830231842,0.5714285714285714
20,1,0.9353333333333332,0.8129699160340946,0.45652173913043476
20,1,0.80675,0.4793653064759116,0.2
20,0,0.1806666666666667,0.03019743636795836,0.7676767676767676
20,0,0.7243333333333333,0.8015672804315073,0.2542372881355932
20,0,0.7883333333333332,0.8469341198340345,0.2631578947368421
20,1,0.826,0.4750772249848296,0.7910447761194029
20,1,0.855,0.7051542257950721,0.2857142857142857
20,1,0.992,0.9084501467471893,1.0
20,1,0.7248571428571429,0.7187165661994619,0.3333333333333333
20,1,0.75,0.6745321321387697,0.5277777777777778
20,1,0.8665,0.6508132792515148,0.2
20,1,0.758,0.817981313364703,0.2631578947368421
20,1,0.6926,0.5532030426890338,0.2926829268292683
20,1,0.899,0.6982542619003791,0.275
20,1,0.8913333333333334,0.8484694208802008,0.3617021276595745
20,1,0.991,0.9066109905709314,0.5588235294117647
20,0,0.5035,0.15196340343369988,0.2077922077922078
20,0,0.9366666666666668,0.8821291703047677,0.4594594594594595
20,1,0.8935238095238095,0.859821738675187,0.4146341463414634
20,1,0.7401738095238093,0.407118382888739,0.3541666666666667
20,1,0.7462333333333333,0.8785342838973617,0.47368421052631576
20,0,0.768,0.6870630800879025,0.2222222222222222
20,1,0.813,0.5887501289096368,0.25
20,1,0.937,0.8333331690087195,0.3409090909090909
20,1,0.9,0.8701199215818918,0.25806451612903225
20,1,0.797,0.7719519555392551,0.26666666666666666
20,1,0.31606666666666666,0.37183383711730095,0.44285714285714284
20,1,0.9338333333333333,0.7895918481658325,0.5306122448979592
20,1,0.784,0.3742252626506697,0.6338028169014085
20,0,0.024,0.21677384573894815,0.5606060606060606
20,0,0.3406666666666667,0.6375979761210369,0.6458333333333334
20,1,0.836,0.3172996667493883,0.4430379746835443
20,0,0.298,0.47633222784134954,0.6885245901639344
20,1,0.922,0.7837821766964098,0.5892857142857143
20,1,0.9133809523809523,0.7779562829362221,0.2608695652173913
20,1,0.745,0.6532402571357165,0.3333333333333333
20,1,0.748,0.8222783535038743,0.3561643835616438
20,1,0.906,0.7244113267955273,0.5555555555555556
20,1,0.8646666666666667,0.642025498950232,0.3793103448275862
20,1,0.9,0.42291878397171384,0.6197183098591549
20,0,0.072,0.040043222349929894,0.6818181818181818
20,1,0.7134412698412699,0.6486196144099275,0.24444444444444444
20,1,0.972,0.8532266573281234,0.35714285714285715
20,1,0.7173999999999999,0.7174022239496667,0.3389830508474576
20,1,0.738,0.532636786534605,0.17777777777777778
20,1,0.868,0.6077854359742964,0.16216216216216217
20,0,0.5005,2.456961915772396e-07,0.28888888888888886
20,1,0.94,0.816719605602801,0.6086956521739131
20,1,0.788,0.8715223439998446,0.5087719298245614
20,1,0.7945666666666666,0.697132623507794,0.6153846153846154
20,1,0.8937333333333334,0.7290477434027932,0.5873015873015873
20,1,0.668,0.5065718901304189,0.4166666666666667
20,1,0.7815666666666666,0.3668415027542619,0.35555555555555557
20,1,0.8438666666666665,0.8828450808674545,0.39473684210526316
20,1,0.778,0.9205037253822449,0.3076923076923077
20,1,0.7793333333333333,0.8186893971975421,0.40540540540540543
20,1,0.883,0.7662576287094667,0.3541666666666667
20,1,0.9271666666666666,0.8921721037941861,0.5
20,1,0.8814666666666667,0.8990566931775799,0.42857142857142855
20,1,0.7788999999999999,0.8672680993929666,0.3448275862068966
20,1,0.9355238095238095,0.8948056688245549,0.3829787234042553
20,1,0.7213333333333333,0.8812312032506485,0.5319148936170213
20,1,0.9566666666666667,0.8892932093740696,0.5789473684210527
20,1,0.9301333333333334,0.8916412524650975,0.45652173913043476
20,1,0.8921333333333333,0.8174026630020101,0.45454545454545453
20,1,0.7793333333333333,0.8186893971975421,0.40540540540540543
20,1,0.7146666666666667,0.8095545874403879,0.37209302325581395
20,0,0.888,0.8978525534417205,0.35714285714285715
20,1,0.772,0.6422867283412566,0.48936170212765956
20,1,0.798,0.668685145203356,0.45714285714285713
20,1,0.8438666666666665,0.8828450808674545,0.39473684210526316
20,1,0.82,0.6653095369130306,0.3409090909090909
20,1,0.844,0.8794106717632989,0.40816326530612246
20,0,0.566,0.5611733875355502,0.5666666666666667
20,0,0.252,0.13989497102141482,0.33
20,1,0.7985,0.7956266630294595,0.275
20,1,0.562,0.5405304064396325,0.3541666666666667
20,1,0.944,0.9104958510441981,0.42
20,1,0.9111666666666668,0.9109710623580517,0.3409090909090909
20,1,0.8925,0.9000629457958869,0.42857142857142855
20,1,0.356,0.11823191548959659,0.21296296296296297
20,1,0.6833523809523808,0.8428019744338224,0.34615384615384615
20,0,0.3539714285714286,0.4999159881667039,0.4647887323943662
20,0,0.42937142857142857,0.28708523268241126,0.3888888888888889
20,0,0.2558047619047619,0.4857033927944447,0.6727272727272727
20,1,0.7360238095238095,0.8350813856072504,0.23636363636363636
20,1,0.6809238095238095,0.848835562715945,0.24691358024691357
20,1,0.7251904761904762,0.8583184592299383,0.2542372881355932
20,1,0.894,0.8712651085325499,0.26666666666666666
20,1,0.892,0.816274551566344,0.38596491228070173
20,1,0.7698333333333333,0.5306867725490232,0.2835820895522388
20,1,0.7105,0.8137637974067162,0.27586206896551724
20,1,0.640690476190476,0.10848681037643632,0.3225806451612903
20,1,0.5710238095238094,0.10681017864801608,0.28
20,0,0.6135,0.08849600518929149,0.31666666666666665
20,1,0.6571666666666667,0.1865649569701356,0.45098039215686275
20,1,0.616,0.11806481230670059,0.2923076923076923
20,1,0.5863333333333334,0.05362940096937501,0.3142857142857143
20,1,0.6571666666666667,0.1865649569701356,0.45098039215686275
20,0,0.9106666666666667,0.5564631344433598,0.5294117647058824
20,1,0.8366666666666668,0.6785667213269763,0.3076923076923077
20,1,0.8802,0.6971203226010182,0.4117647058823529
20,1,0.8468857142857142,0.5564631344433598,0.2619047619047619
20,1,0.7546666666666667,0.504259238442086,0.5576923076923077
20,1,0.8522190476190477,0.5564631344433598,0.2926829268292683
20,1,0.9106666666666667,0.6779109888314168,0.48148148148148145
20,1,0.9146666666666667,0.6921348931922907,0.4727272727272727
20,1,0.9353333333333332,0.8786028030664562,0.3684210526315789
20,1,0.8965,0.7141068638222432,0.5084745762711864
20,1,0.9493333333333333,0.881110878181642,0.4642857142857143
20,1,0.922,0.8202595959344403,0.9148936170212766
20,1,0.896,0.8103331224828636,0.6346153846153846
20,1,0.868,0.6550190660156849,0.6981132075471698
20,1,0.7915,0.8775539786592951,0.48333333333333334
20,0,0.6701666666666667,0.5150762439355352,0.6545454545454545
20,1,0.942,0.7228204175046355,0.40384615384615385
20,1,0.5086666666666667,0.6513551787246893,0.23423423423423423
20,1,0.3846666666666666,0.6626770604046277,0.22727272727272727
20,1,0.7926666666666666,0.8759913826787625,0.6727272727272727
20,1,0.8081666666666666,0.8704292644721298,0.72
20,1,0.7339666666666665,0.8669221698150681,0.559322033898305
20,0,0.6743666666666667,0.3792776757085357,0.2878787878787879
20,0,0.376,0.10744389074329017,0.20652173913043478
20,1,0.7823333333333332,0.7513874345737674,0.3763440860215054
20,1,0.7234761904761904,0.6144727961860744,0.5507246376811594
20,1,0.8103333333333332,0.8318900479363804,0.336734693877551
20,1,0.7480714285714286,0.51620701772564,0.4583333333333333
20,1,0.7646666666666666,0.521078351282426,0.32456140350877194
20,1,0.7565047619047618,0.6469643386800655,0.3466666666666667
20,0,0.4785,0.2778779415315672,0.45
20,0,0.739,0.27479256054529644,0.40425531914893614
20,1,0.698,0.4972024085226698,0.5142857142857142
20,0,0.7553333333333334,0.756278781524078,0.3611111111111111
20,1,0.656,0.28249589519609497,0.45
20,0,0.6474,0.11925861698213135,0.3584905660377358
20,0,0.222,0.013685134167774827,0.6206896551724138
20,1,0.978,0.8505414562480802,0.4
20,0,0.188,4.6897348541864554e-05,0.3176470588235294
20,0,0.174,2.8106326002819732e-05,0.3333333333333333
20,1,0.818,0.6317901599639135,0.2682926829268293
20,1,0.812,0.6947793975443345,0.32142857142857145
20,1,0.858,0.8019238337928116,0.27906976744186046
20,0,0.8237666666666666,0.7434038257085042,0.453125
20,1,0.952,0.5172155992414165,0.7215189873417721
20,1,0.8786666666666667,0.4911330654065081,0.7176470588235294
20,1,0.946,0.8273457290881598,0.42
20,1,0.888,0.8447816460160037,0.375
20,1,0.808,0.7197492205423786,0.22807017543859648
20,1,0.6585,0.6568628226227079,0.3333333333333333
20,0,0.062,0.13894399949454406,0.5421686746987951
20,0,0.028,0.14789767212063412,0.5301204819277109
20,0,0.228,0.07840964794356496,0.6944444444444444
20,1,0.928,0.7011245788823287,0.5384615384615384
20,0,0.302,0.3891830684406746,0.7
20,1,0.6587999999999999,0.6830443799693683,0.2459016393442623
20,1,0.954,0.9028869493439642,0.5116279069767442
20,1,0.87,0.7382030667033753,0.358974358974359
20,0,0.3247214285714286,0.6258380559800701,0.603448275862069
20,0,0.5772,0.021146098137835363,0.4805194805194805
20,1,0.4854,0.40272933198869426,0.5
20,1,0.7916666666666667,0.2776668395328906,0.5
20,0,0.142,0.015196307335151654,0.6
20,1,0.91,0.43751390849298677,0.7564102564102564
20,1,0.7736666666666666,0.6200870148162292,0.3972602739726027
20,1,0.858,0.4261917814340435,0.6619718309859155
20,1,0.833,0.37523496591614314,0.5972222222222222
20,0,0.7651666666666667,0.4547359233209265,0.5714285714285714
20,0,0.9100666666666667,0.8675355335106452,0.3469387755102041
20,0,0.12866666666666665,0.2851229912082342,0.5111111111111111
20,0,0.026,0.018884814986264348,0.6268656716417911
20,0,0.012,0.21879206923304845,0.7090909090909091
20,0,0.048,0.4487604204988594,0.5384615384615384
20,0,0.008,0.4024622412994695,0.6981132075471698
20,0,0.028,0.1428028270671839,0.6724137931034483
20,0,0.11,0.07065128013909136,0.5757575757575758
20,0,0.022,0.3684824401815345,0.6724137931034483
20,0,0.032,0.015452487332092117,0.5316455696202531
20,0,0.026,0.25788531330384973,0.6666666666666666
20,0,0.05,0.4014514362241468,0.6190476190476191
20,0,0.008,0.4162468183208596,0.7115384615384616
20,0,0.04,0.1884490622194828,0.7777777777777778
20,0,0.21,0.002174399205135838,0.2518518518518518
20,0,0.072,0.21107174501687606,0.6875
20,1,0.734,0.629224209905643,0.40816326530612246
20,1,0.7331666666666667,0.49224616443333835,0.7941176470588235
20,1,0.862,0.4897600056296847,0.35135135135135137
20,1,0.897,0.6188313996383557,0.4857142857142857
20,1,0.79,0.4979999707809978,0.7419354838709677
20,1,0.8031666666666667,0.48400961112325236,0.5945945945945946
20,1,0.728,0.4879278631575586,0.34210526315789475
20,1,0.769,0.48400961112325236,0.475
20,1,0.8536666666666668,0.48400961112325236,0.38095238095238093
20,1,0.737,0.48024941358914436,0.28888888888888886
20,1,0.925,0.4689956045425816,0.4482758620689655
20,1,0.59,0.4815256011784124,0.5151515151515151
20,1,0.6626666666666667,0.2741076149674564,0.36363636363636365
20,1,0.881,0.49224616443333835,0.3181818181818182
20,1,0.7883571428571429,0.18271878884846385,0.3333333333333333
20,1,0.372,0.4897600056296847,0.7333333333333333
20,1,0.816,0.47578173595274936,0.5135135135135135
20,1,0.905,0.4739533122744638,0.34210526315789475
20,1,0.7781999999999999,0.8843071568047933,0.391304347826087
20,1,0.625,0.806136335026053,0.3617021276595745
20,1,0.7781999999999999,0.8843071568047933,0.391304347826087
20,1,0.966,0.8822554522987194,0.6341463414634146
20,1,0.894,0.7172893384722249,0.6309523809523809
20,1,0.902,0.563930111474036,0.6962025316455697
20,0,0.6475,0.7365440817513691,0.6440677966101694
20,1,0.736,0.8382647566002657,0.2413793103448276
20,1,0.6204714285714286,0.1435441033798949,0.4426229508196721
20,1,0.7493333333333333,0.6489496126359692,0.43478260869565216
20,1,0.848,0.9212300671446341,0.27848101265822783
20,1,0.944,0.7907671913815458,0.6896551724137931
20,1,0.932,0.8519691319584848,0.5945945945945946
20,1,0.966,0.9136388500667886,0.6111111111111112
20,0,0.6853333333333333,0.0015007350942386525,0.1956521739130435
20,1,0.806,0.5336084217184343,0.45588235294117646
20,1,0.9026666666666666,0.8076630330585368,0.6481481481481481
20,1,0.9026666666666666,0.8076630330585368,0.6481481481481481
20,1,0.962,0.9064978634657412,0.4915254237288136
20,1,0.928,0.814241488490176,0.6666666666666666
20,1,0.828,0.6955356147444166,0.4745762711864407
20,1,0.964,0.8885344689693102,0.46774193548387094
